KEY,"ChineseTraditional"
Sub1_Crow_1_1_1,"一切就是從那時候開始的..."
Sub1_Crow_1_1_2,"當我一如往常地進行熟悉的任務時。"
Sub1_Crow_1_2_1,"喂，老頭～"
Sub1_Crow_1_2_2,"制服呢？"
Sub1_Crow_1_2_3,"我穿這件更舒服。"
Sub1_Crow_1_2_4,"嗯，應該沒關係。"
Sub1_Crow_1_2_5,"你應該已經知道任務內容了吧？"
Sub1_Crow_1_2_6,"不是跟平常一樣嗎？如果是目標就殺掉他，如果是物品就把它搶過來，對吧？"
Sub1_Crow_1_2_7,"..."
Sub1_Crow_1_2_8,"唉～你還真是沒有人情味。"
Sub1_Crow_1_2_9,"你應該也很清楚吧？10分鐘後就要開始執行任務。"
Sub1_Crow_1_2_10,"你最好利用這段時間熟悉一下任務內容。"
Sub1_Crow_1_2_11,"真是嚴肅~只要和平常一樣咻～碰！沙～碰！乾脆俐落完成任務就行了..."
Sub1_Crow_1_2_12,"..."
Sub1_Crow_1_2_13,"23點10分收到任務。"
Sub1_Crow_1_2_14,"收購者獵犬部隊1號組長米特拉少尉。"
Sub1_Crow_1_2_15,"23點整任務開始，預計24點整抵達目標位置後從據點3回收目標物品，\n並在1點10分順利移交運輸部隊。"
Sub1_Crow_1_2_16,"任務失敗時，於00點40分返回據點1，等候另外指示。"
Sub1_Crow_1_2_17,"全都記清楚了。"
Sub1_Crow_1_2_18,"走吧。"
Sub1_Crow_1_3_1,"看吧，每次我們都這樣賭上性命幫他們完成他們無法完成的任務"
Sub1_Crow_1_3_2,"而且還這麼隱密地進行，但他們卻不知感恩！"
Sub1_Crow_1_3_3,"我也不想這麼說，但是什麼骯髒事不都是我們在做嗎？"
Sub1_Crow_1_3_4,"..."
Sub1_Crow_1_3_5,"雖然我只要負責掃射就夠了..."
Sub1_Crow_1_3_6,"咦？這麼一說好像也沒什麼耶？"
Sub1_Crow_1_3_7,"...跟賈克司講話...的確會把注意力轉移到戰爭以外的事情。"
Sub1_Crow_1_3_8,"對啊，我怎麼會對這種事不滿呢？還真稀奇。"
Sub1_Crow_1_3_9,"那個人真的很奇妙，每次都說個不停，而且都不會累耶？！"
Sub1_Crow_1_3_10,"他說這麼做是為了在戰後得到創傷後壓力症候群的診斷書。"
Sub1_Crow_1_3_11,"潘希洛奈沒有說過那種話。"
Sub1_Crow_1_3_12,"那是因為他老是逃跑！賈克司大概也半放棄了吧。"
Sub1_Crow_1_3_13,"對了！既然談到了這件事，不要一直把我和那該死的小鬼扯在一起。"
Sub1_Crow_1_3_14,"上次那該死的傢伙竟然完全失控，不分敵我看見人就想殺，造成了很大的損失。"
Sub1_Crow_1_3_15,"你這傢伙應該不會在意隊友的狀況吧。"
Sub1_Crow_1_3_16,"什麼，是啦是沒錯，但是...問題是那些隊友裡也包括我啊！"
Sub1_Crow_1_3_17,"嗯..."
Sub1_Crow_1_3_18,"那你和基裴拉..."
Sub1_Crow_1_3_19,"噢噢，我還是和潘希洛奈一起行動好了。"
Sub1_Crow_1_3_20,"不然就這樣和老頭一起行動也無妨。"
Sub1_Crow_1_3_21,"太奇怪了..."
Sub1_Crow_1_3_22,"雖然不像是一般軍隊能來的地方，但似乎也不需要我們啊。"
Sub1_Crow_1_3_23,"很不賴吧？都是槍手耶...啊，對了！"
Sub1_Crow_1_3_24,"..."
Sub1_Crow_1_3_25,"你有在聽嗎？喂，老頭？？"
Sub1_Crow_1_3_26,"來了。"
Sub1_Crow_1_3_27,"真是個難搞的人。"
Sub1_Crow_1_4_1,"辨識目標..."
Sub1_Crow_1_4_2,"辨識完成。"
Sub1_Crow_1_4_3,"剛才那個墜飾是不是有發光呢？"
Sub1_Crow_1_4_4,"咦？這是什麼？是藥水嗎？"
Sub1_Crow_1_4_5,"看來是血..."
Sub1_Crow_1_4_6,"血？為何這裡會有血呢？不管怎麼看都像是有人刻意保管的。"
Sub1_Crow_1_4_7,"嗯？不會吧？剛才那個血移動了..."
Sub1_Crow_1_4_8,"..."
Sub1_Crow_1_4_9,"嗚，心情真差..."
Sub1_Crow_1_4_10,"鎖定目標！移動後與運輸隊聯繫。"
Sub1_Crow_1_4_11,"赤色公主大概不會樂見發生這種事..."
Sub1_Crow_1_4_12,"為什麼..."
Sub1_Crow_1_4_13,"企圖要喚醒..."
Sub1_Crow_1_4_14,"？？"
Sub1_Crow_1_4_15,"喂～～你有聽見嗎？"
Sub1_Crow_1_4_16,"沒什麼。"
Sub1_Crow_1_4_17,"..."
Sub1_Crow_2_1_1,"月圓。"
Sub1_Crow_2_1_2,"在一如往常地執行完任務後..."
Sub1_Crow_2_1_3,"返回的那一天..."
Sub1_Crow_2_1_4,"世界消失不見了。"
Sub1_Crow_2_1_5,"已經太遲了！"
Sub1_Crow_2_1_6,"那個人是誰？！"
Sub1_Crow_2_1_7,"喂！那邊很危險！"
Sub1_Crow_2_1_8,"喂...待在這邊的話..."
Sub1_Crow_2_1_9,"把那個人帶走..."
Sub1_Crow_2_1_10,"抓住他！別讓他進去！"
Sub1_Crow_2_1_11,"活得不耐煩了嗎？！"
Sub1_Crow_2_1_12,"你在做什麼？已經都燒光了！"
Sub1_Crow_2_1_13,"裡面...裡面..."
Sub1_Crow_2_1_14,"光憑人類的力量根本無法撲滅熊熊大火，"
Sub1_Crow_2_1_15,"只能眼睜睜看著卻束手無策"
Sub1_Crow_2_1_16,"紅色且巨大的火舌..."
Sub1_Crow_2_1_17,"吞噬了我的一切..."
Sub1_Crow_2_1_18,"...我只能呆呆看著這一切發生。"
Sub1_Crow_2_1_19,"站在那個地方..."
Sub1_Crow_2_1_20,"整個人就像被釘住一樣無法動彈。"
Sub1_Crow_2_1_21,"當火苗全都燃燒殆盡之時"
Sub1_Crow_2_1_22,"我也跟其他人一樣倒下了。"
Sub1_Crow_2_1_23,"在門被燒毀後，我試著移動腳步要離開這裡，"
Sub1_Crow_2_1_24,"火焰將一切燃燒殆盡，什麼都不剩了。"
Sub1_Crow_2_1_25,"什麼都..."
Sub1_Crow_2_1_26,"不剩了。"
Sub1_Crow_2_1_27,"真的..."
Sub1_Crow_2_1_28,"全部都沒了。"
Sub1_Crow_2_1_29,"天啊！聽說孩子跟母親都被困在屋子裡..."
Sub1_Crow_2_1_30,"天啊，怎麼辦？真是太可憐了..."
Sub1_Crow_2_1_31,"那個人是她的丈夫嗎？"
Sub1_Crow_2_1_32,"怎麼一次都沒見過呢...？"
Sub1_Crow_2_1_33,"好像是因為他是軍人，所以整天都待在外面。"
Sub1_Crow_2_1_34,"嘖嘖！所以說平常要多關注家裡啊.."
Sub1_Crow_2_1_35,"就連現在也..."
Sub1_Crow_2_1_36,"聽說他為了要找出犯人，正在到處跟士兵交談呢。"
Sub1_Crow_2_1_37,"他還有那種心思嗎？"
Sub1_Crow_2_1_38,"掌握那個時間點所有人的動向.."
Sub1_Crow_2_1_39,"這個火勢根本就無法用水撲滅。"
Sub1_Crow_2_1_40,"整件事太可疑了。"
Sub1_Crow_2_1_41,"那個味道也不會輕易散去。"
Sub1_Crow_2_1_42,"只是刻意偽裝成縱火事件而已。"
Sub1_Crow_2_1_43,"找出購買衣服的人"
Sub1_Crow_2_1_44,"可以獲得特殊防火材質的途徑，"
Sub1_Crow_2_1_45,"還有派出軍犬，找出散發火藥味的人。"
Sub1_Crow_2_1_46,"現在...應該不是我聽錯吧？"
Sub1_Crow_2_1_47,"他的妻子和女兒不是都死了嗎？"
Sub1_Crow_2_1_48,"天啊，怎麼會有人如此無情呢..."
Sub1_Crow_2_1_49,"真正需要他的時候卻不在..."
Sub1_Crow_2_1_50,"這到底算什麼呢？"
Sub1_Crow_2_1_51,"真是令人心寒..."
Sub1_Crow_2_1_52,"你們根本不知道那個男人現在有多麼難過與悲慘..."
Sub1_Crow_2_1_53,"還一直在那邊嚼舌根..."
Sub1_Crow_2_1_54,"唉唷...說什麼呢..."
Sub1_Crow_2_1_55,"我們也只是說說罷了。"
Sub1_Crow_2_1_56,"真是大驚小怪！"
Sub1_Crow_2_1_57,"你來了啊..."
Sub1_Crow_2_1_58,"就算要找也已經太遲了。"
Sub1_Crow_2_1_59,"我知道..."
Sub1_Crow_2_1_60,"我了解你的心情..."
Sub1_Crow_2_1_61,"就先送他們兩個人走吧..."
Sub1_Crow_2_1_62,"..."
Sub1_Crow_2_1_63,"還有這個在送走他們之後..."
Sub1_Crow_2_1_64,"..."
Sub1_Crow_2_1_65,"克洛‧姆列司特，振作一點！"
Sub1_Crow_2_1_66,"啊啊..."
Sub1_Crow_2_1_67,"那麼..."
Sub1_Crow_2_1_68,"一直以來..."
Sub1_Crow_2_1_69,"總是待在我身旁的人..."
Sub1_Crow_2_1_70,"和那個人一起完成的所有事情..."
Sub1_Crow_2_1_71,"全都消失了..."
Sub1_Crow_2_1_72,"就算環視四周..."
Sub1_Crow_2_1_73,"就算癡癡望著天空..."
Sub1_Crow_2_1_74,"就算閉上雙眼..."
Sub1_Crow_2_1_75,"卻什麼都沒有留下。"
Sub1_Crow_2_1_76,"一直看著墜飾..."
Sub1_Crow_2_1_77,"不自覺吐露"
Sub1_Crow_2_1_78,"這段時間所遇過的大小事情。"
Sub1_Crow_2_1_79,"一件件慢慢地..."
Sub1_Crow_2_1_80,"就好像"
Sub1_Crow_2_1_81,"那兩個人正在聽我說話一樣。"
Sub1_Crow_2_1_82,"一直看..."
Sub1_Crow_2_1_83,"就這樣一直看..."
Sub1_Crow_2_1_84,"對著不會回答的照片"
Sub1_Crow_2_1_85,"一直說話。"
Sub1_Crow_2_1_86,"什麼都沒有。"
Sub1_Crow_2_1_87,"不管是人..."
Sub1_Crow_2_1_88,"還是愛情、"
Sub1_Crow_2_1_89,"夢想、以及生活的目標..."
Sub1_Crow_2_1_90,"儘管如此妳還是接近了我..."
Sub1_Crow_2_1_91,"我當時為什麼對妳那麼冷淡呢..."
Sub1_Crow_2_1_92,"當時若是沒有遇見妳..."
Sub1_Crow_2_1_93,"如果我沒有改變的話..."
Sub1_Crow_2_1_94,"我們現在會不會有不一樣的結局.."
Sub1_Crow_2_1_95,"我珍惜的兩個人..."
Sub1_Crow_2_1_96,"會不會就能毫無痛苦地"
Sub1_Crow_2_1_97,"過著幸福的..."
Sub1_Crow_2_1_98,"生活呢..."
Sub1_Crow_2_1_99,"羅潔..."
Sub1_Crow_2_1_100,"謝謝妳..."
Sub1_Crow_2_1_101,"願意和我結婚..."
Sub1_Crow_2_1_102,"真的很感謝妳成為我們女兒的母親。"
Sub1_Crow_2_1_103,"妳對我來說是多麼的..."
Sub1_Crow_2_1_104,"我心愛的女兒羅雅..."
Sub1_Crow_2_1_105,"爸爸...真的很抱歉..."
Sub1_Crow_2_1_106,"女兒...一定很痛吧..."
Sub1_Crow_2_1_107,"抱歉..."
Sub1_Crow_2_1_108,"爸爸很對不起你們..."
Sub1_Crow_2_1_109,"爸爸..."
Sub1_Crow_2_1_110,"真的很愛妳..."
Sub1_Crow_2_1_111,"真的很愛很愛...妳..."
Sub1_Crow_2_1_112,"比這個世界上的任何人都還要愛妳..."
Sub1_Crow_2_1_113,"我..."
Sub1_Crow_2_1_114,"如果你們就這樣離開..."
Sub1_Crow_2_1_115,"就這樣離開的話..."
Sub1_Crow_2_1_116,"..."
Sub1_Crow_2_1_117,"我..."
Sub1_Crow_2_1_118,"該怎麼辦呢..."
Sub1_Crow_2_1_119,"羅潔...我..."
Sub1_Crow_2_1_120,"為什麼..."
Sub1_Crow_2_1_121,"為什麼妳不在這裡呢..."
Sub1_Crow_2_1_122,"為什麼..."
Sub1_Crow_2_1_123,"我說不出話了。"
Sub1_Crow_2_1_124,"胸口頓時浮現一股鬱悶感..."
Sub1_Crow_2_1_125,"因為太令人心痛且不知所措..."
Sub1_Crow_2_1_126,"無法呼吸..."
Sub1_Crow_2_1_127,"就這樣蜷縮在地上。"
Sub1_Crow_2_1_128,"直到那天夜晚結束為止..."
Sub1_Crow_2_1_129,"只是...只是...不斷地落淚而已。"
Sub1_Crow_3_1_1,"今天也緊跟在後。"
Sub1_Crow_3_1_2,"已經一個星期了。"
Sub1_Crow_3_1_3,"從葬禮結束後開始的監視的目光"
Sub1_Crow_3_1_4,"直到現在都從未消失。"
Sub1_Crow_3_1_5,"獵犬部隊很快就解散了，"
Sub1_Crow_3_1_6,"由於心理上的不安而無法執行任務，"
Sub1_Crow_3_1_7,"上頭只說了這個原因，"
Sub1_Crow_3_1_8,"據說他們都分散在各個地區。"
Sub1_Crow_3_1_9,"這個名為帝國的國家..."
Sub1_Crow_3_1_10,"很明顯企圖想要隔離我和某個東西。"
Sub1_Crow_3_1_11,"我不清楚那是什麼..."
Sub1_Crow_3_1_12,"但我很清楚自己該如何行動。"
Sub1_Crow_3_1_13,"先離開這個地方，然後前往奧勒貝爾。"
Sub1_Crow_3_1_14,"找個適當的時機碰面吧，"
Sub1_Crow_3_1_15,"現在眼線太多了。"
Sub1_Crow_3_1_16,"巴蘭賽送來的紙條，"
Sub1_Crow_3_1_17,"讀完後必須立刻燒毀。"
Sub1_Crow_3_1_18,"這並非單純的縱火，而是有計畫性的犯案，"
Sub1_Crow_3_1_19,"這背後一定有龐大的勢力在操控，不能相信軍隊。"
Sub1_Crow_3_1_20,"你回收的物品"
Sub1_Crow_3_1_21,"是開啟邪惡之夜計畫的關鍵。"
Sub1_Crow_3_1_22,"羅潔在3年前"
Sub1_Crow_3_1_23,"由於反對那項計畫而從馬寇列弗萊姆離職的事，"
Sub1_Crow_3_1_24,"看來和這次的事件有關係。"
Sub1_Crow_3_1_25,"金磚的主人為了協商，正往奧勒貝爾移動當中。"
Sub1_Crow_3_1_26,"目前正在聯繫你的幫手當中，"
Sub1_Crow_3_1_27,"最後..."
Sub1_Crow_3_1_28,"她為了你而委託的物品已經進入最後的調整階段了。"
Sub1_Crow_3_1_29,"到底那個男人是誰？為何要叫我們緊盯著他呢？"
Sub1_Crow_3_1_30,"看來看去好像也沒什麼特別的。"
Sub1_Crow_3_1_31,"我只知道他是一名海軍軍官，除此之外一無所知。"
Sub1_Crow_3_1_32,"算了，我們只是遵照高層的命令行事罷了。"
Sub1_Crow_3_1_33,"畢竟這裡是邊境地區，會不會是擔心他前往奧勒貝利亞做些什麼事情呢？！"
Sub1_Crow_3_1_34,"不過為何要來這裡呢？這裡不是邊境地區嗎？"
Sub1_Crow_3_1_35,"確實很可疑...難道是要開始流亡生涯嗎？"
Sub1_Crow_3_1_36,"這樣做有什麼好處嗎？"
Sub1_Crow_3_1_37,"怎麼了？"
Sub1_Crow_3_1_38,"跑去哪了...？"
Sub1_Crow_3_1_39,"什麼？喔？喔喔？！"
Sub1_Crow_3_1_40,"快點去找！"
Sub1_Crow_3_1_41,"糟糕，你們看起來似乎很困擾耶？！"
Sub1_Crow_3_1_42,"你是誰...嗚！"
Sub1_Crow_3_1_43,"這人還真讓人傷腦筋，可不能讓他這樣到處跑跳。"
Sub1_Crow_3_1_44,"不過的確很難找到能神不知鬼不覺地除去目標的高手。"
Sub1_Crow_3_1_45,"太好了，就把那個帶過來測試一下吧。"
Sub1_Crow_3_1_46,"我知道了。"
Sub1_Crow_3_2_1,"只要脫離這裡就是邊境地區..."
Sub1_Crow_3_2_2,"但是...太奇怪了。"
Sub1_Crow_3_2_3,"明明是邊境地區，但卻看不見任何一名士兵。"
Sub1_Crow_3_2_4,"嗚嗯嗯。"
Sub1_Crow_3_2_5,"！？"
Sub1_Crow_3_3_1,"嗚啊啊！"
Sub1_Crow_3_3_2,"..."
Sub1_Crow_3_4_1,"嗚、嗚嗯嗯！！"
Sub1_Crow_3_4_2,"！！"
Sub1_Crow_3_4_3,"嗚啊啊啊啊！！"
Sub1_Crow_3_4_4,"！?"
Sub1_Crow_3_5_1,"...0號？"
Sub1_Crow_3_5_2,"先處理掉會比較好吧。"
Sub1_Crow_3_5_3,"是槍聲！"
Sub1_Crow_3_5_4,"從那邊傳來的！"
Sub1_Crow_3_5_5,"..."
Sub1_Crow_3_5_6,"是誰！？"
Sub1_Crow_3_5_7,"把他抓起來！"
Sub1_Crow_3_5_8,"失敗了。"
Sub1_Crow_3_5_9,"真是抱歉。"
Sub1_Crow_3_5_10,"不，是他太優秀了，這也是沒辦法的事。"
Sub1_Crow_3_5_11,"但他好像還沒認知到這件事..."
Sub1_Crow_3_5_12,"身體能力卻遠遠超乎我們的預期。"
Sub1_Crow_3_5_13,"是嗎？剛才心臟好像被刺穿的樣子？"
Sub1_Crow_3_5_14,"只要現在帶去研究室，應該能順利再生。"
Sub1_Crow_3_5_15,"他的再生能力同樣超乎我們的預期..."
Sub1_Crow_3_5_16,"再生後要做什麼呢？"
Sub1_Crow_3_5_17,"但是，好像有點無法控制的樣子.."
Sub1_Crow_3_5_18,"對不起，因為我擔心過度操作...會導致實驗體失控與崩潰。"
Sub1_Crow_3_5_19,"嘖，崩潰只要丟掉再帶新的來就行了呀。"
Sub1_Crow_3_5_20,"反正這就是他們存在的目的。"
Sub1_Crow_3_5_21,"總之這樣就能確定血的效果，只要將血供應給那個吸血鬼就行了。"
Sub1_Crow_3_5_22,"問題出在幫助結合的魔力的量嗎..."
Sub1_Crow_3_5_23,"關於這一點，已經找到適當的容器了。"
Sub1_Crow_3_5_24,"上次提過的奧勒貝利亞宰相厄爾・莫里..."
Sub1_Crow_3_5_25,"噓，到此為止。"
Sub1_Crow_3_5_26,"在帝國隨便提起那個名字會讓人相當困擾的。"
Sub1_Crow_3_5_27,"我太粗心大意了。"
Sub1_Crow_3_5_28,"關於這件事我會親自聽他說。"
Sub1_Crow_3_5_29,"我知道了。"
Sub1_Crow_3_5_30,"還有這些士兵，既然已經都看到了..."
Sub1_Crow_3_5_31,"是，我會負責處理，絕對不會有任何閃失。"
Sub1_Crow_3_5_32,"你、你們..."
Sub1_Crow_3_5_33,"嗯啊！！"
Sub1_Crow_3_5_34,"救、救命！"
Sub1_Crow_4_1_1,"我還在想是誰三更半夜叫我，看來我來對了。"
Sub1_Crow_4_1_2,"..."
Sub1_Crow_4_1_3,"... 妳是金磚的主人嗎？"
Sub1_Crow_4_1_4,"我叫卡珊卓。"
Sub1_Crow_4_1_5,"我..."
Sub1_Crow_4_1_6,"我知道你是誰，連海軍都只有少數人才知道的特殊部隊獵犬的隊長。"
Sub1_Crow_4_1_7,"克洛少校，通稱..."
Sub1_Crow_4_1_8,"部隊已經解散了。"
Sub1_Crow_4_1_9,"哦，這個部分我倒是不清楚？謝謝你提供這麼好的情報～"
Sub1_Crow_4_1_10,"好，那現在就來聽聽你三更半夜找一名柔弱女子出來的理由吧？"
Sub1_Crow_4_1_11,"不過還真是令人驚訝。"
Sub1_Crow_4_1_12,"那個有名的馬寇列弗萊姆，裡面其中一名研究所長－巴蘭賽，\n關於他的傳聞竟然早一步先傳來了。"
Sub1_Crow_4_1_13,"他們不太喜歡我們，畢竟我們是會交易新型武器的人。"
Sub1_Crow_4_1_14,"漏掉了違法、暗中、掠奪這幾個單字了。"
Sub1_Crow_4_1_15,"啊啊！對了～還有違法供應！"
Sub1_Crow_4_1_16,"大概是因為這樣才被討厭吧，無論使用何種方法都無法輕易取得\n馬寇列弗萊姆製作的新型武器的相關資訊。"
Sub1_Crow_4_1_17,"巴蘭賽研究所長竟然會以這次的見面當作條件，答應提供情報。"
Sub1_Crow_4_1_18,"看來你們的關係匪淺？"
Sub1_Crow_4_1_19,"她說了什麼呢？"
Sub1_Crow_4_1_20,"就是關於你從帝國東北方帶來的血的事情。"
Sub1_Crow_4_1_21,"..."
Sub1_Crow_4_1_22,"我們都知道那個東西的存在。"
Sub1_Crow_4_1_23,"吸血鬼的血。"
Sub1_Crow_4_1_24,"吸血鬼的...血？"
Sub1_Crow_4_1_25,"妳是指我從小聽到大的那個吸血鬼嗎？"
Sub1_Crow_4_1_26,"呵呵，並不是以前說給小朋友聽的怪談中的人物。"
Sub1_Crow_4_1_27,"他們是真實存在在這個世界的，現在也隱瞞身分過著生活。"
Sub1_Crow_4_1_28,"人類幾乎感覺不到他們的存在。"
Sub1_Crow_4_1_29,"如果我們沒有親眼見到他們的血，大概也不會相信他們的存在。"
Sub1_Crow_4_1_30,"你拿走的是最稀有且前所未見的高貴吸血鬼的血。"
Sub1_Crow_4_1_31,"本來因為使用古文明的技術封印，以為沒有人能回收，沒想到你卻能直接拿走。"
Sub1_Crow_4_1_32,"..."
Sub1_Crow_4_1_33,"那個血的用途是什麼呢？！"
Sub1_Crow_4_1_34,"用途相當廣泛吧...？"
Sub1_Crow_4_1_35,"是從哪獲得供給的呢？提供的組織在哪裡呢？"
Sub1_Crow_4_1_36,"組織...嗯..."
Sub1_Crow_4_1_37,"名字是？"
Sub1_Crow_4_1_38,"我知道你很急，但希望你能一個個問。"
Sub1_Crow_4_1_39,"我太心急了。"
Sub1_Crow_4_1_40,"我話先說在前面，我不收吸血鬼的血。"
Sub1_Crow_4_1_41,"我對那種事並不好奇。"
Sub1_Crow_4_1_42,"真是無趣的大叔。"
Sub1_Crow_4_1_43,"...？"
Sub1_Crow_4_1_44,"妳應該也沒有年輕到可以稱我為大叔吧..."
Sub1_Crow_4_1_45,"哈哈，對女士說那種話太失禮了吧。"
Sub1_Crow_4_1_46,"！?"
Sub1_Crow_4_1_47,"完全沒察覺到有人接近..."
Sub1_Crow_4_1_48,"這也是很正常的，畢竟我為了避開女士妳佈下的銳利的蜘蛛網，可是很小心地靠近呢..."
Sub1_Crow_4_1_49,"啊...是..."
Sub1_Crow_4_1_50,"另外，容我先說一句，女士妳的護衛全都睡著了。"
Sub1_Crow_4_1_51,"7個都？"
Sub1_Crow_4_1_52,"你的觀察力果然很敏銳呢，對，7個人全都睡著了。"
Sub1_Crow_4_1_53,"你們兩人都很有趣呢。"
Sub1_Crow_4_1_54,"一個很愛開玩笑但又帶有木訥的魅力，另一個人有點幼稚。"
Sub1_Crow_4_1_55,"所以才會顯得我更加耀眼啊，往後我會展現出更強大的魅力的。"
Sub1_Crow_4_1_56,"你還真是自戀呢。"
Sub1_Crow_4_1_57,"看來妳認識我..."
Sub1_Crow_4_1_58,"如果說不認識守護皇帝陛下的護衛隊，而且又是副騎士團長弗魯斯才奇怪吧。"
Sub1_Crow_4_1_59,"呵呵，就算故意不穿制服，也無法隱藏我的存在感嗎..."
Sub1_Crow_4_1_60,"（他在說什麼呢...）"
Sub1_Crow_4_1_61,"嗯？我的臉上有沾到東西嗎？"
Sub1_Crow_4_1_62,"不。"
Sub1_Crow_4_1_63,"所以..."
Sub1_Crow_4_1_64,"沒錯，不只是卡珊卓而已，大多數的武器商人都害怕收吸血鬼的血。"
Sub1_Crow_4_1_65,"..."
Sub1_Crow_4_1_66,"？？"
Sub1_Crow_4_1_67,"...沒什麼。"
Sub1_Crow_4_1_68,"沒錯，就如同副騎士團長說的一樣，我們並不會收那種東西。"
Sub1_Crow_4_1_69,"這跟人倫什麼的沒有關係，純粹是購買的人太少了，"
Sub1_Crow_4_1_70,"雖然價格昂貴，但以取得物品及轉賣的層面來講危險性實在太高了，對商人來說並不划算。"
Sub1_Crow_4_1_71,"就算是珍貴的物品，每次賭上性命交易的負擔太沉重了。"
Sub1_Crow_4_1_72,"而且稍有不慎很可能會變成他們的目標。"
Sub1_Crow_4_1_73,"他們？"
Sub1_Crow_4_1_74,"就是狩獵吸血鬼的那些人。"
Sub1_Crow_4_1_75,"這件事下次再談吧。"
Sub1_Crow_4_1_76,"儘管如此還是有使用吸血鬼的血進行實驗的案例。"
Sub1_Crow_4_1_77,"雖然我們也不清楚那項實驗是在哪進行，但一定會有這方面的需求。"
Sub1_Crow_4_1_78,"實驗的結果也已經慢慢浮現檯面了。"
Sub1_Crow_4_1_79,"妳說的那項實驗..."
Sub1_Crow_4_1_80,"沒錯，是邪惡之夜計畫。"
Sub1_Crow_4_1_81,"邪惡之夜計畫的產物是終極狂戰士！"
Sub1_Crow_4_1_82,"而且是創造一種可以操控的狂戰士。"
Sub1_Crow_4_1_83,"那就不算是狂戰士了吧..."
Sub1_Crow_4_1_84,"所以才更有魅力啊。"
Sub1_Crow_4_1_85,"撇去既複雜又得花很多心力不說，要製作這種士兵大致上需要符合三種條件。"
Sub1_Crow_4_1_86,"第一，人類，而且是擁有卓越體魄的人類，還必須是剛死不久，還保有餘溫的屍體。"
Sub1_Crow_4_1_87,"第二，可讓那個軀體擁有強大異質力量的媒介，也就是吸血鬼的血。"
Sub1_Crow_4_1_88,"最後就是將這兩項條件融合後賦予生命的強大魔力。"
Sub1_Crow_4_1_89,"馬寇列弗萊姆的第四個研究部門已經在2年前完成這項複雜的工程了。"
Sub1_Crow_4_1_90,"第四個研究部門...難道是..."
Sub1_Crow_4_1_91,"沒錯，那邊是你的妻子羅潔‧克莉絲蒂娜研究首長待過的地方。"
Sub1_Crow_4_1_92,"羅潔‧克莉絲蒂娜在未知的生命領域依然算是帝國舉足輕重的人物。"
Sub1_Crow_4_1_93,"但因為理想太崇高且缺乏現實感，該說是非常講究道德嗎？"
Sub1_Crow_4_1_94,"那個人打從一開始就以道義上的角度阻止我和巴蘭賽研究所長談論傭金的事情..."
Sub1_Crow_4_1_95,"以我們的立場並不歡迎那樣的人物。"
Sub1_Crow_4_1_96,"她離開研究所已經好一段時間了..."
Sub1_Crow_4_1_97,"看來女士妳並不知道這件事。"
Sub1_Crow_4_1_98,"？？"
Sub1_Crow_4_1_99,"..."
Sub1_Crow_4_1_100,"夫人的事情令人深感遺憾，我在此表示弔慰。"
Sub1_Crow_4_1_101,"啊...所以..."
Sub1_Crow_4_1_102,"抱歉..."
Sub1_Crow_4_1_103,"沒關係。"
Sub1_Crow_4_1_104,"..."
Sub1_Crow_4_1_105,"她真的是帝國一位相當可惜的人才..."
Sub1_Crow_4_1_106,"我同樣也在調查邪惡之夜計畫，雖然目標和你有點不太一樣。"
Sub1_Crow_4_1_107,"首先，邪惡之夜計畫在2年前已經全部廢除了。"
Sub1_Crow_4_1_108,"雖然糾結多項利害關係企圖強制推動..."
Sub1_Crow_4_1_109,"但身為這項計畫的研究負責人，也就是你妻子反對這項任務而不願合作。"
Sub1_Crow_4_1_110,"最有能力的研究首長反對、以及鉅額的預算。"
Sub1_Crow_4_1_111,"就算有錢也難以購買的材料與持續不斷的失誤。"
Sub1_Crow_4_1_112,"但最重要的是，這種反人倫的行為，內部一直有贊成與反對的聲音。"
Sub1_Crow_4_1_113,"羅潔研究所長她想要的生命領域並非邪惡之夜計畫這樣的東西。"
Sub1_Crow_4_1_114,"目的是治癒因為戰爭或意外而面臨性命危機，\n或是戰爭導致身體殘缺且好不容易存活下來的人。"
Sub1_Crow_4_1_115,"她掌握了最重要的框架，是一個比任何人都更具熱忱的所長。"
Sub1_Crow_4_1_116,"得知計畫的方向後，最先反對計畫且離開的就是她。"
Sub1_Crow_4_1_117,"最後內部判斷不用再繼續執行這種沒有實際效益的計畫，"
Sub1_Crow_4_1_118,"於是這項計畫在2年前便完全中止了，"
Sub1_Crow_4_1_119,"但後來不到1年的時間，研究又再次開始了。"
Sub1_Crow_4_1_120,"不、不只是研究而已，還暗中在進行實驗。"
Sub1_Crow_4_1_121,"那並非正常的研究機關。"
Sub1_Crow_4_1_122,"顧名思義，就是在黑暗中進行的研究..."
Sub1_Crow_4_1_123,"只要想成是貴族們為了自身利益而支援，\n最後把成果占為己有的黑市就可以了。"
Sub1_Crow_4_1_124,"這本來不應該是皇帝陛下需要介入的事情。"
Sub1_Crow_4_1_125,"但是如果這項計畫創造出來的狂戰士落入了反抗軍或是敵對國家的手中，\n可能就會造成很大的問題。"
Sub1_Crow_4_1_126,"而且我們最該小心的是..."
Sub1_Crow_4_1_127,"支援這項實驗的人的身分。"
Sub1_Crow_4_1_128,"也就是皇帝陛下的親戚－萊茵哈特‧德伊‧特列昂公爵。"
Sub1_Crow_4_1_129,"更令人遺憾的是，那個萊茵哈特背後有更龐大的組織在與他聯手。"
Sub1_Crow_4_1_130,"那個叫潘朵拉的組織。"
Sub1_Crow_4_1_131,"潘朵拉..."
Sub1_Crow_4_1_132,"但很可惜的是，我們目前還無法得知他們的目的及為什麼要做這樣的事。"
Sub1_Crow_4_1_133,"組織的名字也是我們好不容易才調查出來的"
Sub1_Crow_4_1_134,"所以才更該小心。"
Sub1_Crow_4_1_135,"只要出現了我們不知道的縫隙，就代表很可能會危及到陛下的安危。"
Sub1_Crow_4_1_136,"這一切都和潘朵拉有關係嗎？"
Sub1_Crow_4_1_137,"目前我們是這樣猜測。"
Sub1_Crow_4_1_138,"有情報指出近期在萊茵哈特的領地發現了可疑的建築物。"
Sub1_Crow_4_1_139,"抱歉，打斷兩位交談了。"
Sub1_Crow_4_1_140,"多虧兩位的關係，我好像也被捲入這件事了？"
Sub1_Crow_4_1_141,"畢竟身為皇帝親信，他們應該不會對我動手吧。"
Sub1_Crow_4_1_142,"那是因為我們囉？"
Sub1_Crow_4_1_143,"為什麼呢？"
Sub1_Crow_4_1_144,"一個拒絕在市面上流通吸血鬼的血的商人，而且還是帝國內勢力最龐大的一環，"
Sub1_Crow_4_1_145,"為了粉碎不曾崩潰的單一體制...？這樣講夠清楚了嗎？"
Sub1_Crow_4_1_146,"呵呵，還真是個錯誤的連結。"
Sub1_Crow_4_1_147,"而且...你們兩個大概有我不知道的某個共通點吧。"
Sub1_Crow_4_1_148,"像是受到某個第三人的委託之類的..."
Sub1_Crow_4_1_149,"..."
Sub1_Crow_4_1_150,"..."
Sub1_Crow_4_1_151,"儘管放心吧，反正他們大概也無法接近你。"
Sub1_Crow_4_1_152,"你只要踩過我的劍創造出來的花瓣就行了。"
Sub1_Crow_4_1_153,"呵呵，還不賴嘛。"
Sub1_Crow_4_2_1,"果然和預期中的一樣是實驗體。"
Sub1_Crow_4_2_2,"這就是邪惡之夜計畫..."
Sub1_Crow_4_2_3,"不能放任他們這樣猖獗下去了，把他們全部處理掉吧。"
Sub1_Crow_4_3_1,"皇帝陛下的護衛隊...嘖，令人厭惡的傢伙..."
Sub1_Crow_4_3_2,"如果沒有那傢伙...為何...為何偏偏是護衛隊呢..."
Sub1_Crow_4_3_3,"話說回來，因為那個人事情一直無法順利地進行..."
Sub1_Crow_4_3_4,"暫時先撤退吧。"
Sub1_Crow_4_3_5,"是。"
Sub1_Crow_4_3_6,"這樣就可以確定了，在遠處觀望的人物..."
Sub1_Crow_4_3_7,"就是現在主導邪惡之夜計畫的萊茵哈特。"
Sub1_Crow_4_3_8,"現在的襲擊大概也是他主導的吧。"
Sub1_Crow_4_3_9,"嗯嗯，大家都說萊茵哈特對皇帝非常忠誠，幾乎已經達到狂信徒的程度了。"
Sub1_Crow_4_3_10,"為何他要做這種事呢？"
Sub1_Crow_4_3_11,"這樣反而增加帝國的憂患不是嗎？"
Sub1_Crow_4_3_12,"就是說呀，如果我明白萊茵哈特的用意，事情大概就會更順利一點。"
Sub1_Crow_4_3_13,"他似乎不清楚我就在這裡。"
Sub1_Crow_4_3_14,"現在既然已經知道護衛隊與這件事有關係，\n那大概好一段時間都不會在帝國展開行動吧..."
Sub1_Crow_4_3_15,"真是傷腦筋...應該要小心一點才對...在帝國內大概很難抓到他的把柄。"
Sub1_Crow_4_3_16,"狂戰士的屍體似乎也設置了在戰鬥落敗時會消除痕跡的裝置..."
Sub1_Crow_4_3_17,"屍體融化了嗎..."
Sub1_Crow_4_3_18,"我先回帝國了。"
Sub1_Crow_4_3_19,"不只是我們而已，監察局大概也已經展開行動了，應該會收集充足的情報吧。"
Sub1_Crow_4_3_20,"更重要的是，我無法離開那位的身邊太久。"
Sub1_Crow_4_3_21,"啊！對了，卡珊卓..."
Sub1_Crow_4_3_22,"我送給妳的禮物帝國紅酒岱爾莫諾已經放在妳的住處了，\n那是一種以香氣出名的30年份紅酒。"
Sub1_Crow_4_3_23,"呵呵，竟然連我的住處也知道...而且還能專程找來這裡，真是太驚人了。"
Sub1_Crow_4_3_24,"我們是近距離伺候皇帝陛下的人。"
Sub1_Crow_4_3_25,"如果有查不到的事情那更奇怪吧。"
Sub1_Crow_4_3_26,"那麼期待總有一天能夠敬妳那雙眼睛一杯。"
Sub1_Crow_4_3_27,"呵呵，我也想敬騎士你那裝模作樣的演技一杯耶。"
Sub1_Crow_4_3_28,"..."
Sub1_Crow_4_3_29,"呼，果然該稱為是護衛隊嗎？"
Sub1_Crow_4_3_30,"我會一直盯著你們，加油啊！\n一切都在我的掌握之中。竟然能優雅地說出這種話..."
Sub1_Crow_4_3_31,"雖然台詞讓人有點難以適應。"
Sub1_Crow_4_3_32,"啊，慢著，大叔。"
Sub1_Crow_4_3_33,"我告訴你一個護衛隊少爺沒有說出的情報吧。"
Sub1_Crow_4_3_34,"畢竟這是和巴蘭賽所長之間的約定。"
Sub1_Crow_4_3_35,"半個月前有大量的物資暗中運進來了。"
Sub1_Crow_4_3_36,"那一定是來自帝國的物品，不是劍或槍砲之類的物品。"
Sub1_Crow_4_3_37,"更不是木材之類的物品，聽說有數十個巨大的箱子被運進來。"
Sub1_Crow_4_3_38,"如果我沒猜錯的話，大概就是運送這些傢伙過來吧。"
Sub1_Crow_4_3_39,"現在大平原的次元縫隙正不斷地出現魔族，"
Sub1_Crow_4_3_40,"聽說奧勒貝利亞為此派遣軍隊要進行戰鬥。"
Sub1_Crow_4_3_41,"這個情況對他們來說是最棒的實驗舞台吧。"
Sub1_Crow_4_3_42,"倘若護衛隊騎士說的是真的，短期間內萊茵哈特大概更難在帝國進行實驗吧。"
Sub1_Crow_4_3_43,"這次的戰鬥很明顯就是要測試這些傢伙不是嗎？"
Sub1_Crow_4_3_44,"再加上那場戰鬥中有讓我相當在意的人。"
Sub1_Crow_4_3_45,"？？"
Sub1_Crow_4_3_46,"被稱為奧勒貝利亞暴風的人。"
Sub1_Crow_4_3_47,"他同時也是折磨我們帝國的人物。"
Sub1_Crow_4_3_48,"奧勒貝利亞的暴風...我也聽說過這個名號。"
Sub1_Crow_4_3_49,"你知道那樣的人在軍中被降職嗎？"
Sub1_Crow_4_3_50,"然後被不斷地逼上絕路，據說這次戰鬥也被派上場了。"
Sub1_Crow_4_3_51,"雖然我不清楚情況，但我認為一定和邪惡之夜計畫有關聯。"
Sub1_Crow_4_3_52,"準備好的實驗舞台...清除不安要素...這是軍中最常使用的方法。"
Sub1_Crow_4_3_53,"不需要弄髒自己的手，當他自己退出後，\n在神不知鬼不覺的情況下予以處置。"
Sub1_Crow_4_3_54,"就和我們剛才的情況一樣吧？"
Sub1_Crow_4_3_55,"嗯，我們嗎..."
Sub1_Crow_4_3_56,"畢竟我們曾經共生死，這樣說也沒關係吧？"
Sub1_Crow_4_3_57,"隨便吧！"
Sub1_Crow_4_3_58,"所以有兩個方法。"
Sub1_Crow_4_3_59,"一個是去見那個奧勒貝利亞的暴風，探聽他所知道的邪惡之夜計畫相關資訊，"
Sub1_Crow_4_3_60,"或者如果萊茵哈特就在那邊，那抓住他進行審問。"
Sub1_Crow_4_3_61,"我認為後者才是最能夠接近潘朵拉組織的方法。"
Sub1_Crow_4_3_62,"我知道了。"
Sub1_Crow_4_3_63,"好，對方可是貴族中最不能隨意對待的大貴族。"
Sub1_Crow_4_3_64,"那個護衛隊的弗魯斯也一樣。"
Sub1_Crow_4_3_65,"得小心才行，貴族這些狡詐的傢伙，裝著很有禮貌的樣子，"
Sub1_Crow_4_3_66,"但只要一不順他們的意，就會瞬間變成惡魔。"
Sub1_Crow_4_3_67,"還有，那個..."
Sub1_Crow_4_3_68,"那個..."
Sub1_Crow_4_3_69,"說啊。"
Sub1_Crow_4_3_70,"關於剛剛您夫人的事...我要再跟您道一次歉。"
Sub1_Crow_4_3_71,"...這件事妳也不知情，不需要覺得自責。"
Sub1_Crow_4_3_72,"抱歉...說這不是為了要彌補什麼，"
Sub1_Crow_4_3_73,"只是假如之後有我幫得上忙的地方，儘管來找我，我會努力幫忙。"
Sub1_Crow_4_3_74,"好。"
Sub1_Crow_4_3_75,"還真是木頭。"
Sub1_Crow_5_1_1,"我討厭爸爸的味道！噁～！我討厭香煙！"
Sub1_Crow_5_1_2,"爸爸好香，羅雅喜歡爸爸的味道～糖果好香喔！"
Sub1_Crow_5_1_3,"老公，你回來時我有話要跟你說..."
Sub1_Crow_5_1_4,"是有關這次研究的事，可能會讓你很困擾...不，是一定會。"
Sub1_Crow_5_1_5,"聽說因為是軍人才整天都在外面。"
Sub1_Crow_5_1_6,"嘖嘖！所以說平常要多關注家裡啊.."
Sub1_Crow_5_1_7,"天啊，怎麼會有人如此無情呢..."
Sub1_Crow_5_1_8,"真正需要他的時候卻不在..."
Sub1_Crow_5_1_9,"我們沒關係...只是...很擔心你..."
Sub1_Crow_5_1_10,"希望你不會受傷..."
Sub1_Crow_5_1_11,"希望你沒事..."
Sub1_Crow_5_1_12,"抱歉，羅潔.."
Sub1_Crow_5_1_13,"我...一點都不好。"
Sub1_Crow_5_2_1,"克洛陷入了思緒當中。"
Sub1_Crow_5_2_2,"現在只能跟隨那不知目的為何的組織"
Sub1_Crow_5_2_3,"以及未曾見過面的大貴族的蹤跡，"
Sub1_Crow_5_2_4,"就連事件的..."
Sub1_Crow_5_2_5,"蛛絲馬跡都未能找到。"
Sub1_Crow_5_2_6,"隨著腳步的進行，"
Sub1_Crow_5_2_7,"以及追蹤進度的加深，"
Sub1_Crow_5_2_8,"眼前彷彿仍有一層迷霧，"
Sub1_Crow_5_2_9,"不能就這樣只是跟著什麼都不做，"
Sub1_Crow_5_2_10,"必須要抓到頭目才行，"
Sub1_Crow_5_3_1,"如果跟之前見過的傢伙比較起來..."
Sub1_Crow_5_3_2,"呃呃呃！"
Sub1_Crow_5_3_3,"碰！"
Sub1_Crow_5_3_4,"呃！"
Sub1_Crow_5_3_5,"沒看到萊茵哈特。"
Sub1_Crow_5_3_6,"活人也..."
Sub1_Crow_5_4_1,"沒有生還者嗎？"
Sub1_Crow_5_4_2,"讓開別妨礙我。"
Sub1_Crow_5_4_3,"！？"
Sub1_Crow_5_4_4,"讓開別妨礙我。"
Sub1_Crow_5_4_5,"..."
Sub1_Crow_5_5_1,"埋了，"
Sub1_Crow_5_5_2,"她小心翼翼地把每個士兵的屍體埋入了土裡。"
Sub1_Crow_5_5_3,"直到夕陽西下為止，她始終不發一語專注地埋葬一個又一個的士兵。"
Sub1_Crow_5_5_4,"接著跪在前方，只是靜靜地..."
Sub1_Crow_5_5_5,"注視著墓碑。"
Sub1_Crow_5_5_6,"應該思緒很複雜吧。"
Sub1_Crow_5_5_7,"若是戰場的指揮官，一定都能感受到這股悲傷。"
Sub1_Crow_5_5_8,"假如事情又是因為自己而起，那愧咎感一定就更加強烈了.."
Sub1_Crow_5_5_9,"看著他們的行動及狀況，"
Sub1_Crow_5_5_10,"這很明顯就是衝著她而來的。"
Sub1_Crow_5_5_11,"難道是因為卡珊卓說邪惡之夜計畫跟她有關的關係嗎？"
Sub1_Crow_5_5_12,"是嗎？是為了封住妳的嘴嗎？"
Sub1_Crow_5_5_13,"（巨大的斧戟...這個人是奧勒貝利亞的暴風，沒想到是如此年輕的女性...）"
Sub1_Crow_5_5_14,"我不會問妳為何會知道。"
Sub1_Crow_5_5_15,"不過，快告訴我妳知道的事情。"
Sub1_Crow_5_5_16,"為何我要那樣做呢？"
Sub1_Crow_5_5_17,"這種事會一直發生。"
Sub1_Crow_5_5_18,"一開始是發生在就算有人喪命也不足為奇的戰場上，"
Sub1_Crow_5_5_19,"之後就是發生在小規模戰鬥當中，"
Sub1_Crow_5_5_20,"然後是藉由奪取某人性命的手段..."
Sub1_Crow_5_5_21,"最後則是向妳必須守護的一切舉刀相向。"
Sub1_Crow_5_5_22,"我認為妳應該很清楚。"
Sub1_Crow_5_5_23,"..."
Sub1_Crow_5_5_24,"...你是誰呢？"
Sub1_Crow_5_5_25,"妳知道了也沒好處，所以還是別問吧。"
Sub1_Crow_5_5_26,"我不曾看過我方有那樣的武器。"
Sub1_Crow_5_5_27,"這是一個特別的朋友製作的實驗品。"
Sub1_Crow_5_5_28,"服裝...是帝國人嗎？"
Sub1_Crow_5_5_29,"..."
Sub1_Crow_5_5_30,"放棄報仇吧！那是妳無法單獨對抗的組織。"
Sub1_Crow_5_5_31,"你不是獨自一人嗎？"
Sub1_Crow_5_5_32,"一無所有的人就另當別論了..."
Sub1_Crow_5_5_33,"我同樣也沒有可以失去的東西。"
Sub1_Crow_5_5_34,"不，妳辦不到，有些人的使命就是守護某個特定對象。"
Sub1_Crow_5_5_35,"..."
Sub1_Crow_5_5_36,"妳該不會因為自己加入軍隊，所以就期待他們會伸出援手吧？"
Sub1_Crow_5_5_37,"這種事我很清楚，而且比任何人都更懂..."
Sub1_Crow_5_5_38,"呵，我想也是。"
Sub1_Crow_5_5_39,"這裡已經變成他們的實驗場了。"
Sub1_Crow_5_5_40,"我會告訴妳離開這裡的路，妳就帶著部下離開吧。"
Sub1_Crow_5_5_41,"不過，妳得先告訴我關於邪惡之夜的事情。"
Sub1_Crow_5_5_42,"她和存活下來的士兵們整頓好戰力後坐到了克洛的面前。"
Sub1_Crow_5_5_43,"雖然不知道她和士兵們說了些什麼，但士兵們的表情並不是很好。"
Sub1_Crow_5_5_44,"讓你久等了。"
Sub1_Crow_5_5_45,"沒關係。"
Sub1_Crow_5_5_46,"我打算離開軍隊。"
Sub1_Crow_5_5_47,"就因為我，讓他們一直身陷險境，但我一直沒正視這件事。"
Sub1_Crow_5_5_48,"看他們的表情，似乎跟妳想的不同喔。"
Sub1_Crow_5_5_49,"因為同袍間的友誼，我沒辦法再看到有任何人傷亡。"
Sub1_Crow_5_5_50,"原來如此。"
Sub1_Crow_5_5_51,"是一個叫做邪惡之夜的計畫。"
Sub1_Crow_5_5_52,"沒錯，我也聽說了。"
Sub1_Crow_5_5_53,"聽說是一個叫潘朵拉的組織讓事情發展成這樣，妳有聽過嗎？"
Sub1_Crow_5_5_54,"潘朵拉...不，我好像沒聽過。"
Sub1_Crow_5_5_55,"是嗎？妳繼續講吧。"
Sub1_Crow_5_5_56,"嗯，我第一次看到那個狂戰士是在半年前，"
Sub1_Crow_5_5_57,"那是我在調查帝國來往王國領土的時候，"
Sub1_Crow_5_5_58,"雖然屬於王國領土，但和兩國間默許通行的沼澤區不同，"
Sub1_Crow_5_5_59,"因為這個地方鄰接首都。"
Sub1_Crow_5_5_60,"在這個地方，有一個研究所蓋在一個不起眼之處。"
Sub1_Crow_5_5_61,"然後我第一次在那裡碰到那些傢伙，要逃出去並不困難，"
Sub1_Crow_5_5_62,"因為這些傢伙還不像現在這麼強，仔細一想，似乎還是一些初階作品。"
Sub1_Crow_5_5_63,"在那裡...我看到了。"
Sub1_Crow_5_5_64,"我記得很清楚。"
Sub1_Crow_5_5_65,"身為史嘉蕾公主大人所率領部隊的部下，在我參與戰鬥的那天，"
Sub1_Crow_5_5_66,"被我刺傷的那名男子..由於他的能力和...各種原因我饒了他一命。"
Sub1_Crow_5_5_67,"我記得很清楚..他那滿含憤恨的眼神。"
Sub1_Crow_5_5_68,"那個男子在那個研究所，"
Sub1_Crow_5_5_69,"像是物品一樣，身上刻著0號。"
Sub1_Crow_5_5_70,"（0號...該不會是..）"
Sub1_Crow_5_5_71,"和我們以前碰過的那些傢伙不同.."
Sub1_Crow_5_5_72,"他還活著，分明還活著..."
Sub1_Crow_5_5_73,"被鐵鍊拴住，全身插滿數十根管子注射著藥物，"
Sub1_Crow_5_5_74,"他用朦朧的眼神看著我。"
Sub1_Crow_5_5_75,"好像已經忘卻所有記憶..."
Sub1_Crow_5_5_76,"被吊著好似沒有任何感覺，只是用那雙..."
Sub1_Crow_5_5_77,"滿含憤恨的眼神看著我跟公主大人.."
Sub1_Crow_5_5_78,"不，怎麼會...那麼.."
Sub1_Crow_5_5_79,"所以才不行啊"
Sub1_Crow_5_5_80,"我知道軍方為了勝利而肆意殺人，還做了很多其他的事。"
Sub1_Crow_5_5_81,"不過有些事就是不能做而且無法被原諒。"
Sub1_Crow_5_5_82,"還有讓死者復生重回戰場這種事，"
Sub1_Crow_5_5_83,"那就跟魔族沒什麼不同，只是為了殺戮而創造出殺人機器。"
Sub1_Crow_5_5_84,"在軍方的立場看來，利用死者進行戰鬥是最有效率的方式，"
Sub1_Crow_5_5_85,"但是假如用活人來進行...這...就不行了吧.."
Sub1_Crow_5_5_86,"絕對不可以吧..！！"
Sub1_Crow_5_5_87,"..."
Sub1_Crow_5_5_88,"我立刻趕到了部隊將這個設施的事報告給上級。"
Sub1_Crow_5_5_89,"假如帝國擁有那種力量，周邊國家一定會陷入危險，"
Sub1_Crow_5_5_90,"但我誤判了，那個設施是我們建立的。"
Sub1_Crow_5_5_91,"不論是軍方還是貴族都是同一掛的..."
Sub1_Crow_5_5_92,"結果我被流放了，部下們也因為我而被逼到絕境，"
Sub1_Crow_5_5_93,"我當時不清楚為何需要這種力量，但我現在隱約知道了，"
Sub1_Crow_5_5_94,"王權...他們想要擊退史嘉蕾公主顛覆王權\n才想利用這個戰鬥兵器，所以才和帝國聯手。"
Sub1_Crow_5_5_95,"這件事我打算在離開這裡後稟告給史嘉蕾公主知道。"
Sub1_Crow_5_5_96,"脫離軍隊不就正和他們的意嗎？那不就連妳的性命都會有危險？"
Sub1_Crow_5_5_97,"應該吧..但那種事也只要我一個人來承受就夠了。"
Sub1_Crow_5_5_98,"原來如此..."
Sub1_Crow_5_5_99,"研究所的位置在？"
Sub1_Crow_5_5_100,"我記得離這邊不遠，我可以幫你指路。"
Sub1_Crow_5_5_101,"不用了，謝謝。"
Sub1_Crow_5_5_102,"我打算讓他們來找我。"
Sub1_Crow_5_5_103,"你到底...在想什麼.."
Sub1_Crow_5_5_104,"他們會為了這個來找我。"
Sub1_Crow_5_5_105,"你，"
Sub1_Crow_5_5_106,"你現在..你知道你現在的眼神就跟我說的那名男子一樣嗎？"
Sub1_Crow_5_5_107,"我沒差。"
Sub1_Crow_5_5_108,"你打算要怎麼做？"
Sub1_Crow_5_5_109,"我"
Sub1_Crow_5_5_110,"打算要"
Sub1_Crow_5_5_111,"向那些奪走我一切的傢伙進行殘忍的報仇。"
Sub1_Crow_6_1_1,"她說的對。"
Sub1_Crow_6_1_2,"那個地方已經老舊到什麼都不剩了。"
Sub1_Crow_6_1_3,"只剩下可以推敲當時情況的痕跡了。"
Sub1_Crow_6_1_4,"空氣有一股刺鼻的味道。"
Sub1_Crow_6_1_5,"連一絲陽光都透不進來，"
Sub1_Crow_6_1_6,"無法推測這邊當時發生了什麼事，"
Sub1_Crow_6_1_7,"要在這邊尋找線索並不容易。"
Sub1_Crow_6_1_8,"老公，你回來時我有話要跟你說..."
Sub1_Crow_6_1_9,"是有關這次研究的事，可能會讓你很困擾..."
Sub1_Crow_6_1_10,"不，是一定會。"
Sub1_Crow_6_1_11,"羅潔..那時候想說的就是..."
Sub1_Crow_6_1_12,"邪惡之夜計畫嗎.."
Sub1_Crow_6_1_13,"萊茵哈特..皇帝的親戚..邪惡之夜計畫...還有潘朵拉的目標.."
Sub1_Crow_6_1_14,"沒差...妳們消失對我來說就代表了一切。"
Sub1_Crow_6_1_15,"嚇死我了，嚇到我了！"
Sub1_Crow_6_1_16,"你們竟然反過來引誘我。"
Sub1_Crow_6_1_17,"膽子還真大。"
Sub1_Crow_6_1_18,"..."
Sub1_Crow_6_1_19,"你們能做到這樣還真讓我驚訝，是我小看了你們。"
Sub1_Crow_6_1_20,"也是，畢竟獵犬部隊的隊長應該不會就這樣死掉。"
Sub1_Crow_6_1_21,"真煩人，帝國希望能把你殺掉，但你居然跑到了奧勒貝爾。"
Sub1_Crow_6_1_22,"還妨礙奧勒貝爾的襲擊，並且破壞了花了幾個月精心策劃的這個實驗.."
Sub1_Crow_6_1_23,"這次竟然還反過來引誘我們？反而讓我們到這..."
Sub1_Crow_6_1_24,"哈哈哈，竟然...到這個已經廢棄，不剩一點痕跡的地方.."
Sub1_Crow_6_1_25,"哈哈哈！哈哈哈！！但是竟然.."
Sub1_Crow_6_1_26,"把我叫到這裡...！？"
Sub1_Crow_6_1_27,"狗就要有狗的樣子，囂張的傢伙！"
Sub1_Crow_6_1_28,"竟敢！對我萊茵哈特‧德伊‧特列昂！？"
Sub1_Crow_6_1_29,"哈.."
Sub1_Crow_6_1_30,"害我激動了一下。"
Sub1_Crow_6_1_31,"畢竟你現在可是在污辱我。"
Sub1_Crow_6_1_32,"我希望你能反省。"
Sub1_Crow_6_1_33,"好吧，這樣看來那女人也一樣，那種反抗的表情和眼神.."
Sub1_Crow_6_1_34,"還真像呢。"
Sub1_Crow_6_1_35,"！？"
Sub1_Crow_6_1_36,"那個時候乖乖聽話就不會搞成這樣了，無辜的女兒也不會遭殃了，\n雖然對我們來說，算是死有餘辜。"
Sub1_Crow_6_1_37,"..."
Sub1_Crow_6_1_38,"你那個時候也一起死掉就不會這麼累了，\n為什麼那時候不跟家人待在一塊呢？"
Sub1_Crow_6_1_39,"怎麼樣呢？為了偉大帝國的基礎，怎麼能妨礙我們創造出無敵的士兵呢？"
Sub1_Crow_6_1_40,"這可是反抗皇帝陛下的行為！"
Sub1_Crow_6_1_41,"陛下卓越的統治能力！真是令人感動！"
Sub1_Crow_6_1_42,"必須有更多國家臣服於陛下。"
Sub1_Crow_6_1_43,"奧勒貝利亞也是，潘特歐尼亞也是，被稱為東方的那些國家也是！\n更不用提魔族了！！在偉大的陛下前都會低頭。"
Sub1_Crow_6_1_44,"然後就由我！在那位的左右帶領無敵軍隊！"
Sub1_Crow_6_1_45,"所以不管是誰，我都會盡量利用。"
Sub1_Crow_6_1_46,"身為大貴族的我，會用盡我的力量和錢財，讓這個國家變得更強大。"
Sub1_Crow_6_1_47,"但你們為什麼不能明白這種大義呢！愚蠢的傢伙！"
Sub1_Crow_6_1_48,"這就是所謂的犧牲小我完成大我。"
Sub1_Crow_6_1_49,"..."
Sub1_Crow_6_1_50,"我就問一件事。"
Sub1_Crow_6_1_51,"什麼？"
Sub1_Crow_6_1_52,"你殺了我能救活那兩個人嗎？"
Sub1_Crow_6_1_53,"如果是那樣的話我就願意。"
Sub1_Crow_6_1_54,"...你在說什麼廢話，頭殼燒壞了嗎？"
Sub1_Crow_6_1_55,"如果不是的話.."
Sub1_Crow_6_1_56,"就乖乖受死吧。"
Sub1_Crow_6_1_57,"？？哈...哈哈...哈哈哈哈！！"
Sub1_Crow_6_1_58,"跟蟲子一樣的傢伙竟敢！！"
Sub1_Crow_6_1_59,"對我！？"
Sub1_Crow_6_2_1,"殺了他！殺了那個獵犬一樣的傢伙！"
Sub1_Crow_6_3_1,"哈哈哈！怎麼樣啊，你這蟲子！乖乖受死吧！"
Sub1_Crow_6_3_2,"快去跟你的老婆和女兒流淚懺悔吧！"
Sub1_Crow_6_3_3,"你拿的那個血是可以終止她想阻止的那項計畫的鑰匙！"
Sub1_Crow_6_3_4,"所以後來沒用處了才被殺掉囉！哈哈哈！！"
Sub1_Crow_6_3_5,"哈！那好像有點難喔～？"
Sub1_Crow_6_3_6,"你.."
Sub1_Crow_6_3_7,"哈～老頭看到我太感動都要流淚了.."
Sub1_Crow_6_3_8,"喂！你在幹什麼！我是隊友！"
Sub1_Crow_6_3_9,"那傢伙是誰啊！兩個都殺掉！"
Sub1_Crow_6_3_10,"嗯？這傢伙很搞笑耶！"
Sub1_Crow_6_3_11,"想要用那些人偶讓我倒下？"
Sub1_Crow_6_3_12,"別遠遠站著，過來吃子彈吧！"
Sub1_Crow_6_3_13,"呼。"
Sub1_Crow_6_4_1,"該死的！該死！怎麼！還不死！"
Sub1_Crow_6_4_2,"為什麼不能把蟲子殺掉！"
Sub1_Crow_6_4_3,"狂戰士的數量不夠處理掉那些有實力的人。"
Sub1_Crow_6_4_4,"一、一開始...用那些狂戰士就...總之您還是趕緊撤退吧！！"
Sub1_Crow_6_4_5,"這些蟲子..竟敢..竟敢對我.."
Sub1_Crow_6_4_6,"對我大貴族.."
Sub1_Crow_6_4_7,"子彈發射！大貴族避開的子彈～！"
Sub1_Crow_6_4_8,"大貴族～逃跑囉～哈哈！"
Sub1_Crow_6_4_9,"不用追嗎？"
Sub1_Crow_6_4_10,"不需要，子彈也不夠了，先補充再追吧。"
Sub1_Crow_6_4_11,"現在都記住了，包括臉、細部動作，還有語氣。"
Sub1_Crow_6_4_12,"噢，被老頭記住就等於Game Over了。"
Sub1_Crow_6_4_13,"老頭，聽說這次你闖了大禍？"
Sub1_Crow_6_4_14,"帝國的高層正在盯著你？"
Sub1_Crow_6_4_15,"是嗎。"
Sub1_Crow_6_4_16,"還有..我..聽說那個消息了。"
Sub1_Crow_6_4_17,"那天..我沒能去找你，真抱歉。"
Sub1_Crow_6_4_18,"沒關係，在北邊的你無法來也是情有可原。"
Sub1_Crow_6_4_19,"但還是...羅潔...對我來說也.."
Sub1_Crow_6_4_20,"羅潔會理解的。"
Sub1_Crow_6_4_21,"...你真的沒事嗎？老頭？"
Sub1_Crow_6_4_22,"不。"
Sub1_Crow_6_4_23,"啊、啊！當然有事了！我、我說錯了。"
Sub1_Crow_6_4_24,"當然有事囉，沒錯，沒事才不正常吧，這個瘋狗。"
Sub1_Crow_6_4_25,"不，我這句話不是對老頭你說的。"
Sub1_Crow_6_4_26,"...沒事，還有你做得很好。"
Sub1_Crow_6_4_27,"嗯？"
Sub1_Crow_6_4_28,"因為你來了我們才得以脫離這個狀況。"
Sub1_Crow_6_4_29,"哈、哈哈！看來老頭你終於深刻體認到你需要這副身軀了！"
Sub1_Crow_6_4_30,"因為我派人幫忙了。"
Sub1_Crow_6_4_31,"呵.."
Sub1_Crow_6_4_32,"噢？你笑了？果然！哈～"
Sub1_Crow_6_4_33,"適可而止吧。"
Sub1_Crow_6_4_34,"好的。"
Sub1_Crow_7_1_1,"突然砰！一聲，出現於混戰當中，\n那個、那個什麼？總之朝著漂浮的那些東西"
Sub1_Crow_7_1_2,"瞄準他們，"
Sub1_Crow_7_1_3,"啪啪啪啪！將周遭夷為平地，"
Sub1_Crow_7_1_4,"哇，竟然能面不改色掃蕩敵人，"
Sub1_Crow_7_1_5,"真是讓人毛骨悚然。"
Sub1_Crow_7_1_6,"（應該不用提你邊笑邊發射的事了吧...）"
Sub1_Crow_7_1_7,"我被允許來這的條件是讓你跟大姊見一面。"
Sub1_Crow_7_1_8,"馬寇列弗萊姆好像也算準時機前往邊境地區的樣子。"
Sub1_Crow_7_1_9,"大姊雖然換了路線，但經過這裡後應該只要兩天？就能到了吧？"
Sub1_Crow_7_1_10,"因為是經過廢棄的邊境之橋嗎？"
Sub1_Crow_7_1_11,"對吧，送給大貴族幾顆子彈後，堂堂正正地走進去好像有點那個..."
Sub1_Crow_7_1_12,"那樣的話收到通緝令也不奇怪。"
Sub1_Crow_7_1_13,"那個你這傢伙..."
Sub1_Crow_7_1_14,"大姊有東西要給你所以要我來帶你過去。"
Sub1_Crow_7_1_15,"對吧.."
Sub1_Crow_7_1_16,"..她為了你而委託的物品，"
Sub1_Crow_7_1_17,"已經到最後的調整階段了.."
Sub1_Crow_7_1_18,"羅潔.."
Sub1_Crow_7_1_19,"欸，我們來了"
Sub1_Crow_7_1_20,"進來吧。"
Sub1_Crow_7_1_21,"雖然就職位上來看，我是你的上司沒錯，\n但我從一開始就沒奢望你尊敬我。"
Sub1_Crow_7_1_22,"沒錯，我對除了老頭以外的其他人不存在那種東西。"
Sub1_Crow_7_1_23,"（真的嗎..）"
Sub1_Crow_7_1_24,"...你找我來的原因是？"
Sub1_Crow_7_1_25,"...嗯？你就是老頭？"
Sub1_Crow_7_1_26,"..."
Sub1_Crow_7_1_27,"...啊。"
Sub1_Crow_7_1_28,"我是監察部的克莉莎。"
Sub1_Crow_7_1_29,"那我就開門見山地說了。"
Sub1_Crow_7_1_30,"我們要利用你抓住潘朵拉。"
Sub1_Crow_7_1_31,"哇嗚，膽子真大，你說要利用老頭？"
Sub1_Crow_7_1_32,"我上次不是說過了嗎？他不是你們可以隨便對待的人。"
Sub1_Crow_7_1_33,"嗯，雖然妳也算了不起。"
Sub1_Crow_7_1_34,"但那種程度只要老頭下定決心...！？"
Sub1_Crow_7_1_35,"..."
Sub1_Crow_7_1_36,"嗯，結論是，很了不起的人這點吧。"
Sub1_Crow_7_1_37,"好吧，從他能應付你這點就能知道了。"
Sub1_Crow_7_1_38,"...嗯？"
Sub1_Crow_7_1_39,"看來你很瞭解潘朵拉這個組織。"
Sub1_Crow_7_1_40,"欸，你在說什麼啊。"
Sub1_Crow_7_1_41,"所以，妳是打算怎麼利用我呢？"
Sub1_Crow_7_1_42,"妳說老頭能應付我？"
Sub1_Crow_7_1_43,"我們之間，可不是妳想的那種表層的關係。"
Sub1_Crow_7_1_44,"別拖時間了，講重點吧。"
Sub1_Crow_7_1_45,"我們監察部除了監察軍隊以外，也正在調查有關帝國的許多事件。"
Sub1_Crow_7_1_46,"我們大約是在2年前知道潘朵拉這個組織的，就是從我們突襲\n交易異質生物的血的現場開始的，當時還發生了監察部全員身亡的事件。"
Sub1_Crow_7_1_47,"就是說在槍林彈雨，刺激的戰場上.."
Sub1_Crow_7_1_48,"..."
Sub1_Crow_7_1_49,"嗯.."
Sub1_Crow_7_1_50,"您請說。"
Sub1_Crow_7_1_51,"該說是萊茵哈特大貴族，兼皇帝的親戚...嗎？"
Sub1_Crow_7_1_52,"我知道他跟叫做潘朵拉的組織一起進行邪惡之夜計畫。"
Sub1_Crow_7_1_53,"這樣就能長話短說了。"
Sub1_Crow_7_1_54,"也就是說，你被捲入的所有事件都跟軍方有關。"
Sub1_Crow_7_1_55,"雖然你的部隊隸屬海軍，但實際上跟獨立部隊沒有兩樣。"
Sub1_Crow_7_1_56,"部隊裡都是一些具有獨特能力的強者。"
Sub1_Crow_7_1_57,"但是由於難以掌控這些人，所以需要一個強大的領導者，\n也就是被稱為地獄獵犬的你。"
Sub1_Crow_7_1_58,"當那種可怕的人成為了被復仇蒙蔽了雙眼的怪物。"
Sub1_Crow_7_1_59,"這怪物到底會做出什麼事呢..這讓他們既不安又焦躁..害怕吧。"
Sub1_Crow_7_1_60,"所以才先把你的隊伍解散掉。"
Sub1_Crow_7_1_61,"然後拆散你那些具有可怕能力的屬下，各別監視。"
Sub1_Crow_7_1_62,"嘖，盡做一些沒用的事。"
Sub1_Crow_7_1_63,"這對和潘朵拉有關的軍方高層來說也是沒用的事嗎？"
Sub1_Crow_7_1_64,"你應該很了解軍方運作的模式吧。"
Sub1_Crow_7_1_65,"...算是吧。"
Sub1_Crow_7_1_66,"現在好像有個無法隱藏憤怒的男人在我面前喔？"
Sub1_Crow_7_1_67,"放著逐漸勒緊自己脖子的怪物不管可是一件很危險的事。"
Sub1_Crow_7_1_68,"更別說那傢伙還有幾個同樣跟怪物一樣的部下，要除去他簡直難如登天。"
Sub1_Crow_7_1_69,"謝謝稱讚。"
Sub1_Crow_7_1_70,"所以就連軍方也想除掉我就對了。"
Sub1_Crow_7_1_71,"在被瘋狗咬到前先把牠除掉更安全吧。"
Sub1_Crow_7_1_72,"什麼！瘋狗～！？"
Sub1_Crow_7_1_73,"但不管怎麼說，假如軍方親自出手，就會留下證據。"
Sub1_Crow_7_1_74,"我們監察部正在調查潘朵拉這個組織，軍方認為自己如果介入會被抓到小辮子，所以才沒動靜，萊茵哈特便看準時機出現，剛好也是試驗邪惡之夜士兵們的好機會。"
Sub1_Crow_7_1_75,"你是說第一次襲擊我的那傢伙嗎？"
Sub1_Crow_7_1_76,"根據消息指出，萊茵哈特在奧勒貝利亞的首都襲擊了皇帝的護衛隊弗魯斯。"
Sub1_Crow_7_1_77,"皇帝的護衛隊？他瘋了嗎？哈哈！"
Sub1_Crow_7_1_78,"沒錯，他把劍對準了皇帝的護衛隊..也就等同於把劍瞄準皇帝。"
Sub1_Crow_7_1_79,"那傢伙不是很強嗎？為什麼會做那種事？"
Sub1_Crow_7_1_80,"萊茵哈特應該也嚇了一大跳，原本是要對付你跟武器商人的，\n他也不知道弗魯斯會出現在那，更不知道目的是為了追蹤他自己。"
Sub1_Crow_7_1_81,"就連我們都嚇了一跳。"
Sub1_Crow_7_1_82,"不管怎麼說...竟然連護衛隊都親自調查這件事..."
Sub1_Crow_7_1_83,"看來不是單純針對邪惡之夜計畫.."
Sub1_Crow_7_1_84,"話說，皇帝就這樣放過攻擊自己護衛隊的人嗎？"
Sub1_Crow_7_1_85,"皇帝只會認為那個行為是表示對自己的忠誠。"
Sub1_Crow_7_1_86,"再說他還是皇帝的親戚，就因為這複雜的關係，皇帝也不想在表面上插手這件事。"
Sub1_Crow_7_1_87,"既然皇帝這麼想，我們這些在底下的人就自己處理掉吧。"
Sub1_Crow_7_1_88,"你還真是愛國呢。"
Sub1_Crow_7_1_89,"我無法認同他們製造出狂戰士軍隊。"
Sub1_Crow_7_1_90,"看著報導，我甚至懷疑我的眼睛。"
Sub1_Crow_7_1_91,"不光是屍體，據說還會用活人來當試驗品。"
Sub1_Crow_7_1_92,"只要判斷是適合作為實驗體的人選，就會把那個人周遭的人都清除掉，\n把那些人逼到絕路的情況也屢見不鮮.."
Sub1_Crow_7_1_93,"他們做出來的軍隊是不適合帝國的低俗軍隊，\n沒有品味也沒有秩序，只不過是會移動的兵器。"
Sub1_Crow_7_1_94,"我不想把這種喪失高貴感及榮譽感的集團做成軍隊。"
Sub1_Crow_7_1_95,"我得從潘朵拉這種玷汙帝國名諱、恣意妄為的集團撤退。"
Sub1_Crow_7_1_96,"那些傢伙的規模呢？"
Sub1_Crow_7_1_97,"不小喔。"
Sub1_Crow_7_1_98,"看來是運用獨門的遺跡技術進行研究與開發。"
Sub1_Crow_7_1_99,"要說大貴族還有軍方，和民間企業沒有掛勾是不可能的事。"
Sub1_Crow_7_1_100,"不僅如此，還有兩項很大的危險要素。"
Sub1_Crow_7_1_101,"還有？"
Sub1_Crow_7_1_102,"一個是和奧勒貝利亞貴族們串通的事。"
Sub1_Crow_7_1_103,"咦？怎麼突然冒出奧勒貝利亞？"
Sub1_Crow_7_1_104,"不是突然，從以前開始貴族間就有隱密地進行交流。"
Sub1_Crow_7_1_105,"這次只是更加露骨罷了。"
Sub1_Crow_7_1_106,"這次奧勒貝利亞的宰相厄爾・莫里哈姆掌握了實權，也跟這次事件有關。"
Sub1_Crow_7_1_107,"哇～！竟然牽扯到這麼大的人物！"
Sub1_Crow_7_1_108,"當然了..聽說奧勒貝利亞的王還剛好染上了疾病。"
Sub1_Crow_7_1_109,"還真是可疑。"
Sub1_Crow_7_1_110,"還有唯一的王位繼承人史嘉蕾公主，\n目前她的力量還不足以與厄爾・莫里哈姆為敵，"
Sub1_Crow_7_1_111,"雖人大家都很懷疑，但現在不是能隨便挺身而出的時候，"
Sub1_Crow_7_1_112,"他很有野心，說他擁有國家的實權也不為過，"
Sub1_Crow_7_1_113,"上週還私底下和萊茵哈特見面。"
Sub1_Crow_7_1_114,"咦～？難道是想發動政變嗎？在這個騎士的國家？"
Sub1_Crow_7_1_115,"話說，如果是單純想佔領國家的話，現在應該已經佔領好幾個了。"
Sub1_Crow_7_1_116,"應該還有一些別的什麼，我們無法得知他在打什麼算盤。"
Sub1_Crow_7_1_117,"這也是那個國家的事，輪不到我們插手。"
Sub1_Crow_7_1_118,"還有一個呢？"
Sub1_Crow_7_1_119,"另一個是我們最需要小心的。"
Sub1_Crow_7_1_120,"潘朵拉製作的武器好像也流通到反抗軍那邊了。"
Sub1_Crow_7_1_121,"雖然不是像馬寇列弗萊姆那麼高水準的武器，但以兵器來說算是很有威脅性了。"
Sub1_Crow_7_1_122,"馬寇列弗萊姆..嗎.."
Sub1_Crow_7_1_123,"不管是奧勒貝利亞還是反抗軍。"
Sub1_Crow_7_1_124,"總之潘朵拉果然不是為了帝國而生的集團。"
Sub1_Crow_7_1_125,"沒錯。"
Sub1_Crow_7_1_126,"沒有什麼能實行的具體方案嗎？"
Sub1_Crow_7_1_127,"很可惜，就算我們能培養間諜，但連能幫我們接線的人都沒有。"
Sub1_Crow_7_1_128,"什麼啊，不是說從發現集團已經過了2年了嗎？"
Sub1_Crow_7_1_129,"就表示我們監察部是這麼辛苦的組織的意思。"
Sub1_Crow_7_1_130,"從大貴族到軍方首腦都有關連看來，我們監察部也不能說百分之百安全。"
Sub1_Crow_7_1_131,"我們可不能對巨大組織輕易插手。"
Sub1_Crow_7_1_132,"..."
Sub1_Crow_7_1_133,"所以我們才打算利用你。"
Sub1_Crow_7_1_134,"哈～膽子還真大.."
Sub1_Crow_7_1_135,"..."
Sub1_Crow_7_1_136,"就先從萊茵哈特開始吧。"
Sub1_Crow_7_1_137,"他應該已經對你妨礙他的事情感到很火大了。"
Sub1_Crow_7_1_138,"可以說是已經觸碰到大貴族的自尊了。"
Sub1_Crow_7_1_139,"他應該會很執著於要對付你。"
Sub1_Crow_7_1_140,"不僅如此，你還擁有他們覬覦的東西。"
Sub1_Crow_7_1_141,"什麼？"
Sub1_Crow_7_1_142,"不管是什麼物品或者是連他們都不知道的祕密，他們對於你的所有動向都很敏感。"
Sub1_Crow_7_1_143,"為了追蹤潘朵拉，我們會支援一切所需。"
Sub1_Crow_7_1_144,"這也是為了不讓你做出將槍口瞄準帝國的愚蠢的事，\n敵人可不是帝國軍或部分貴族，而是潘朵拉，你可得銘記在心。"
Sub1_Crow_7_1_145,"即使如此依然把槍口對準這裡的話，"
Sub1_Crow_7_1_146,"我會為了帝國把你排除掉。"
Sub1_Crow_7_1_147,"嗯，說得都沒錯。"
Sub1_Crow_7_1_148,"但妳好像有一點估算錯誤喔。"
Sub1_Crow_7_1_149,"...？？"
Sub1_Crow_7_1_150,"不能惹的人不是老頭，而是叫做大貴族和潘朵拉的那些傢伙。"
Sub1_Crow_7_1_151,"妳看了就知道了。"
Sub1_Crow_7_1_152,"我們在老頭面前怎麼會緊張到一直發抖呢.."
Sub1_Crow_7_1_153,"就像你說的，軍方高層無法輕易處理這件事。"
Sub1_Crow_7_1_154,"互相都忙著看彼此臉色.."
Sub1_Crow_7_1_155,"還有現在惹火他的愚蠢的大貴族不知道會變成怎樣。"
Sub1_Crow_7_1_156,"如果沒有重要的事我要走了。"
Sub1_Crow_7_1_157,"適當的時候保持聯繫～"
Sub1_Crow_7_1_158,"...看來不是我們被利用。"
Sub1_Crow_7_1_159,"那也沒關係...只要不是玷污帝國的名聲就好。"
Sub1_Crow_7_1_160,"把情報洩漏給那邊吧.."
Sub1_Crow_8_1_1,"2年後，"
Sub1_Crow_8_1_2,"...這是馬寇列弗萊姆。"
Sub1_Crow_8_1_3,"大姊在的地方.."
Sub1_Crow_8_1_4,"話說回來該在哪碰面啊？...不會太大了嗎？"
Sub1_Crow_8_1_5,"哈，這種東西竟然會動.."
Sub1_Crow_8_1_6,"以我的常識真的無法理解，不是嗎老頭？"
Sub1_Crow_8_1_7,"我曾經來這裡找過羅潔幾次。"
Sub1_Crow_8_1_8,"..啊，啊哈！對喔！難怪！"
Sub1_Crow_8_1_9,"這裡的佈置還真高級！"
Sub1_Crow_8_1_10,"現在好像不是在大廳嘻笑的時候耶。"
Sub1_Crow_8_1_11,"啊大姊！"
Sub1_Crow_8_1_12,"明明只差一歲，不要用那種方式叫人！"
Sub1_Crow_8_1_13,"只差一歲又怎樣，姊姊就是姊姊呀！"
Sub1_Crow_8_1_14,"既然能活著回來，就表示那小子有幫上忙吧。"
Sub1_Crow_8_1_15,"畢竟他是我在戰鬥中最信任的小子。"
Sub1_Crow_8_1_16,"嗯？什麼？"
Sub1_Crow_8_1_17,"你說什麼，老頭？！"
Sub1_Crow_8_1_18,"羅潔說的那個東西..."
Sub1_Crow_8_1_19,"別擔心，目前調整得相當順利，\n因為那小子必須盡可能抑制並維持安全狀態。"
Sub1_Crow_8_1_20,"是武器嗎？是武器耶？"
Sub1_Crow_8_1_21,"噢噢，老頭收到新的武器了嗎？"
Sub1_Crow_8_1_22,"沒有我的嗎？大姊？"
Sub1_Crow_8_1_23,"我記得你已經擁有怪物了吧？別太貪心。"
Sub1_Crow_8_1_24,"真是令人羨慕，竟然能獲得大陸最頂尖的馬寇列弗萊姆的武器。"
Sub1_Crow_8_1_25,"最頂尖...呵呵，最頂尖..."
Sub1_Crow_8_1_26,"這不是理所當然的嗎？研究出帝國最大、最強悍的武器的地方！"
Sub1_Crow_8_1_27,"如果馬寇列弗萊姆製作的武器不是最頂尖的武器，那到底什麼才稱得上是頂尖呢？"
Sub1_Crow_8_1_28,"不，還差得遠，因為太遠了，所以看不清楚。"
Sub1_Crow_8_1_29,"咦？"
Sub1_Crow_8_1_30,"你知道...魔導王國嗎？"
Sub1_Crow_8_1_31,"魔導王國？那是什麼呢？有那樣的國家嗎？"
Sub1_Crow_8_1_32,"數百、數千...不，古魔導王國是源自何時根本就沒有人知道。"
Sub1_Crow_8_1_33,"我們只是利用淺淺的技術研究與運用而已。"
Sub1_Crow_8_1_34,"100年前，不對，是更久遠嗎？！"
Sub1_Crow_8_1_35,"聽說被稱為魔王的怪物出現在奧勒貝利亞統治的王國領地。"
Sub1_Crow_8_1_36,"因為那邊的氣候和地形都很嚴峻，我們帝國也沒有特別去注意。"
Sub1_Crow_8_1_37,"那邊的王擊敗怪物的區域就是發現古王國文明的地區。"
Sub1_Crow_8_1_38,"我知道。"
Sub1_Crow_8_1_39,"那個王在這裡也很有名，他的名字是凱爾，世人稱他為露亞的勇士。"
Sub1_Crow_8_1_40,"他最後戰鬥的地方是卡爾庫斯沼澤地帶嗎..."
Sub1_Crow_8_1_41,"沒錯，騎士之國奧勒貝利亞並不清楚出現在那邊的古魔導王國的遺跡其技術力的價值，就這樣放任那個地區不管，因為那邊是發生戰爭的地區，一般人當然會忌諱踏進那個區域。"
Sub1_Crow_8_1_42,"但我們不一樣，我們在各地尋找魔導王國的蹤跡且運用於技術上。"
Sub1_Crow_8_1_43,"曾經是大陸霸者的帝國得知新遺跡出現的消息後，便立刻忙著探險遺跡，\n當然基於擔憂國家間的紛爭，所以都是秘密進行。"
Sub1_Crow_8_1_44,"但目前為止沒有人進去過遺跡的中心地帶。"
Sub1_Crow_8_1_45,"當然憑目前的技術根本就無法對抗古代王國的怪物，就像是眼前有一道無法突破的牆，\n奧勒貝利亞也因為我們的造訪，似乎早在數十年前就不斷來往我們的國家。"
Sub1_Crow_8_1_46,"很神奇的是，兩方都沒有在談論土地的所有權。"
Sub1_Crow_8_1_47,"一方面必須盡可能避免摩擦，另一方面也讓人質疑淪落為死亡之地的那個地區是否有那種程度的重要性...再加上...在宣示那是自己的領土時，帝國就不可能會放棄那塊領土。"
Sub1_Crow_8_1_48,"因為十之八九一定會以武力介入，奧勒貝利亞已經因為戰爭失去太多了，\n所以大概不需要承受那樣的危險。"
Sub1_Crow_8_1_49,"你的武器是我們利用從那邊取得的珍貴能量源努力製作而成的。"
Sub1_Crow_8_1_50,"就是一個從遺跡掉落的魔方碎片。"
Sub1_Crow_8_1_51,"那是遠遠超乎我們想像的技術力。"
Sub1_Crow_8_1_52,"光是那個小碎片中的能量就足以讓一個小國家在地圖上完全消失不見。"
Sub1_Crow_8_1_53,"也因為這樣，馬寇列弗萊姆有一半左右為了抑制這股力量而不幸被摧毀，後來才重建。"
Sub1_Crow_8_1_54,"那個碎片多大呢？"
Sub1_Crow_8_1_55,"大概和你的拳頭一樣大吧。"
Sub1_Crow_8_1_56,"利用那個東西就擊潰一個國家？"
Sub1_Crow_8_1_57,"每次探索他們的遺跡時，都會讓人心生敬畏之心，\n為了能更快抵達遺跡，才會將此一馬寇列弗萊姆建造為移動要塞。"
Sub1_Crow_8_1_58,"同時也會害怕...那麼強大的王國為何會只留下這麼一點痕跡就消失不見了呢..."
Sub1_Crow_8_1_59,"這個世界真正的模樣還沒出現..."
Sub1_Crow_8_1_60,"..."
Sub1_Crow_8_1_61,"還有你！你會讓我分心，你去別的地方晃晃吧。"
Sub1_Crow_8_1_62,"在這麼大的地方迷路該怎麼辦呢？！"
Sub1_Crow_8_1_63,"喂～？大姊？"
Sub1_Crow_8_1_64,"我在出來之前聽說大貴族的士兵正往這邊接近當中。"
Sub1_Crow_8_1_65,"應該不是真的吧？"
Sub1_Crow_8_1_66,"我真的去晃晃也沒關係嗎？"
Sub1_Crow_8_1_67,"這個嘛..."
Sub1_Crow_8_1_68,"我最討厭麻煩的事情了，別害我被捲入。"
Sub1_Crow_8_1_69,"呼啊..."
Sub1_Crow_8_1_70,"..."
Sub1_Crow_8_1_71,"..."
Sub1_Crow_8_1_72,"...羅潔和羅雅...有去好的地方了嗎？"
Sub1_Crow_8_1_73,"...唉..."
Sub1_Crow_8_1_74,"羅潔一直都很擔心你。"
Sub1_Crow_8_1_75,"嗯..."
Sub1_Crow_8_1_76,"抬起頭來，這並不是你的錯。"
Sub1_Crow_8_1_77,"不，我應該陪伴在她們身邊的..."
Sub1_Crow_8_1_78,"就算代替她們兩個死去...我也應該待在那個地方..."
Sub1_Crow_8_1_79,"如果你是羅潔的話..."
Sub1_Crow_8_1_80,"大概就不會...說出那種悲傷的話..."
Sub1_Crow_8_1_81,"..."
Sub1_Crow_8_1_82,"她一定會很感謝你還活著...而且一心期望你沒有受傷..."
Sub1_Crow_8_1_83,"也希望你不會太難過...因為她就是那樣的人..."
Sub1_Crow_8_1_84,"...我辦不到..."
Sub1_Crow_8_1_85,"我知道，所以我不會叫你注意自己的安危。"
Sub1_Crow_8_1_86,"我也不會叫你原諒和忘記這一切，然後去尋找你的幸福。"
Sub1_Crow_8_1_87,"找出殺害羅潔和羅雅的那些傢伙..."
Sub1_Crow_8_1_88,"全都殺光！"
Sub1_Crow_8_1_89,"好..."
Sub1_Crow_8_1_90,"千萬別原諒他們..."
Sub1_Crow_8_1_91,"好..."
Sub1_Crow_8_1_92,"因為我沒有那種力量，我會將我能給的一切交給你..."
Sub1_Crow_8_1_93,"絕對...不要停止..."
Sub1_Crow_8_1_94,"好，我答應你..."
Sub1_Crow_8_1_95,"羅潔知道關於邪惡之夜計畫的事情..."
Sub1_Crow_8_1_96,"不，正確來說是知道那個啟動邪惡之夜且名為潘朵拉的組織。"
Sub1_Crow_8_1_97,"因為他們也曾試圖接近我和羅潔。"
Sub1_Crow_8_1_98,"老公，你回來時我有話要跟你說..."
Sub1_Crow_8_1_99,"說不定會造成你的困擾..."
Sub1_Crow_8_1_100,"不，應該會很困擾...抱歉..."
Sub1_Crow_8_1_101,"我再說一次，羅潔並不是因為你而死的。"
Sub1_Crow_8_1_102,"羅潔是因為太正直了..."
Sub1_Crow_8_1_103,"因為她是會對抗龐大邪惡勢力，而且能鼓起勇氣拒絕的人。"
Sub1_Crow_8_1_104,"我要交給你的同時也是羅潔負責的物品。"
Sub1_Crow_8_1_105,"...為了你的安全。"
Sub1_Crow_8_1_106,"但是..."
Sub1_Crow_8_1_107,"為了報仇，我要將這個東西交給你。"
Sub1_Crow_8_1_108,"帝國最大研究機關馬寇列弗萊姆目前創造出破壞力最強的一項武器..."
Sub1_Crow_8_1_109,"阿基司特拉專案..."
Sub1_Crow_8_1_110,"我是依照你先前使用的武器製作的。"
Sub1_Crow_8_1_111,"這是連神都能消滅的力量。"
Sub1_Crow_8_1_112,"這是羅潔的部分研究，因為只對你的生命能量產生反應，這個世界上只有你能使用而已。"
Sub1_Crow_8_1_113,"羅潔..."
Sub1_Crow_8_1_114,"老頭，大事不妙了！不對，不是大事，應該說是令人開心嗎？"
Sub1_Crow_8_1_115,"我知道了..."
Sub1_Crow_8_1_116,"讓妳受到波及，真的很抱歉。"
Sub1_Crow_8_1_117,"別說那種話。"
Sub1_Crow_8_1_118,"對了，最終調整已經結束了。"
Sub1_Crow_8_1_119,"但畢竟這是重要的專案，而且也無法隨便帶著新型武器離開。"
Sub1_Crow_8_1_120,"你！"
Sub1_Crow_8_1_121,"是，大姊。"
Sub1_Crow_8_1_122,"到遠處將它扔向天空吧！"
Sub1_Crow_8_1_123,"那我就會把東西送到那個位置，你們只要去回收就行了。"
Sub1_Crow_8_1_124,"等一下？妳不是說老頭的武器上有裝那個碎片嗎？這樣隨便亂扔不會引爆嗎？"
Sub1_Crow_8_1_125,"我調整過了，不會爆炸。"
Sub1_Crow_8_1_126,"如果爆炸的話..."
Sub1_Crow_8_1_127,"爆炸的話...？"
Sub1_Crow_8_1_128,"嗯...看來得將研究所往後移動一點。"
Sub1_Crow_8_1_129,"喔？"
Sub1_Crow_8_1_130,"嗯？"
Sub1_Crow_8_1_131,"相信你們應該都很清楚，研究所後方有出去的門。"
Sub1_Crow_8_1_132,"我知道了。"
Sub1_Crow_8_1_133,"如果是來追我們的話，那就表示他們已經知道我們的關係。"
Sub1_Crow_8_1_134,"妳...和我們一起離開會比較好吧。"
Sub1_Crow_8_1_135,"對，羅潔很喜歡這樣的你..."
Sub1_Crow_8_1_136,"雖然你對其他人都很冷淡...但對羅潔..."
Sub1_Crow_8_1_137,"總是能露出溫柔的眼神和溫柔的聲音..."
Sub1_Crow_8_1_138,"我很愛這樣的你們..."
Sub1_Crow_8_1_139,"..."
Sub1_Crow_8_1_140,"不用擔心我，因為帝國其實非常需要我。"
Sub1_Crow_8_1_141,"我知道了。"
Sub1_Crow_8_1_142,"那麼告辭了。"
Sub1_Crow_8_1_143,"大姊，下次一定要好好關照弟弟我呦～"
Sub1_Crow_8_1_144,"呵呵，好，我會考慮看看。"
Sub1_Crow_8_1_145,"馬寇列弗萊姆真不愧是帝國自豪的研究機關。"
Sub1_Crow_8_1_146,"千萬別太逞強。"
Sub1_Crow_8_1_147,"快點走吧。"
Sub1_Crow_9_1_1,"..."
Sub1_Crow_9_1_2,"巴蘭賽所長，好久不見了。"
Sub1_Crow_9_1_3,"我一點都不想再見到你那張臉耶。"
Sub1_Crow_9_1_4,"竟敢對大貴族萊茵哈特如此無禮..."
Sub1_Crow_9_1_5,"唉，算了。"
Sub1_Crow_9_1_6,"哈哈，妳是因為深受帝國信賴才會如此狂妄的嗎？"
Sub1_Crow_9_1_7,"狂妄的臭丫頭。"
Sub1_Crow_9_1_8,"話雖如此，妳認為我會在意嗎？"
Sub1_Crow_9_1_9,"那就隨便你吧。"
Sub1_Crow_9_1_10,"..."
Sub1_Crow_9_1_11,"算了。"
Sub1_Crow_9_1_12,"可惡的獵犬在哪呢？"
Sub1_Crow_9_1_13,"獵犬？我眼前倒是有雜種狗耶？！"
Sub1_Crow_9_1_14,"放肆！！"
Sub1_Crow_9_1_15,"妳現在還有利用價值，所以我不會動妳..."
Sub1_Crow_9_1_16,"但千萬別忘記，像妳這種角色我隨時都能處置。"
Sub1_Crow_9_1_17,"我通常都會加倍奉還修理我的傢伙。"
Sub1_Crow_9_1_18,"所以小心一點..."
Sub1_Crow_9_1_19,"當妳失去利用價值時..."
Sub1_Crow_9_1_20,"可能會和妳的家一起消失在大火當中。"
Sub1_Crow_9_1_21,"..."
Sub1_Crow_9_1_22,"我一定..."
Sub1_Crow_9_1_23,"會將你推向煉獄當中。"
Sub1_Crow_9_1_24,"嘻嘻，儘管來吧。"
Sub1_Crow_9_1_25,"已經確認越過國境橋樑的兩個傢伙了。"
Sub1_Crow_9_1_26,"好...我要殺了他們..."
Sub1_Crow_9_1_27,"無論有沒有穿越國境都一定要將他們殺了。"
Sub1_Crow_9_1_28,"那麼下次見了，巴蘭賽研究所長。"
Sub1_Crow_9_1_29,"我會把那傢伙的屍體帶過來，妳就在這邊等著吧，屆時妳大概就會變聽話一點吧..."
Sub1_Crow_9_1_30,"啊～到時候就來接收這裡正在研發的新兵器吧。"
Sub1_Crow_9_1_31,"你怎麼會知道？"
Sub1_Crow_9_1_32,"沒有事情能夠逃過我們的雙眼，包括那個武器即將就要完成了。"
Sub1_Crow_9_1_33,"..."
Sub1_Crow_9_1_34,"好，開始狩獵獵犬！！"
Sub1_Crow_9_2_1,"在那邊！！"
Sub1_Crow_9_2_2,"追上去！！"
Sub1_Crow_9_2_3,"老頭，敵人已經追上來了？"
Sub1_Crow_9_2_4,"大姊沒事吧？"
Sub1_Crow_9_2_5,"...她不會有事的。"
Sub1_Crow_9_2_6,"區區的私兵竟然假扮成正規兵...？"
Sub1_Crow_9_2_7,"一窩蜂全都湧入了呢？看起來足足有100名？"
Sub1_Crow_9_2_8,"所以有問題嗎？"
Sub1_Crow_9_2_9,"問題？光憑100名士兵根本就無法對付老頭和我。"
Sub1_Crow_9_2_10,"擊敗敵人後稍微繞一下路再撤退吧。"
Sub1_Crow_9_2_11,"是要繞一圈往橋的方向移動吧？沒問題。"
Sub1_Crow_9_3_1,"追上去！然後將他們殺了！-"
Sub1_Crow_9_3_2,"好，領死的時間到了！"
Sub1_Crow_9_3_3,"哈哈！不停地追過來呢。"
Sub1_Crow_9_3_4,"天啊！你想抓我們嗎？！"
Sub1_Crow_9_3_5,"哈哈！接招吧！"
Sub1_Crow_9_3_6,"還沒結束呢！"
Sub1_Crow_9_4_1,"哈哈！拼命掙扎呢！你們的死期到了！上吧！"
Sub1_Crow_9_5_1,"老頭，我認為這樣應該就差不多了。"
Sub1_Crow_9_5_2,"不只是距離而已，橋在遠處，而且方向也完全不一樣。"
Sub1_Crow_9_5_3,"好，還不賴呢。"
Sub1_Crow_9_5_4,"好。"
Sub1_Crow_9_5_5,"將這個東西對準天空..."
Sub1_Crow_9_5_6,"嗯啊！為何這麼大聲呢？！"
Sub1_Crow_9_5_7,"搞什麼呀？是慶典嗎？"
Sub1_Crow_9_5_8,"總之...大姊說只要將老頭的東西扔出去就能改變局勢吧？"
Sub1_Crow_9_5_9,"別吵了，快點開槍吧！"
Sub1_Crow_10_1_1,"還沒來嗎？"
Sub1_Crow_10_1_2,"大姊真的沒事吧？"
Sub1_Crow_10_2_1,"嗯，這種節骨眼...真是抱歉，老頭..."
Sub1_Crow_10_2_2,"看來我算錯數字了...好像足足超過500名耶？"
Sub1_Crow_10_2_3,"口口聲聲說自己是大貴族，竟然率領這麼多兵力來。"
Sub1_Crow_10_2_4,"真是傷腦筋呢？"
Sub1_Crow_10_2_5,"廢話少說，快點開槍吧！"
Sub1_Crow_10_2_6,"遵命！大不了就翹辮子囉！"
Sub1_Crow_10_3_1,"嘖，垃圾就是垃圾！"
Sub1_Crow_10_3_2,"在萊茵哈特大人的力量面前不斷地掙扎，樣子看起來還真是可憐！"
Sub1_Crow_10_3_3,"他一直自言自語耶？"
Sub1_Crow_10_3_4,"...別理他。"
Sub1_Crow_10_4_1,"一切都結束了！！垃圾們！！"
Sub1_Crow_10_4_2,"來了。"
Sub1_Crow_10_4_3,"米特拉，快往後！"
Sub1_Crow_10_4_4,"遵命！喔？你剛才叫了我的名字吧？"
Sub1_Crow_10_4_5,"哈！"
Sub1_Crow_10_4_6,"差一點就沒命了！！"
Sub1_Crow_10_4_7,"那、那是什麼...？"
Sub1_Crow_10_4_8,"好像是從馬寇列弗萊姆飛過來的。"
Sub1_Crow_10_4_9,"什麼？那些傢伙在搞什麼呢？為何會出現那種砲擊...！"
Sub1_Crow_10_4_10,"其實...從剛才開始就聯絡不上了。"
Sub1_Crow_10_4_11,"什麼？"
Sub1_Crow_10_4_12,"！？"
Sub1_Crow_10_4_13,"那不是砲擊嗎？"
Sub1_Crow_10_4_14,"那是...什麼..."
Sub1_Crow_10_4_15,"不清楚..."
Sub1_Crow_10_4_16,"難道是...！？"
Sub1_Crow_10_4_17,"馬寇列弗萊姆的新兵器...？"
Sub1_Crow_10_4_18,"可惡！已經完成了嗎？！"
Sub1_Crow_10_4_19,"快擋住那個東西！別讓獵犬拿到那個東西！！"
Sub1_Crow_10_4_20,"咦？啊，遵命！"
Sub1_Crow_10_4_21,"發什麼呆？！立刻殺了他！！"
Sub1_Crow_10_4_22,"快點殺了那兩個傢伙！！"
Sub1_Crow_10_4_23,"嘖嘖！！快點派出所有的狂戰士！！快點！！"
Sub1_Crow_10_4_24,"這樣我方的士兵也會遭殃！"
Sub1_Crow_10_4_25,"無所謂！閉嘴！快點派出去！！"
Sub1_Crow_10_4_26,"噢...一群瘋子不斷衝過來呢！！"
Sub1_Crow_10_4_27,"！？"
Sub1_Crow_10_4_28,"我們沒事...但是...很擔心你..."
Sub1_Crow_10_4_29,"希望你不要受傷..."
Sub1_Crow_10_4_30,"希望你不要發生任何事..."
Sub1_Crow_10_4_31,"解除拘束..."
Sub1_Crow_10_4_32,"獵犬模式啟動。"
Sub1_Crow_11_1_1,"快擋住他！！擋住他！！"
Sub1_Crow_11_1_2,"現、現在...總覺得..."
Sub1_Crow_11_1_3,"太荒謬了..."
Sub1_Crow_11_1_4,"咦嗚嗚...！"
Sub1_Crow_11_1_5,"不要逃跑！！快點殺了他們！！"
Sub1_Crow_11_1_6,"別開玩笑了！！我沒聽說過這種事！！"
Sub1_Crow_11_1_7,"可惡，該死的臭狐狸！！"
Sub1_Crow_11_1_8,"能量魔方是何時..."
Sub1_Crow_11_1_9,"就憑你這種角色...膽敢妨礙身為大貴族的我..."
Sub1_Crow_11_1_10,"..."
Sub1_Crow_11_1_11,"..."
Sub1_Crow_11_1_12,"那是什麼表情...我問你那是什麼表情？！"
Sub1_Crow_11_1_13,"..."
Sub1_Crow_11_1_14,"看來你平安無事呢，萊茵哈特爵士。"
Sub1_Crow_11_1_15,"妳又是誰呀..."
Sub1_Crow_11_1_16,"妳？"
Sub1_Crow_11_1_17,"..."
Sub1_Crow_11_1_18,"我是監察局的克莉莎少校。"
Sub1_Crow_11_1_19,"是專程來帶您的。"
Sub1_Crow_11_1_20,"誰膽敢決定我的去留。"
Sub1_Crow_11_1_21,"爵士領地的研究所已經燒燬了。"
Sub1_Crow_11_1_22,"什麼？"
Sub1_Crow_11_1_23,"我們將要逮捕爵士，"
Sub1_Crow_11_1_24,"讓邪惡之夜計畫無法繼續進行研究。"
Sub1_Crow_11_1_25,"另外，監察部和皇帝的護衛隊正在處理剩餘的狂戰士。"
Sub1_Crow_11_1_26,"燒毀...？你們竟然敢..."
Sub1_Crow_11_1_27,"你們知道那項計畫花費的費用有多少嗎..."
Sub1_Crow_11_1_28,"您必須跟我一起走。"
Sub1_Crow_11_1_29,"嘻嘻...嘻..."
Sub1_Crow_11_1_30,"妳以為只要解決我就能結束這一切嗎？"
Sub1_Crow_11_1_31,"邪惡之夜計畫..."
Sub1_Crow_11_1_32,"超越帝國的驚人力量..."
Sub1_Crow_11_1_33,"你們確定只要銷毀資料就能阻止這項計畫嗎？"
Sub1_Crow_11_1_34,"別傻了，他們早就親眼見過這項計畫了。"
Sub1_Crow_11_1_35,"他們不可能忘記這種事情，無論多麼依賴資料數據..."
Sub1_Crow_11_1_36,"邪惡之夜計畫的成果就是他們一手創造出來的。"
Sub1_Crow_11_1_37,"就算這樣銷毀資料和破壞實驗體也無法改變任何事情。"
Sub1_Crow_11_1_38,"這就是事實！況且...最重要的是...已經有接近成功的實驗體了。"
Sub1_Crow_11_1_39,"還真是多話。"
Sub1_Crow_11_1_40,"只要利用那小子就能加強創造出更完美的狀態。"
Sub1_Crow_11_1_41,"..."
Sub1_Crow_11_1_42,"聽見了嗎？妳只是暫時停止我們的步伐而已。"
Sub1_Crow_11_1_43,"一切都是白費功夫！！"
Sub1_Crow_11_1_44,"你話都說完了嗎？"
Sub1_Crow_11_1_45,"...什麼？"
Sub1_Crow_11_1_46,"他是皇帝的親戚，同時也是大貴族。"
Sub1_Crow_11_1_47,"他的生死將會由陛下決定。"
Sub1_Crow_11_1_48,"胡說八道！"
Sub1_Crow_11_1_49,"夠了！如果殺了他，就會喪失好不容易抓到的潘朵拉相關線索。"
Sub1_Crow_11_1_50,"..."
Sub1_Crow_11_1_51,"比起眼前的復仇，更應該找出元兇。"
Sub1_Crow_11_1_52,"不然只會出現第2個和第3個萊茵哈特。"
Sub1_Crow_11_1_53,"這件事與我無關。"
Sub1_Crow_11_1_54,"我要消滅這個傢伙和那個組織！"
Sub1_Crow_11_1_55,"沒錯，老頭！我們兩個將他們全都消滅吧！"
Sub1_Crow_11_1_56,"我贊成！"
Sub1_Crow_11_1_57,"大姊！"
Sub1_Crow_11_1_58,"..."
Sub1_Crow_11_1_59,"巴蘭賽所長。"
Sub1_Crow_11_1_60,"但是記得我說過的話。"
Sub1_Crow_11_1_61,"我拜託你殺光所有傷害羅潔和羅雅的傢伙。"
Sub1_Crow_11_1_62,"並不是只有指這個傢伙而已，而是指潘朵拉的所有成員。"
Sub1_Crow_11_1_63,"我也很希望殺了這個傢伙！"
Sub1_Crow_11_1_64,"但不能因為殺了這個傢伙而讓其他惡徒逃過制裁。"
Sub1_Crow_11_1_65,"必須殺了這個傢伙，然後連同其他的惡徒也一起消滅。"
Sub1_Crow_11_1_66,"選擇權在於你。"
Sub1_Crow_11_1_67,"我只要結果就好了。"
Sub1_Crow_11_1_68,"我知道了。"
Sub1_Crow_11_1_69,"脾氣還真是倔強。"
Sub1_Crow_11_1_70,"保護萊茵哈特爵士吧！"
Sub1_Crow_11_1_71,"如果敢妨礙我，我不會手下留情。"
Sub1_Crow_11_1_72,"好吧～看來這次得把槍口對準監察局了？！"
Sub1_Crow_11_1_73,"真是糟糕..."
Sub1_Crow_11_1_74,"竟然像小孩一樣在這邊吵架賭氣。"
Sub1_Crow_11_1_75,"！？"
Sub1_Crow_11_1_76,"！？"
Sub1_Crow_11_1_77,"我想要提出仲裁，怎麼樣呢？"
Sub1_Crow_11_1_78,"皇帝的護衛隊...？"
Sub1_Crow_11_1_79,"噢噢！陛下派人來保護我嗎？！"
Sub1_Crow_11_1_80,"不，真是遺憾，正好相反！"
Sub1_Crow_11_1_81,"什麼！？"
Sub1_Crow_11_1_82,"帝國飛舞的劍..."
Sub1_Crow_11_1_83,"至少要阻止被我視為隊友的人之間發生衝突。"
Sub1_Crow_11_1_84,"老頭，那傢伙是誰呀？眼神相當銳利，總覺得就算開槍，子彈也會被他切碎。"
Sub1_Crow_11_1_85,"皇帝的親衛隊副隊長。"
Sub1_Crow_11_1_86,"那把雙手劍就是知名的費拉爾塔？"
Sub1_Crow_11_1_87,"如果被基裴拉看見，大概會奮不顧身立刻衝過去吧..."
Sub1_Crow_11_1_88,"並不是說不要取他的性命。"
Sub1_Crow_11_1_89,"只是要你們稍微等一下。"
Sub1_Crow_11_1_90,"雖然剛才說已經燒燬這個領地的研究所了..."
Sub1_Crow_11_1_91,"我們也受到相當程度的傷害。"
Sub1_Crow_11_1_92,"出現了一名和一般狂戰士完全不同層次的傢伙..."
Sub1_Crow_11_1_93,"60名士兵都抵擋不住的怪物..."
Sub1_Crow_11_1_94,"噢...是指監察部隊的60名人員嗎？"
Sub1_Crow_11_1_95,"結果讓那傢伙逃走了。"
Sub1_Crow_11_1_96,"萊茵哈特說的半成功作品大概就是指那個實驗體吧。"
Sub1_Crow_11_1_97,"沒什麼好感嘆的！"
Sub1_Crow_11_1_98,"就算說是半成品，但光憑一個實驗體就擁有那種程度的戰鬥力。"
Sub1_Crow_11_1_99,"如果這樣的狂戰士落入個人、其他國家、甚至是反抗軍手中，\n那整個帝國可能就會受到動搖。"
Sub1_Crow_11_1_100,"這件事確實不能忽視。"
Sub1_Crow_11_1_101,"看清楚了，潘朵拉進行的計畫之一就具備這種程度的影響力了。"
Sub1_Crow_11_1_102,"儘管如此，現在帝國軍依然只是一昧地內鬨且只擔心自身的安危。"
Sub1_Crow_11_1_103,"這是好機會，解決這次的事件後，為了偉大的帝國，\n剷除一切和潘朵拉相關的腐朽根源。"
Sub1_Crow_11_1_104,"那種可惡的貴族...好，全都殺光吧。"
Sub1_Crow_11_1_105,"但審訊結束後，就輪到殲滅潘朵拉。"
Sub1_Crow_11_1_106,"我決定當作沒聽見妳剛才說的那番話。"
Sub1_Crow_11_1_107,"...我知道了，就這麼辦吧。"
Sub1_Crow_11_1_108,"呼...終於..."
Sub1_Crow_11_1_109,"...我今天不會取你性命。"
Sub1_Crow_11_1_110,"為何陛下要這樣對我呢..."
Sub1_Crow_11_1_111,"我明明對陛下是那麼忠誠...為了陛下..."
Sub1_Crow_11_1_112,"我..."
Sub1_Crow_11_1_113,"你在做什麼？！！"
Sub1_Crow_11_1_114,"嗯啊啊啊！"
Sub1_Crow_11_1_115,"我會讓你承受莫大的苦痛。"
Sub1_Crow_11_1_116,"腳！！我的腳！！嗯啊啊啊！"
Sub1_Crow_11_1_117,"萊茵哈特爵士！"
Sub1_Crow_11_1_118,"沒關係。"
Sub1_Crow_11_1_119,"嗯...嗯嗯...好痛...好痛..."
Sub1_Crow_11_1_120,"別忘記，現在是腳...下次是手..."
Sub1_Crow_11_1_121,"為了不讓你忘記我失去家人的苦痛，每過一段時間..."
Sub1_Crow_11_1_122,"我就會出現在你眼前，然後讓你承受相同的苦痛。"
Sub1_Crow_11_1_123,"嗯嗯嗯嗯..."
Sub1_Crow_11_1_124,"別忘記我的雙眼..."
Sub1_Crow_11_1_125,"對了，我還會殺光和你狼狽為奸的所有潘朵拉的成員..."
Sub1_Crow_11_1_126,"我一定會不斷地出現在你眼前。"
Sub1_Crow_11_1_127,"嗚嗚！！"
Sub1_Crow_11_1_128,"帶走吧..."
Sub1_Crow_11_1_129,"萊茵哈特爵士有些粗魯，請多加諒解。"
Sub1_Crow_11_1_130,"請幫幫我...皇帝陛下..."
Sub1_Crow_11_1_131,"請幫幫我...瘋狂的獵犬...企圖要殺我...！"
Sub1_Crow_11_1_132,"那個程度的傷勢只要接受治療就不會有生命危險。"
Sub1_Crow_11_1_133,"...真是無言以對..."
Sub1_Crow_11_1_134,"不過你怎麼會來這裡呢？"
Sub1_Crow_11_1_135,"就像是早就知道那小子會出現一樣。"
Sub1_Crow_11_1_136,"大概是悄悄將我的行蹤告訴他了吧。"
Sub1_Crow_11_1_137,"什麼？要讓我們當誘餌嗎？"
Sub1_Crow_11_1_138,"無所謂。"
Sub1_Crow_11_1_139,"..."
Sub1_Crow_11_1_140,"老頭說無所謂耶，好，那就算了吧。"
Sub1_Crow_11_1_141,"既然大家都看見這個情況了...那我就不能放過你。"
Sub1_Crow_11_1_142,"你從小就有把事情變得更加複雜的才能。"
Sub1_Crow_11_1_143,"總覺得我不該來這裡才對的。"
Sub1_Crow_11_1_144,"離開這裡吧，我們不會抓你。"
Sub1_Crow_11_1_145,"離開這裡後就立刻使用假名吧，那個武器...短時間內希望你不要使用..."
Sub1_Crow_11_1_146,"太引人注目了。"
Sub1_Crow_11_1_147,"...這件事與你無關。"
Sub1_Crow_11_1_148,"避開他們的視線吧！然後成為新的人物！"
Sub1_Crow_11_1_149,"幸虧你本來屬於軍隊的秘密部隊，知道你長相的人也非常少。"
Sub1_Crow_11_1_150,"成為他們需要的人吧！"
Sub1_Crow_11_1_151,"如果不屬於任何一個組織，而且是站在獨一無二的位置..."
Sub1_Crow_11_1_152,"如此一來他們一定會來找你。"
Sub1_Crow_11_1_153,"因此..."
Sub1_Crow_11_1_154,"白頭髮..."
Sub1_Crow_11_1_155,"什麼？"
Sub1_Crow_11_1_156,"你必須做一件事。"
Sub1_Crow_11_1_157,"我很閒。"
Sub1_Crow_12_1_1,"2年後。"
Sub1_Crow_12_1_2,"我、我想要委託..."
Sub1_Crow_12_1_3,"就算不看也知道他非常緊張。"
Sub1_Crow_12_1_4,"乾淨的穿著、漂亮的雙手..."
Sub1_Crow_12_1_5,"以及手中的紳士帽...這名男子..."
Sub1_Crow_12_1_6,"大概一直以來都過著與這個亂世"
Sub1_Crow_12_1_7,"毫無關係的日子。"
Sub1_Crow_12_1_8,"我是賞金獵人。"
Sub1_Crow_12_1_9,"男子注視著的另一名男人。"
Sub1_Crow_12_1_10,"散發一股光是看著就足以凍結一切的氣息..."
Sub1_Crow_12_1_11,"跨坐在足以把人塞進去的"
Sub1_Crow_12_1_12,"巨大背包上。"
Sub1_Crow_12_1_13,"..."
Sub1_Crow_12_1_14,"好冰冷的雙眼。"
Sub1_Crow_12_1_15,"而且那是一雙相當危險的眼睛。"
Sub1_Crow_12_1_16,"也就是說...除了懸賞金以外..."
Sub1_Crow_12_1_17,"無法隱藏害怕的表情..."
Sub1_Crow_12_1_18,"男子吞吞吐吐地接著說..."
Sub1_Crow_12_1_19,"也、也就是說你會依照情況..."
Sub1_Crow_12_1_20,"接受委託..."
Sub1_Crow_12_1_21,"..."
Sub1_Crow_12_1_22,"當、當然我會支付酬勞！"
Sub1_Crow_12_1_23,"我會交出我擁有的一切！"
Sub1_Crow_12_1_24,"迫切的吶喊聲..."
Sub1_Crow_12_1_25,"男人只是不斷地轉動口中的糖果。"
Sub1_Crow_12_1_26,"委託內容呢？"
Sub1_Crow_12_1_27,"替女兒報仇..."
Sub1_Crow_12_1_28,"殺害我女兒的那些惡徒..."
Sub1_Crow_12_1_29,"最殘忍的報仇..."
Sub1_Crow_12_1_30,"...女兒？"
Sub1_Crow_12_1_31,"一瞬間..."
Sub1_Crow_12_1_32,"男子突然變得一副很冷淡的樣子，"
Sub1_Crow_12_1_33,"表情冰冷，"
Sub1_Crow_12_1_34,"眼神瀰漫一股殺氣..."
Sub1_Crow_12_1_35,"男子小心翼翼地開口詢問。"
Sub1_Crow_12_1_36,"可、可以嗎？"
Sub1_Crow_12_1_37,"接著男人露出了殘酷的笑容。"
Sub1_Crow_12_1_38,"如果有名分的話，就算是神我也會殺！"
Sub1_Crow_12_1_39,"男人在說完自己的女兒被殺害後，"
Sub1_Crow_12_1_40,"便遞出懸賞單離開了..."
Sub1_Crow_12_1_41,"男子則以堅定的眼神凝視著他直到他的背影消失為止。"
Sub1_Crow_12_1_42,"確實沒錯！"
Sub1_Crow_12_1_43,"從進入這裡的瞬間開始..."
Sub1_Crow_12_1_44,"直到出來為止。"
Sub1_Crow_12_1_45,"這名男子的動作、表情和口氣..."
Sub1_Crow_12_1_46,"全都是刻意偽裝出來的。"
Sub1_Crow_12_1_47,"這一切都是編好的演技..."
Sub1_Crow_12_1_48,"這是為了引誘且試驗自己的誘餌。"
Sub1_Crow_12_1_49,"好。"
Sub1_Crow_12_1_50,"...對方上鉤了。"
Sub1_Crow_13_1_1,"我感覺的到...迫切的願望。"
Sub1_Crow_13_1_2,"還有...迫切的思念..."
Sub1_Crow_13_1_3,"悲傷...混淆著充滿渴望的思念..."
Sub1_Crow_13_1_4,"啊啊..."
Sub1_Crow_13_1_5,"那會有多痛苦呢..."
Sub1_Crow_13_1_6,"會有多刻苦銘心呢..."
Sub1_Crow_13_1_7,"我看見了...你的每一天都充滿著悲傷..."
Sub1_Crow_13_1_8,"我還沒坐下耶。"
Sub1_Crow_13_1_9,"...."
Sub1_Crow_13_1_10,"應該沒關係吧..."
Sub1_Crow_13_1_11,"那我就問了。"
Sub1_Crow_13_1_12,"妳可以跟另一個世界的人交談嗎？"
Sub1_Crow_13_1_13,"或是妳知道那些人都去哪裡了嗎？"
Sub1_Crow_13_1_14,"不，我換個方式問吧。"
Sub1_Crow_13_1_15,"如果我死掉了..."
Sub1_Crow_13_1_16,"我能夠回到我太太和女兒的身邊嗎？"
Sub1_Crow_13_1_17,"（聽說最近大家都在談論維爾吉亞的團長。）"
Sub1_Crow_13_1_18,"（嗯，既然擁有那種程度的實力，看來帝國還有看人的眼光呢。）"
Sub1_Crow_9_5_5_1,"?"
Sub1_Crow_0_1_1,"是有關這次研究的事，可能會讓你很困擾..."
Sub1_Crow_0_1_2,"不，是一定會。"
Sub1_Crow_0_1_3,"直到夕陽西下為止，"
Sub1_Crow_0_1_4,"她始終不發一語專注地"
Sub1_Crow_0_1_5,"埋葬一個又一個的士兵。"
Sub1_Crow_0_1_6,"假如事情又是因為自己而起，"
Sub1_Crow_0_1_7,"那愧咎感一定就更加強烈了.."
Sub1_Crow_0_1_8,"難道是因為卡珊卓說"
Sub1_Crow_0_1_9,"邪惡之夜計畫跟她有關的關係嗎？"
Sub1_Crow_0_1_10,"她和存活下來的士兵們整頓好戰力後"
Sub1_Crow_0_1_11,"坐到了克洛的面前"
Sub1_Crow_0_1_12,".."
Sub1_Crow_0_1_13,"雖然不知道她和士兵們說了些什麼，"
Sub1_Crow_0_1_14,"但士兵們的表情並不是很好。"
Sub1_Crow_0_1_15,"只剩下可以推敲"
Sub1_Crow_0_1_16,"當時情況的痕跡了。"
Sub1_Crow_0_1_17,"為了不讓你忘記我失去家人的苦痛，"
Sub1_Crow_0_1_18,"每過一段時間..."
Sub1_Crow_0_1_19,"幸虧你本來屬於軍隊的秘密部隊，"
Sub1_Crow_0_1_20,"知道你長相的人也非常少。"
