KEY,ChineseSimplified
DAILYMISSION_LOGIN_NAME,拜访英雄
DAILYMISSION_LOGIN_DESC,{1}天联机{1}次
DAILYMISSION_DUNGEON_CLEAR_NAME,持续不断的冒险
DAILYMISSION_DUNGEON_CLEAR_DESC,副本通关{1}次
DAILYMISSION_ITEM_GET_NAME,宝物猎人
DAILYMISSION_ITEM_GET_DESC,在副本获得装备或道具{1}次
DAILYMISSION_MONSTER_KILL_NAME,击退魔王军吧！
DAILYMISSION_MONSTER_KILL_DESC,消灭怪物{1}只
DAILYMISSION_EXPEDITION_NAME,前往远征吧！
DAILYMISSION_EXPEDITION_DESC,尝试探索或掠夺{1}次
DAILYMISSION_ITEM_CRAFT_NAME,听说你的手艺很不错
DAILYMISSION_ITEM_CRAFT_DESC,制作道具{1}次
DAILYMISSION_ITEM_ENHANCE_NAME,拼命攻击吧！
DAILYMISSION_ITEM_ENHANCE_DESC,强化装备{1}次
DAILYMISSION_TRIAL_CLEAR_NAME,灵魂沉睡之处
DAILYMISSION_TRIAL_CLEAR_DESC,试炼之房通关{1}次
DAILYMISSION_GOLD_GET_NAME,积少成多
DAILYMISSION_GOLD_GET_DESC,在副本中获得{1}金币
DAILYMISSION_PVP_NAME,挑战最强宝座！
DAILYMISSION_PVP_DESC,参加胜者之巅{1}次
DAILYMISSION_GACHA_NAME,开启扑通扑通箱
DAILYMISSION_GACHA_DESC,开启宝箱{1}次
DAILYMISSION_ITEM_BUY_NAME,补给也很重要
DAILYMISSION_ITEM_BUY_DESC,在商店中购买道具{1}次
DAILYMISSION_TOWER_JOIN_NAME,迈向更高的一层
DAILYMISSION_TOWER_JOIN_DESC,进行挑战之塔{1}次
DAILYMISSION_UNDERGROUND_CLEAR_NAME,永无宁日的地下监牢
DAILYMISSION_UNDERGROUND_CLEAR_DESC,地下监牢通关{1}次
MISSION_HERO_LEVEL20_NAME,新手冒险家{1}
MISSION_HERO_LEVEL50_NAME,变强的{1}
MISSION_HERO_LEVEL100_NAME,{1}，达到最高境界
MISSION_HERO_LEVEL_DESC,达成{1}{2}级
MISSION_HERO_STAR_NAME,觉醒的{1}{2}
MISSION_HERO_STAR_DESC,达成{1}觉醒{2}阶段！
MISSION_HERO_GRADE_NAME,突破极限的{1}{2}
MISSION_HERO_GRADE_DESC,{1}升级，达成{2}级别！
MISSION_HERO_SKILL_MASTER_NAME,技能大师{1}{2}
MISSION_HERO_SKILL_MASTER_DESC,{1}技能等级最初达成{2}！
MISSION_HERO_SKILLMASTER_DESC,{1}所有技能大师！
MISSION_EQUIP_GET_NAME,装备收藏家{1}
MISSION_EQUIP_GET_DESC,获得装备{1}次！
MISSION_EQUIP_GET_GRADE_NAME,{1}装备收藏家{2}
MISSION_EQUIP_GET_GRADE_DESC,获得{2}次{1}级别装备！
MISSION_EQUIP_ENHANCE_NAME,尽情打吧！{1}
MISSION_EQUIP_ENHANCE_DESC,装备强化阶段上升{1}次！
MISSION_EQUIP_STAR_NAME,唤醒装备隐藏的力量{1}
MISSION_EQUIP_STAR_DESC,装备觉醒{1}次！
MISSION_ITEM_CRAFT_NAME,试着亲手制作吧？{1}
MISSION_ITEM_CRAFT_DESC,道具制作{1}次
MISSION_ITEM_MATERIAL_GET_NAME,收集素材吧！{1}
MISSION_ITEM_MATERIAL_GET_DESC,获得素材道具{1}次
MISSION_ITEM_RECIPE_GET_NAME,制作道具的方法{1}
MISSION_ITEM_RECIPE_GET_DESC,获得道具制作书{1}次
MISSION_ITEM_EXCHANGE_GET_NAME,值钱的物品！
MISSION_ITEM_EXCHANGE_GET_DESC,获得贩卖用道具{1}次
MISSION_EQUIP_CRAFT_GREEN_NAME,实力坚强的铁匠{1}
MISSION_EQUIP_CRAFT_BLUE_NAME,实力非凡的铁匠{1}
MISSION_EQUIP_CRAFT_PURPLE_NAME,传说的铁匠{1}
MISSION_EQUIP_CRAFT_ORANGE_NAME,拥有神之锤的铁匠{1}
MISSION_EQUIP_CRAFT_DESC,透过制作获得{1}级别装备{2}次
MISSION_CONSUME_CRAFT_GREEN_NAME,制作美味的料理！{1}
MISSION_CONSUME_CRAFT_BLUE_NAME,制作梦幻的料理！{1}
MISSION_CONSUME_CRAFT_PURPLE_NAME,传说的料理师{1}
MISSION_CONSUME_CRAFT_ORANGE_NAME,神之料理师{1}
MISSION_CONSUME_CRAFT_DESC,透过制作获得{1}级别料理{2}次
MISSION_GOLD_NAME,我想成为富豪！{1}
MISSION_GOLD_DESC,金币获得量突破{1}
MISSION_STAMINA_NAME,当然要勤奋地跑呀{1}
MISSION_STAMINA_DESC,体力消耗突破{1}
MISSION_CHAPTER_NORMAL_NAME,征服{1}(一般)！
MISSION_CHAPTER_NORMAL_DESC,完成章节{1}(一般)
MISSION_CHAPTER_HARD_NAME,征服{1}(一般)！
MISSION_CHAPTER_HARD_DESC,完成章节{1}(一般)
MISSION_HERO_GET_NAME,新同伴！{1}
MISSION_HERO_GET_DESC,第{1}个新同伴加入！
MISSION_TRIAL_COUNT_NAME,与自己的战斗{1}
MISSION_TRIAL_COUNT_DESC,试炼之房通关{1}次！
MISSION_HERO_TRIAL_CLEAR1_NAME,试炼开始的{1}
MISSION_HERO_TRIAL_CLEAR2_NAME,寻求真正力量的{1}
MISSION_HERO_TRIAL_CLEAR3_NAME,跨越门坎的{1}
MISSION_HERO_TRIAL_CLEAR4_NAME,克服试炼的{1}
MISSION_HERO_TRIAL_CLEAR5_NAME,跨越极限的{1}
MISSION_HERO_TRIAL_CLEAR_DESC,{1}试炼之房最初通关{2}
MISSION_COLLECT_EXPLORE_NAME,组成探索远征队吧！{1}
MISSION_COLLECT_EXPLORE_DESC,远征队探索成功{1}次
MISSION_COLLECT_PLUNDER_NAME,弱肉强食{1}
MISSION_COLLECT_PLUNDER_DESC,远征队掠夺成功{1}次
MISSION_WALL_NAME,怪物的大攻势！{1}
MISSION_WALL_DESC,完成壁垒防御{1}波
MISSION_PVP_COUNT_NAME,成为最强者！{1}
MISSION_PVP_COUNT_DESC,参加竞技场{1}次
MISSION_GUILD_JOIN_NAME,加入公会！
MISSION_GUILD_JOIN_DESC,最初加入公会
MISSION_GUILD_CREATE_NAME,创立公会！
MISSION_GUILD_CREATE_DESC,最初创立公会
MISSION_GUILD_MERCENARY_USE_NAME,雇用公会的佣兵！{1}
MISSION_GUILD_MERCENARY_USE_DESC,使用公会佣兵{1}次
MISSION_GUILD_MERCENARY_REGISTER_NAME,佣兵打工{1}
MISSION_GUILD_MERCENARY_REGISTER_DESC,自己登记的佣兵接受他人雇用{1}次
MISSION_TEAMLEVEL_NAME,变强的凯瑟与同伴{1}
MISSION_TEAMLEVEL_DESC,达成队伍等级{1}
MISSION_VIPLEVEL_NAME,VIP升级！
MISSION_VIPLEVEL_DESC,达成VIP等级{1}
MISSION_TIERINDEX11_NAME,达成青铜阶级
MISSION_TIERINDEX11_DESC,达成青铜阶级
MISSION_TIERINDEX21_NAME,达成白银阶级
MISSION_TIERINDEX21_DESC,达成白银阶级
MISSION_TIERINDEX31_NAME,达成黄金阶级
MISSION_TIERINDEX31_DESC,达成黄金阶级
MISSION_TIERINDEX41_NAME,达成白金阶级
MISSION_TIERINDEX41_DESC,达成白金阶级
MISSION_TIERINDEX51_NAME,达成钻石阶级
MISSION_TIERINDEX51_DESC,达成钻石阶级
MISSION_TIERINDEX60_NAME,达成大师阶级
MISSION_TIERINDEX60_DESC,达成大师阶级
MISSION_TIERINDEX70_NAME,达成挑战阶级
MISSION_TIERINDEX70_DESC,达成挑战阶级
DAILYMISSION_MONTHLY_RUBY_NAME,发送月定额红宝石
DAILYMISSION_MONTHLY_RUBY_DESC,发送月定额红宝石
MISSION_GOLD_BATTLE_NAME,准备勇者需要的资本{1}
MISSION_GOLD_BATTLE_DESC,透过战斗获得{1}金币
MISSION_GOLD_ACCUMULATIVE_DESC,累积货币突破{1}金币！
MISSION_GOLD_SHOP_BUY_NAME,懂得善用金钱的人{1}
MISSION_GOLD_SHOP_BUY_DESC,在商店中使用{1}金币
MISSION_GOLD_DEPLETION_NAME,金钱会不断地流动！{1}
MISSION_GOLD_DEPLETION_DESC,总消耗货币突破{1}金币！
MISSION_EQUIP_UPGRADE_TRY_NAME,强化装备很简单吧？{1}
MISSION_EQUIP_UPGRADE_TRY_DESC,尝试强化装备{1}次
MISSION_EQUIP_UPGRADE_NAME,制作优秀的装备！{1}
MISSION_EQUIP_UPGRADE_DESC,达成装备强化{1}
MISSION_EQUIP_DROP_STAR_NAME,性能卓越的装备{1}
MISSION_EQUIP_DROP_STAR_DESC,首次购买{1}装备
MISSION_EQUIP_DROP_GRADE_NAME,英雄就该拥有强力的武器！{1}
MISSION_EQUIP_DROP_GRADE_DESC,首次购买{1}装备
MISSION_EQUIP_DROP_RELEC_NAME,具备神秘力量的物品{1}
MISSION_EQUIP_DROP_RELEC_DESC,获得装备碎片{1}个
MISSION_EQUIP_PARTY_NAME,勇者派对，变强！{1}
MISSION_EQUIP_PARTY_DESC,让4名以上的英雄穿戴{1}装备
MISSION_BATTLE_MONSTER_NAME,无法原谅的魔王军！{1}
MISSION_BATTLE_MONSTER_DESC,消灭怪物{1}只
MISSION_BATTLE_QUEST_NAME,为了大家的和平！{1}
MISSION_BATTLE_QUEST_DESC,完成讨伐任务{1}次
DAILYMISSION_EXCAVATION_NAME,这里是金矿吗？！
DAILYMISSION_EXCAVATION_DESC,完成挖掘{1}次
MISSION_CHAPTER1_CLEAR_NAME,平定拉姆斯平原！
MISSION_CHAPTER2_CLEAR_NAME,平定艾莉朵拉森林！
MISSION_CHAPTER3_CLEAR_NAME,平定德拉高山脉！
MISSION_CHAPTER4_CLEAR_NAME,平定喀瑞德森林！
MISSION_CHAPTER5_CLEAR_NAME,平定阿罗维纳海岸！
MISSION_CHAPTER1_CLEAR_DESC,完成第1章节全部的节点
MISSION_CHAPTER2_CLEAR_DESC,完成第2章节全部的节点
MISSION_CHAPTER3_CLEAR_DESC,完成第3章节全部的节点
MISSION_CHAPTER4_CLEAR_DESC,完成第4章节全部的节点
MISSION_CHAPTER5_CLEAR_DESC,完成第5章节全部的节点
MISSION_ARENA_NAME,为了名誉而挑战
MISSION_ARENA_DESC,首次挑战胜者之巅
MISSION_ARENA_VICTORY_NAME,歌颂你的胜利！{1}
MISSION_ARENA_VICTORY_DESC,在竞技场达成华丽的胜利{1}次
MISSION_ARENA_LOSE_NAME,虽败犹荣…{1}
MISSION_ARENA_LOSE_DESC,在竞技场不幸落败{1}次
MISSION_ARENA_RANK_NAME,提升你的名誉吧！
MISSION_ARENA_RANK_DESC,在竞技场首次达成{1}级别
MISSION_ARENA_FIRSTRANK_NAME,平定竞技场！
MISSION_ARENA_FIRSTRANK_DESC,达成季赛冠军
MISSION_UNDERGROUND_DUNGEON_NAME,压制怪物们的骚乱{1}
MISSION_UNDERGROUND_DUNGEON_DESC,首次完成地下监牢{1}区域
MISSION_HERO_GROWTH_NAME,{1}无止尽的成长{2}
MISSION_HERO_GROWTH_DESC,达到{1}{2}级
MISSION_HERO_AWAKENING_NAME,{1}通过试炼领悟新的力量{2}
MISSION_HERO_AWAKENING_DESC,{1}觉醒达成{2}阶段
MISSION_HERO_TRANSCENDENCE_NAME,{1}超越自己的极限{2}
MISSION_HERO_TRANSCENDENCE_DESC,{1}突破达成{2}阶段
MISSION_HERO_EQUIP_SET_NAME,勇者的意志{1}
MISSION_HERO_EQUIP_SET_DESC,{1}穿戴 4个{2}装备
MISSION_HERO_SKILL_NAME,领悟完整技能{1}
MISSION_HERO_SKILL_DESC,技能{1}专长大师
MISSION_HERO_SKILL_ALL_NAME,"{1}, 成为所有技能的达人"
MISSION_HERO_SKILL_ALL_DESC,所有的技能专长大师
MISSION_HERO_EXCAVATION_NAME,挖掘技巧日益精进的{1}{2}
MISSION_HERO_EXCAVATION_DESC,{1}担任代表英雄尝试挖掘{2}次
MISSION_HERO_MERCENARY_NAME,最红的英雄{1}{2}
MISSION_HERO_MERCENARY_DESC,{1}登记为公会佣兵后雇用公会员{2}次
MISSION_HERO_PIT_MEMBER_NAME,紧握满是伤痕的胜利的{1}
MISSION_HERO_PIT_MEMBER_DESC,在{1}章节深渊之牢消灭最后BOSS的成员
MISSION_HERO_UPPER_DUNGEON_NAME,激战中的英雄{1}{2}
MISSION_HERO_UPPER_DUNGEON_DESC,{1}以高级副本成员身分参加{2}次
MISSION_HERO_ARENA_BATTLE_NAME,光荣战斗中的英雄{1}{2}
MISSION_HERO_ARENA_BATTLE_DESC,{1}以竞技场成员身分参加{2}次
DAILYMISSION_ALL_CLEAR_NAME,本日工作完成！
DAILYMISSION_ALL_CLEAR_DESC,完成全部的每日任务
DAILYMISSION_STAMINA_NAME,难以喘息
DAILYMISSION_STAMINA_DESC,消耗体力{1}
DAILY_QUEST_EXCAVATION_NAME,积少成多
MISSION_EVENT_STMAINA_NAME1,本日第一个红利体力！
MISSION_EVENT_STMAINA_NAME2,本日第二个红利体力！
MISSION_EVENT_STMAINA_NAME3,本日最后一个红利体力！
MISSION_EVENT_STMAINA_DESC1,PM 12点 ~ 2点之间登入
MISSION_EVENT_STMAINA_DESC2,PM 6点 ~ 8点之间登入
MISSION_EVENT_STMAINA_DESC3,PM 10点 ~ AM 12点之间登入
MISSION_EVENT_GOLD_NAME,皇家支援金
MISSION_QUEST_CLEAR_NOTY_TITLE,完成任务
MISSION_QUEST_CLEAR_NOTY_CONTENT1,{1}任务已完成了。
MISSION_QUEST_CLEAR_NOTY_CONTENT2,于任务中领取奖励。
MISSION_ACHIEVEMENT_CLEAR_NOTY_TITLE,完成成就
MISSION_ACHIEVEMENT_CLEAR_NOTY_CONTENT1,{1}成就已完成了。
MISSION_ACHIEVEMENT_CLEAR_NOTY_CONTENT2,在成就中领取奖励。
MISSION_EXCAVATION_NAME,挖掘就是日常生活{1}
MISSION_EXCAVATION_DESC,完成挖掘{1}次
MISSION_ADDFRIEND_NAME,朋友，要不要一起组队呢？{1}
MISSION_ADDFRIEND_DESC,登记好友{1}名
QUEST_ROYAL_SUPPORT_GOLD_9001_NAME,本日的红利金币！
QUEST_ROYAL_SUPPORT_GOLD_9001_DESC,1天上线1次
QUEST_DAILY_FREE_STAMINA_9002_NAME,本日的红利体力！
QUEST_DAILY_FREE_STAMINA_9002_DESC,上午{1}点~{2}点之间上线
QUEST_DAILY_FREE_STAMINA_9003_NAME,本日的第二次红利体力！
QUEST_DAILY_FREE_STAMINA_9003_DESC,下午{1}点~{2}点之间上线
QUEST_DAILY_FREE_STAMINA_9004_NAME,本日的第三次红利体力！
QUEST_DAILY_FREE_STAMINA_9004_DESC,下午{1}点~{2}点之间上线
QUEST_DAILY_FREE_STAMINA_9005_NAME,本日最后的红利体力！
QUEST_DAILY_FREE_STAMINA_9005_DESC,下午{1}点~{2}点之间上线
MISSION_CHAPTER_CLEAR_DESC,完成{1}章节全部的节点
MISSION_ACCOUNT_CHANGE_NAME,连结账号
MISSION_ACCOUNT_CHANGE_DESC,请于[设置]->[其他]当中，选择FB或Google Play帐号进行绑定。
WEEKLYMISSION_DUNGEON_CLEAR_NAME,无止尽的冒险
WEEKLYMISSION_ITEM_ENHANCE_NAME,打太过头了？！
WEEKLYMISSION_COMPLETEDAILYQUEST_NAME,我是勤劳的人
WEEKLYMISSION_COMPLETEDAILYQUEST_DESC,完成每日任务{1}次
WEEKLYMISSION_PVP_VICTORY_NAME,我赢了吗？
WEEKLYMISSION_PVP_VICTORY_DESC,胜者之巅获胜{1}次
WEEKLYMISSION_UPGRADEHEROSKILL_NAME,战斗的基本就是修练！
WEEKLYMISSION_UPGRADEHEROSKILL_DESC,英雄技能强化{1}次
WEEKLYMISSION_BATTLEREWARDEQUIP_NAME,天啊，好重！
WEEKLYMISSION_BATTLEREWARDEQUIP_DESC,在副本中获得装备{1}次
WEEKLYMISSION_GETGOLD_NAME,金钱万能主义
WEEKLYMISSION_GETGOLD_DESC,消耗{1}金币
WEEKLYMISSION_TOWER_JOIN_NAME,塔的尽头在哪里呢？
WEEKLYMISSION_UNDERGROUND_ALLCLEAR_NAME,终于变安静了。
WEEKLYMISSION_UNDERGROUND_ALLCLEAR_DESC,完成地下监牢{1}次
WEEKLYMISSION_ALL_CLEAR_NAME,还真是勤劳！！
WEEKLYMISSION_ALL_CLEAR_DESC,完成全部的每周任务
MISSION_EQUIP_GET_STAR_ITEM,性能卓越的{1}星装备{2}
MISSION_EQUIP_GET_STAR_ITEM_DESC,获得{1}星装备{2}个
MISSION_EQUIP_GET_GRADE_ITEM_1,英雄就该拥有高级装备！{1}
MISSION_EQUIP_GET_GRADE_ITEM_DESC_1,获得高级装备{1}个
MISSION_EQUIP_GET_GRADE_ITEM_2,英雄就该拥有稀有装备！{1}
MISSION_EQUIP_GET_GRADE_ITEM_DESC_2,获得稀有装备{1}个
MISSION_EQUIP_GET_GRADE_ITEM_3,英雄就该拥有英雄装备！{1}
MISSION_EQUIP_GET_GRADE_ITEM_DESC_3,获得英雄装备{1}个
MISSION_EQUIP_GET_GRADE_ITEM_4,英雄就该拥有传说装备！{1}
MISSION_EQUIP_GET_GRADE_ITEM_DESC_4,获得传说装备{1}个
MISSION_EQUIP_PARTY_GRADE_1,勇者派对，利用高级装备变强！{1}
MISSION_EQUIP_PARTY_GRADE_DESC_1,让英雄穿戴{1}个高级装备
MISSION_EQUIP_PARTY_GRADE_2,勇者派对，利用稀有装备变强！{1}
MISSION_EQUIP_PARTY_GRADE_DESC_2,让英雄穿戴{1}个稀有装备
MISSION_EQUIP_PARTY_GRADE_3,勇者派对，利用英雄装备变强！{1}
MISSION_EQUIP_PARTY_GRADE_DESC_3,让英雄穿戴{1}个英雄装备
MISSION_EQUIP_PARTY_GRADE_4,勇者派对，利用传说装备变强！{1}
MISSION_EQUIP_PARTY_GRADE_DESC_4,让英雄穿戴{1}个传说级别装备
MISSION_UNDERGROUND_DUNGEON_CLEAR,压制地下监牢{1}区的怪物！{2}
MISSION_UNDERGROUND_DUNGEON_CLEAR_DESC,完成地下监牢{1}区域{2}次
MISSION_SHOP_BUY_HIGH_EQUIPMENT,装备是让英雄变强的最佳利器！{1}
MISSION_SHOP_BUY_HIGH_EQUIPMENT_DESC,召唤特殊道具{1}次
MISSION_SHOP_BUY_NORMAL_EQUIPMENT,测试一下你的运气吧！{1}
MISSION_SHOP_BUY_NORMAL_EQUIPMENT_DESC,召唤道具{1}次
MISSION_ARENA_WIN,谁能击败我呢？！{1}
MISSION_ARENA_WIN_DESC,竞技场获胜{1}次
MISSION_GEM_DEPLETION_NAME,红宝石？我当然要使用呀！{1}
MISSION_GEM_DEPLETION_DESC,总消耗货币突破{1}红宝石！
MISSION_STAMINA_DEPLETION_NAME,充裕的体力！{1}
MISSION_STAMINA_DEPLETION_NAME_2,源源不断的体力！{1}
MISSION_STAMINA_DEPLETION_DESC,消耗总体力突破{1}！
MISSION_LABYRINTH_CLEAR_NAME_1,今天也来守护地窖吧？
MISSION_LABYRINTH_CLEAR_DESC_1,完成上古皇室金库{1}次
MISSION_LABYRINTH_CLEAR_NAME_2,我是地窖守护者！
MISSION_UPPERDUNGEON_CLEAR_NAME_1,今天也要搜集觉醒晶元！
MISSION_UPPERDUNGEON_CLEAR_DESC_1,完成高级副本{1}次
MISSION_UPPERDUNGEON_CLEAR_NAME_2,哈哈哈，高级副本只是小意思！
MISSION_CLEARTOWER21_FLOOR_1,毫无顾忌的挑战{1}
MISSION_CLEARTOWER21_FLOOR_2,毫无顾忌的挑战{1}
MISSION_CLEARTOWER21_FLOOR_3,毫无顾忌的挑战{1}
MISSION_CLEARTOWER21_FLOOR_4,毫无顾忌的挑战{1}
MISSION_CLEARTOWER21_FLOOR_5,毫无顾忌的挑战{1}
MISSION_CLEARTOWER21_FLOOR_6,毫无顾忌的挑战{1}
MISSION_CLEARTOWER21_FLOOR_7,毫无顾忌的挑战{1}
MISSION_CLEARTOWER11_FLOOR_1,前往试炼的暴风中！{1}
MISSION_CLEARTOWER11_FLOOR_2,前往试炼的暴风中！{1}
MISSION_CLEARTOWER999_FLOOR_1,今天也安全的金库{1}
MISSION_CLEARTOWER999_FLOOR_2,今天也安全的金库{1}
MISSION_CLEARTOWER999_FLOOR_3,今天也安全的金库{1}
MISSION_CLEARTOWER21_FLOOR_1_DESC,完成挑战之塔{1}层
MISSION_CLEARTOWER21_FLOOR_2_DESC,完成挑战之塔{1}层
MISSION_CLEARTOWER21_FLOOR_3_DESC,完成挑战之塔{1}层
MISSION_CLEARTOWER21_FLOOR_4_DESC,完成挑战之塔{1}层
MISSION_CLEARTOWER21_FLOOR_5_DESC,完成挑战之塔{1}层
MISSION_CLEARTOWER21_FLOOR_6_DESC,完成挑战之塔{1}层
MISSION_CLEARTOWER21_FLOOR_7_DESC,完成挑战之塔{1}层
MISSION_CLEARTOWER11_FLOOR_1_DESC,完成试炼之塔{1}层
MISSION_CLEARTOWER11_FLOOR_2_DESC,完成试炼之塔{1}层
MISSION_CLEARTOWER999_FLOOR_1_DESC,完成上古皇室金库{1}层
MISSION_CLEARTOWER999_FLOOR_2_DESC,完成上古皇室金库{1}层
MISSION_CLEARTOWER999_FLOOR_3_DESC,完成上古皇室金库{1}层
MISSION_CLEARTOWER999_FLOOR_4_DESC,完成上古皇室金库{1}层
MISSION_CLEARTOWER999_FLOOR_5_DESC,完成上古皇室金库{1}层
MISSION_WORLDBOSS_PLAYTIME1_NAME,朋友，挑战就和黄金一样重要{1}
MISSION_WORLDBOSS_PLAYTIME2_NAME,朋友，挑战就和黄金一样重要{1}
MISSION_WORLDBOSS_PLAYTIME3_NAME,朋友，挑战就和黄金一样重要{1}
MISSION_WORLDBOSS_PLAYTIME4_NAME,朋友，挑战就和黄金一样重要{1}
MISSION_WORLDBOSS_PLAYTIME5_NAME,朋友，挑战就和黄金一样重要{1}
MISSION_WORLDBOSS_PLAYTIME6_NAME,朋友，挑战就和黄金一样重要{1}
MISSION_WORLDBOSS_PLAYTIME7_NAME,朋友，挑战就和黄金一样重要{1}
MISSION_WORLDBOSS_PLAYTIME8_NAME,朋友，挑战就和黄金一样重要{1}
MISSION_WORLDBOSS_PLAYTIME9_NAME,朋友，挑战就和黄金一样重要{1}
MISSION_WORLDBOSS_PLAYTIME10_NAME,朋友，挑战就和黄金一样重要{1}
MISSION_WORLDBOSS_PLAYTIME1_DESC,向世界BOSS挑战{1}次
MISSION_WORLDBOSS_PLAYTIME2_DESC,向世界BOSS挑战{1}次
MISSION_WORLDBOSS_PLAYTIME3_DESC,向世界BOSS挑战{1}次
MISSION_WORLDBOSS_PLAYTIME4_DESC,向世界BOSS挑战{1}次
MISSION_WORLDBOSS_PLAYTIME5_DESC,向世界BOSS挑战{1}次
MISSION_WORLDBOSS_PLAYTIME6_DESC,向世界BOSS挑战{1}次
MISSION_WORLDBOSS_PLAYTIME7_DESC,向世界BOSS挑战{1}次
MISSION_WORLDBOSS_PLAYTIME8_DESC,向世界BOSS挑战{1}次
MISSION_WORLDBOSS_PLAYTIME9_DESC,向世界BOSS挑战{1}次
MISSION_WORLDBOSS_PLAYTIME10_DESC,向世界BOSS挑战{1}次
MISSION_WORLDBOSS_DAMAGE1_NAME,我的兴趣是当英雄！{1}
MISSION_WORLDBOSS_DAMAGE2_NAME,我的兴趣是当英雄！{1}
MISSION_WORLDBOSS_DAMAGE3_NAME,我的兴趣是当英雄！{1}
MISSION_WORLDBOSS_DAMAGE4_NAME,我的兴趣是当英雄！{1}
MISSION_WORLDBOSS_DAMAGE5_NAME,我的兴趣是当英雄！{1}
MISSION_WORLDBOSS_DAMAGE6_NAME,我的兴趣是当英雄！{1}
MISSION_WORLDBOSS_DAMAGE7_NAME,我的兴趣是当英雄！{1}
MISSION_WORLDBOSS_DAMAGE8_NAME,我的兴趣是当英雄！{1}
MISSION_WORLDBOSS_DAMAGE9_NAME,我的兴趣是当英雄！{1}
MISSION_WORLDBOSS_DAMAGE1_DESC,于单一战斗中对世界BOSS造成{1}的伤害。
MISSION_WORLDBOSS_DAMAGE2_DESC,于单一战斗中对世界BOSS造成{1}的伤害。
MISSION_WORLDBOSS_DAMAGE3_DESC,于单一战斗中对世界BOSS造成{1}的伤害。
MISSION_WORLDBOSS_DAMAGE4_DESC,于单一战斗中对世界BOSS造成{1}的伤害。
MISSION_WORLDBOSS_DAMAGE5_DESC,于单一战斗中对世界BOSS造成{1}的伤害。
MISSION_WORLDBOSS_DAMAGE6_DESC,于单一战斗中对世界BOSS造成{1}的伤害。
MISSION_WORLDBOSS_DAMAGE7_DESC,于单一战斗中对世界BOSS造成{1}的伤害。
MISSION_WORLDBOSS_DAMAGE8_DESC,于单一战斗中对世界BOSS造成{1}的伤害。
MISSION_WORLDBOSS_DAMAGE9_DESC,于单一战斗中对世界BOSS造成{1}的伤害。
MISSION_WORLDBOSS_PLAYTIME11_NAME,朋友，挑战就和黄金一样重要{1}
MISSION_WORLDBOSS_PLAYTIME12_NAME,朋友，挑战就和黄金一样重要{1}
MISSION_WORLDBOSS_PLAYTIME13_NAME,朋友，挑战就和黄金一样重要{1}
MISSION_WORLDBOSS_PLAYTIME14_NAME,朋友，挑战就和黄金一样重要{1}
MISSION_WORLDBOSS_PLAYTIME15_NAME,朋友，挑战就和黄金一样重要{1}
MISSION_WORLDBOSS_PLAYTIME16_NAME,朋友，挑战就和黄金一样重要{1}
MISSION_WORLDBOSS_PLAYTIME17_NAME,朋友，挑战就和黄金一样重要{1}
MISSION_WORLDBOSS_PLAYTIME18_NAME,朋友，挑战就和黄金一样重要{1}
MISSION_WORLDBOSS_PLAYTIME19_NAME,朋友，挑战就和黄金一样重要{1}
MISSION_WORLDBOSS_PLAYTIME20_NAME,朋友，挑战就和黄金一样重要{1}
MISSION_WORLDBOSS_PLAYTIME21_NAME,朋友，挑战就和黄金一样重要{1}
MISSION_WORLDBOSS_PLAYTIME22_NAME,朋友，挑战就和黄金一样重要{1}
MISSION_WORLDBOSS_DAMAGE10_NAME,我的兴趣是当英雄！{1}
MISSION_WORLDBOSS_DAMAGE11_NAME,我的兴趣是当英雄！{1}
MISSION_WORLDBOSS_DAMAGE12_NAME,我的兴趣是当英雄！{1}
MISSION_WORLDBOSS_DAMAGE13_NAME,我的兴趣是当英雄！{1}
MISSION_WORLDBOSS_PLAYTIME11_DESC,向世界BOSS挑战{1}次
MISSION_WORLDBOSS_PLAYTIME12_DESC,向世界BOSS挑战{1}次
MISSION_WORLDBOSS_PLAYTIME13_DESC,向世界BOSS挑战{1}次
MISSION_WORLDBOSS_PLAYTIME14_DESC,向世界BOSS挑战{1}次
MISSION_WORLDBOSS_PLAYTIME15_DESC,向世界BOSS挑战{1}次
MISSION_WORLDBOSS_PLAYTIME16_DESC,向世界BOSS挑战{1}次
MISSION_WORLDBOSS_PLAYTIME17_DESC,向世界BOSS挑战{1}次
MISSION_WORLDBOSS_PLAYTIME18_DESC,向世界BOSS挑战{1}次
MISSION_WORLDBOSS_PLAYTIME19_DESC,向世界BOSS挑战{1}次
MISSION_WORLDBOSS_PLAYTIME20_DESC,向世界BOSS挑战{1}次
MISSION_WORLDBOSS_PLAYTIME21_DESC,向世界BOSS挑战{1}次
MISSION_WORLDBOSS_PLAYTIME22_DESC,向世界BOSS挑战{1}次
MISSION_WORLDBOSS_DAMAGE10_DESC,于单一战斗中对世界BOSS造成{1}的伤害。
MISSION_WORLDBOSS_DAMAGE11_DESC,于单一战斗中对世界BOSS造成{1}的伤害。
MISSION_WORLDBOSS_DAMAGE12_DESC,于单一战斗中对世界BOSS造成{1}的伤害。
MISSION_WORLDBOSS_DAMAGE13_DESC,于单一战斗中对世界BOSS造成{1}的伤害。
MISSION_WORLDBOSS_DAMAGE14_NAME,我的兴趣是当英雄！{1}
MISSION_WORLDBOSS_DAMAGE15_NAME,我的兴趣是当英雄！{1}
MISSION_WORLDBOSS_DAMAGE16_NAME,我的兴趣是当英雄！{1}
MISSION_WORLDBOSS_DAMAGE14_DESC,于单一战斗中对世界BOSS造成{1}的伤害。
MISSION_WORLDBOSS_DAMAGE15_DESC,于单一战斗中对世界BOSS造成{1}的伤害。
MISSION_WORLDBOSS_DAMAGE16_DESC,于单一战斗中对世界BOSS造成{1}的伤害。
MISSION_WORLDBOSS_DAMAGE17_NAME,我的兴趣是当英雄！{1}
MISSION_WORLDBOSS_DAMAGE18_NAME,我的兴趣是当英雄！{1}
MISSION_WORLDBOSS_DAMAGE19_NAME,我的兴趣是当英雄！{1}
MISSION_WORLDBOSS_DAMAGE20_NAME,我的兴趣是当英雄！{1}
MISSION_WORLDBOSS_DAMAGE21_NAME,我的兴趣是当英雄！{1}
MISSION_WORLDBOSS_DAMAGE22_NAME,我的兴趣是当英雄！{1}
MISSION_WORLDBOSS_DAMAGE23_NAME,我的兴趣是当英雄！{1}
MISSION_WORLDBOSS_DAMAGE24_NAME,我的兴趣是当英雄！{1}
MISSION_WORLDBOSS_DAMAGE25_NAME,我的兴趣是当英雄！{1}
MISSION_WORLDBOSS_DAMAGE26_NAME,我的兴趣是当英雄！{1}
MISSION_WORLDBOSS_DAMAGE27_NAME,我的兴趣是当英雄！{1}
MISSION_WORLDBOSS_DAMAGE28_NAME,我的兴趣是当英雄！{1}
MISSION_WORLDBOSS_DAMAGE29_NAME,我的兴趣是当英雄！{1}
MISSION_WORLDBOSS_DAMAGE30_NAME,我的兴趣是当英雄！{1}
MISSION_WORLDBOSS_DAMAGE31_NAME,我的兴趣是当英雄！{1}
MISSION_WORLDBOSS_DAMAGE32_NAME,我的兴趣是当英雄！{1}
MISSION_WORLDBOSS_DAMAGE33_NAME,我的兴趣是当英雄！{1}
MISSION_WORLDBOSS_DAMAGE34_NAME,我的兴趣是当英雄！{1}
MISSION_WORLDBOSS_DAMAGE35_NAME,我的兴趣是当英雄！{1}
MISSION_WORLDBOSS_DAMAGE36_NAME,我的兴趣是当英雄！{1}
MISSION_WORLDBOSS_DAMAGE37_NAME,我的兴趣是当英雄！{1}
MISSION_WORLDBOSS_DAMAGE17_DESC,于单一战斗中对世界BOSS造成{1}的伤害。
MISSION_WORLDBOSS_DAMAGE18_DESC,于单一战斗中对世界BOSS造成{1}的伤害。
MISSION_WORLDBOSS_DAMAGE19_DESC,于单一战斗中对世界BOSS造成{1}的伤害。
MISSION_WORLDBOSS_DAMAGE20_DESC,于单一战斗中对世界BOSS造成{1}的伤害。
MISSION_WORLDBOSS_DAMAGE21_DESC,于单一战斗中对世界BOSS造成{1}的伤害。
MISSION_WORLDBOSS_DAMAGE22_DESC,于单一战斗中对世界BOSS造成{1}的伤害。
MISSION_WORLDBOSS_DAMAGE23_DESC,于单一战斗中对世界BOSS造成{1}的伤害。
MISSION_WORLDBOSS_DAMAGE24_DESC,于单一战斗中对世界BOSS造成{1}的伤害。
MISSION_WORLDBOSS_DAMAGE25_DESC,于单一战斗中对世界BOSS造成{1}的伤害。
MISSION_WORLDBOSS_DAMAGE26_DESC,于单一战斗中对世界BOSS造成{1}的伤害。
MISSION_WORLDBOSS_DAMAGE27_DESC,于单一战斗中对世界BOSS造成{1}的伤害。
MISSION_WORLDBOSS_DAMAGE28_DESC,于单一战斗中对世界BOSS造成{1}的伤害。
MISSION_WORLDBOSS_DAMAGE29_DESC,于单一战斗中对世界BOSS造成{1}的伤害。
MISSION_WORLDBOSS_DAMAGE30_DESC,于单一战斗中对世界BOSS造成{1}的伤害。
MISSION_WORLDBOSS_DAMAGE31_DESC,于单一战斗中对世界BOSS造成{1}的伤害。
MISSION_WORLDBOSS_DAMAGE32_DESC,于单一战斗中对世界BOSS造成{1}的伤害。
MISSION_WORLDBOSS_DAMAGE33_DESC,于单一战斗中对世界BOSS造成{1}的伤害。
MISSION_WORLDBOSS_DAMAGE34_DESC,于单一战斗中对世界BOSS造成{1}的伤害。
MISSION_WORLDBOSS_DAMAGE35_DESC,于单一战斗中对世界BOSS造成{1}的伤害。
MISSION_WORLDBOSS_DAMAGE36_DESC,于单一战斗中对世界BOSS造成{1}的伤害。
MISSION_WORLDBOSS_DAMAGE37_DESC,于单一战斗中对世界BOSS造成{1}的伤害。
MISSION_EVENTDUNGEON_NAME,万圣节活动！
MISSION_EVENTDUNGEON_DESC,总消耗突破{1}体力！
MISSION_CHRISTMAS1_NAME,守护圣诞节食物！
MISSION_CHRISTMAS2_NAME,守护圣诞节的梦想
MISSION_CHRISTMAS3_NAME,寻找圣诞节的起源
MISSION_CHRISTMAS4_NAME,为了圣诞节庆典！
MISSION_CHRISTMAS1_DESC,完成米露露的计划1次
MISSION_CHRISTMAS2_DESC,完成爱比丝的梦境 1次
MISSION_CHRISTMAS3_DESC,完成酒鬼菲洛普 1次
MISSION_CHRISTMAS4_DESC,完成麻烦制造者 1次
MISSION_MATCH_PICKBAN_JOIN_REWARD,荣耀之巅挑战者！
MISSION_MATCH_PICKBAN_JOIN_REWARD_DESC_1,荣耀之巅决斗3次时获得！
MISSION_MATCH_PICKBAN_JOIN_REWARD_DESC_2,荣耀之巅决斗 5次时获得！
MISSION_NEWYEAR1_NAME,新年烟火素材 2
MISSION_NEWYEAR2_NAME,新年烟火素材 0
MISSION_NEWYEAR3_NAME,新年烟火素材 1
MISSION_NEWYEAR4_NAME,新年烟火素材 8
MISSION_NEWYEAR5_NAME,新年烟火素材 Happy
MISSION_NEWYEAR6_NAME,新年烟火素材 New
MISSION_NEWYEAR7_NAME,新年烟火素材 Year
MISSION_NEWYEAR8_NAME,新年祝贺礼{1}
MISSION_NEWYEAR9_NAME,新年感谢礼{1}
MISSION_NEWYEAR1_DESC,参加胜者之巅{1}次
MISSION_NEWYEAR2_DESC,完成挑战之塔{1}次
MISSION_NEWYEAR3_DESC,完成高级副本{1}次
MISSION_NEWYEAR4_DESC,完成讨伐战斗{1}次
MISSION_NEWYEAR5_DESC,完成副本{1}次
MISSION_NEWYEAR6_DESC,完成地下监牢{1}次
MISSION_NEWYEAR7_DESC,获得{1}金币
MISSION_NEWYEAR8_DESC,使用新年烟火{1}次
MISSION_NEWYEAR9_DESC,使用新年烟火{1}次
MISSION_CHILDRENSRAINBOW1_NAME,孩童们的玩具！
MISSION_CHILDRENSRAINBOW2_NAME,孩童们的玩具！
MISSION_CHILDRENSRAINBOW1_DESC,玩具箱开封{1}次
MISSION_CHILDRENSRAINBOW2_DESC,玩具箱开封{1}次
EVENT_MISION_TITLE_CHRISTMAS_1,为了在奥勒贝尔旅行的圣诞老人而准备的引导任务第1章
EVENT_MISION_TITLE_CHRISTMAS_2,为了在奥勒贝尔旅行的圣诞老人而准备的引导任务第2章
EVENT_MISION_TITLE_CHRISTMAS_3,为了在奥勒贝尔旅行的圣诞老人而准备的引导任务第3章
EVENT_MISION_TITLE_CHRISTMAS_4,为了在奥勒贝尔旅行的圣诞老人而准备的引导任务第4章
EVENT_MISION_TITLE_CHRISTMAS_5,为了在奥勒贝尔旅行的圣诞老人而准备的引导任务第5章
EVENT_MISION_TITLE_CHRISTMAS_6,为了在奥勒贝尔旅行的圣诞老人而准备的引导任务第6章
EVENT_MISION_TITLE_CHRISTMAS_7,为了在奥勒贝尔旅行的圣诞老人而准备的引导任务第7章
EVENT_MISION_TITLE_CHRISTMAS_8,为了在奥勒贝尔旅行的圣诞老人而准备的引导任务第8章
EVENT_MISION_TITLE_CHRISTMAS_9,为了在奥勒贝尔旅行的圣诞老人而准备的引导任务第9章
EVENT_MISION_TITLE_CHRISTMAS_10,为了在奥勒贝尔旅行的圣诞老人而准备的引导任务第10章
EVNET_MISION_TREE_LEVEL_COMPLETE,圣诞树等级达到Lv{1}
EVNET_MISION_DUNGEON_CLEAR,通过特殊副本{1}次
EVENT_MISION_USE_ITEM_COUNT,获得{1}{2}个
EVENT_MISSION_WORLDBOSS_DAMAGE_NAME,突破极限吧{1}
EVENT_MISSION_WORLDBOSS_DAMAGE_DESC,对活动世界BOSS造成{1}的伤害\n
EVENT_MISSION_TITLE_NEWYEAR_1,为了一起共度奥勒贝尔新年的各位准备的礼物 1
EVENT_MISSION_TITLE_NEWYEAR_2,为了一起共度奥勒贝尔新年的各位准备的礼物 2
EVENT_MISSION_TITLE_NEWYEAR_3,为了一起祝贺奥勒贝尔新年的各位准备的礼物
MISSION_MATCH_PICKBAN_JOIN_REWARD1_NAME,荣耀之巅挑战者！{1}
MISSION_MATCH_PICKBAN_JOIN_REWARD2_NAME,荣耀之巅挑战者！{1}
MISSION_MATCH_PICKBAN_JOIN_REWARD3_NAME,荣耀之巅挑战者！{1}
MISSION_MATCH_PICKBAN_JOIN_REWARD4_NAME,荣耀之巅挑战者！{1}
MISSION_MATCH_PICKBAN_JOIN_REWARD5_NAME,荣耀之巅挑战者！{1}
MISSION_MATCH_PICKBAN_JOIN_REWARD6_NAME,荣耀之巅挑战者！{1}
MISSION_MATCH_PICKBAN_JOIN_REWARD7_NAME,荣耀之巅挑战者！{1}
MISSION_MATCH_PICKBAN_JOIN_REWARD8_NAME,荣耀之巅挑战者！{1}
MISSION_MATCH_PICKBAN_JOIN_REWARD9_NAME,荣耀之巅挑战者！{1}
MISSION_MATCH_PICKBAN_JOIN_REWARD10_NAME,荣耀之巅挑战者！{1}
MISSION_MATCH_PICKBAN_JOIN_REWARD11_NAME,荣耀之巅挑战者！{1}
MISSION_MATCH_PICKBAN_JOIN_REWARD12_NAME,荣耀之巅挑战者！{1}
MISSION_MATCH_PICKBAN_JOIN_REWARD13_NAME,荣耀之巅挑战者！{1}
MISSION_MATCH_PICKBAN_JOIN_REWARD14_NAME,荣耀之巅挑战者！{1}
MISSION_MATCH_PICKBAN_JOIN_REWARD15_NAME,荣耀之巅挑战者！{1}
MISSION_MATCH_PICKBAN_JOIN_REWARD16_NAME,荣耀之巅挑战者！{1}
MISSION_MATCH_PICKBAN_JOIN_REWARD17_NAME,荣耀之巅挑战者！{1}
MISSION_MATCH_PICKBAN_JOIN_REWARD18_NAME,荣耀之巅挑战者！{1}
MISSION_MATCH_PICKBAN_JOIN_REWARD19_NAME,荣耀之巅挑战者！{1}
MISSION_MATCH_PICKBAN_JOIN_REWARD20_NAME,荣耀之巅挑战者！{1}
MISSION_MATCH_PICKBAN_JOIN_REWARD21_NAME,荣耀之巅挑战者！{1}
MISSION_MATCH_PICKBAN_JOIN_REWARD22_NAME,荣耀之巅挑战者！{1}
MISSION_MATCH_PICKBAN_JOIN_REWARD23_NAME,荣耀之巅挑战者！{1}
MISSION_MATCH_PICKBAN_JOIN_REWARD24_NAME,荣耀之巅挑战者！{1}
MISSION_MATCH_PICKBAN_JOIN_REWARD25_NAME,荣耀之巅挑战者！{1}
MISSION_MATCH_PICKBAN_JOIN_REWARD26_NAME,荣耀之巅挑战者！{1}
MISSION_MATCH_PICKBAN_JOIN_REWARD27_NAME,荣耀之巅挑战者！{1}
MISSION_MATCH_PICKBAN_JOIN_REWARD28_NAME,荣耀之巅挑战者！{1}
MISSION_MATCH_PICKBAN_JOIN_REWARD29_NAME,荣耀之巅挑战者！{1}
MISSION_MATCH_PICKBAN_JOIN_REWARD30_NAME,荣耀之巅挑战者！{1}
MISSION_MATCH_PICKBAN_JOIN_REWARD1_DESC,完成荣耀之巅决斗{1}次
MISSION_MATCH_PICKBAN_JOIN_REWARD2_DESC,完成荣耀之巅决斗{1}次
MISSION_MATCH_PICKBAN_JOIN_REWARD3_DESC,完成荣耀之巅决斗{1}次
MISSION_MATCH_PICKBAN_JOIN_REWARD4_DESC,完成荣耀之巅决斗{1}次
MISSION_MATCH_PICKBAN_JOIN_REWARD5_DESC,完成荣耀之巅决斗{1}次
MISSION_MATCH_PICKBAN_JOIN_REWARD6_DESC,完成荣耀之巅决斗{1}次
MISSION_MATCH_PICKBAN_JOIN_REWARD7_DESC,完成荣耀之巅决斗{1}次
MISSION_MATCH_PICKBAN_JOIN_REWARD8_DESC,完成荣耀之巅决斗{1}次
MISSION_MATCH_PICKBAN_JOIN_REWARD9_DESC,完成荣耀之巅决斗{1}次
MISSION_MATCH_PICKBAN_JOIN_REWARD10_DESC,完成荣耀之巅决斗{1}次
MISSION_MATCH_PICKBAN_JOIN_REWARD11_DESC,完成荣耀之巅决斗{1}次
MISSION_MATCH_PICKBAN_JOIN_REWARD12_DESC,完成荣耀之巅决斗{1}次
MISSION_MATCH_PICKBAN_JOIN_REWARD13_DESC,完成荣耀之巅决斗{1}次
MISSION_MATCH_PICKBAN_JOIN_REWARD14_DESC,完成荣耀之巅决斗{1}次
MISSION_MATCH_PICKBAN_JOIN_REWARD15_DESC,完成荣耀之巅决斗{1}次
MISSION_MATCH_PICKBAN_JOIN_REWARD16_DESC,完成荣耀之巅决斗{1}次
MISSION_MATCH_PICKBAN_JOIN_REWARD17_DESC,完成荣耀之巅决斗{1}次
MISSION_MATCH_PICKBAN_JOIN_REWARD18_DESC,完成荣耀之巅决斗{1}次
MISSION_MATCH_PICKBAN_JOIN_REWARD19_DESC,完成荣耀之巅决斗{1}次
MISSION_MATCH_PICKBAN_JOIN_REWARD20_DESC,完成荣耀之巅决斗{1}次
MISSION_MATCH_PICKBAN_JOIN_REWARD21_DESC,完成荣耀之巅决斗{1}次
MISSION_MATCH_PICKBAN_JOIN_REWARD22_DESC,完成荣耀之巅决斗{1}次
MISSION_MATCH_PICKBAN_JOIN_REWARD23_DESC,完成荣耀之巅决斗{1}次
MISSION_MATCH_PICKBAN_JOIN_REWARD24_DESC,完成荣耀之巅决斗{1}次
MISSION_MATCH_PICKBAN_JOIN_REWARD25_DESC,完成荣耀之巅决斗{1}次
MISSION_MATCH_PICKBAN_JOIN_REWARD26_DESC,完成荣耀之巅决斗{1}次
MISSION_MATCH_PICKBAN_JOIN_REWARD27_DESC,完成荣耀之巅决斗{1}次
MISSION_MATCH_PICKBAN_JOIN_REWARD28_DESC,完成荣耀之巅决斗{1}次
MISSION_MATCH_PICKBAN_JOIN_REWARD29_DESC,完成荣耀之巅决斗{1}次
MISSION_MATCH_PICKBAN_JOIN_REWARD30_DESC,完成荣耀之巅决斗{1}次
MISSION_MATCH_PICKBAN_WIN_REWARD1_NAME,荣耀之巅胜利者！{1}
MISSION_MATCH_PICKBAN_WIN_REWARD1_DESC,达成荣耀之巅获胜{1}次
DAILYMISSION_FREE_BOOSTER_EXP_NAME_1,快速成长的快捷方式！使用经验值加倍时间！{1}
DAILYMISSION_FREE_BOOSTER_EXP_NAME_2,快速成长的快捷方式！使用经验值加倍时间！{1}
DAILYMISSION_FREE_BOOSTER_EXP_NAME_3,快速成长的快捷方式！使用经验值加倍时间！{1}
DAILYMISSION_FREE_BOOSTER_EXP_DESC_1,{1}天联机{1}次
DAILYMISSION_FREE_BOOSTER_EXP_DESC_2,{1}天联机{1}次
DAILYMISSION_FREE_BOOSTER_EXP_DESC_3,{1}天联机{1}次
DAILYMISSION_FREE_BOOSTER_GOLD_NAME_1,成为富豪的快捷方式！使用金币加倍时间！{1}
DAILYMISSION_FREE_BOOSTER_GOLD_NAME_2,成为富豪的快捷方式！使用金币加倍时间！{1}
DAILYMISSION_FREE_BOOSTER_GOLD_NAME_3,成为富豪的快捷方式！使用金币加倍时间！{1}
DAILYMISSION_FREE_BOOSTER_GOLD_DESC_1,{1}天联机{1}次
DAILYMISSION_FREE_BOOSTER_GOLD_DESC_2,{1}天联机{1}次
DAILYMISSION_FREE_BOOSTER_GOLD_DESC_3,{1}天联机{1}次
MISSION_TOTAL_MONSTER_NAME_1,怪物就交给我处理吧{1}
MISSION_TOTAL_MONSTER_NAME_2,怪物就交给我处理吧{1}
MISSION_TOTAL_MONSTER_NAME_3,怪物就交给我处理吧{1}
MISSION_TOTAL_MONSTER_NAME_4,怪物就交给我处理吧{1}
MISSION_TOTAL_MONSTER_NAME_5,怪物就交给我处理吧{1}
MISSION_TOTAL_MONSTER_NAME_6,怪物就交给我处理吧{1}
MISSION_TOTAL_MONSTER_NAME_7,怪物就交给我处理吧{1}
MISSION_TOTAL_MONSTER_NAME_8,怪物就交给我处理吧{1}
MISSION_TOTAL_MONSTER_NAME_9,怪物就交给我处理吧{1}
MISSION_TOTAL_MONSTER_NAME_10,怪物就交给我处理吧{1}
MISSION_TOTAL_MONSTER_NAME_11,怪物就交给我处理吧{1}
MISSION_TOTAL_MONSTER_NAME_12,怪物就交给我处理吧{1}
MISSION_TOTAL_MONSTER_NAME_13,怪物就交给我处理吧{1}
MISSION_TOTAL_MONSTER_NAME_14,怪物就交给我处理吧{1}
MISSION_TOTAL_MONSTER_NAME_15,怪物就交给我处理吧{1}
MISSION_TOTAL_MONSTER_NAME_16,怪物就交给我处理吧{1}
MISSION_TOTAL_MONSTER_NAME_17,怪物就交给我处理吧{1}
MISSION_TOTAL_MONSTER_NAME_18,怪物就交给我处理吧{1}
MISSION_TOTAL_MONSTER_NAME_19,怪物就交给我处理吧{1}
MISSION_TOTAL_MONSTER_NAME_20,怪物就交给我处理吧{1}
MISSION_TOTAL_MONSTER_NAME_21,怪物就交给我处理吧{1}
MISSION_TOTAL_MONSTER_NAME_22,怪物就交给我处理吧{1}
MISSION_TOTAL_MONSTER_NAME_23,怪物就交给我处理吧{1}
MISSION_TOTAL_MONSTER_NAME_24,怪物就交给我处理吧{1}
MISSION_TOTAL_MONSTER_NAME_25,怪物就交给我处理吧{1}
MISSION_TOTAL_MONSTER_NAME_26,怪物就交给我处理吧{1}
MISSION_TOTAL_MONSTER_NAME_27,怪物就交给我处理吧{1}
MISSION_TOTAL_MONSTER_DESC_1,击杀所有怪物{1}种
MISSION_TOTAL_MONSTER_DESC_2,击杀所有怪物{1}种
MISSION_TOTAL_MONSTER_DESC_3,击杀所有怪物{1}种
MISSION_TOTAL_MONSTER_DESC_4,击杀所有怪物{1}种
MISSION_TOTAL_MONSTER_DESC_5,击杀所有怪物{1}种
MISSION_TOTAL_MONSTER_DESC_6,击杀所有怪物{1}种
MISSION_TOTAL_MONSTER_DESC_7,击杀所有怪物{1}种
MISSION_TOTAL_MONSTER_DESC_8,击杀所有怪物{1}种
MISSION_TOTAL_MONSTER_DESC_9,击杀所有怪物{1}种
MISSION_TOTAL_MONSTER_DESC_10,击杀所有怪物{1}种
MISSION_TOTAL_MONSTER_DESC_11,击杀所有怪物{1}种
MISSION_TOTAL_MONSTER_DESC_12,击杀所有怪物{1}种
MISSION_TOTAL_MONSTER_DESC_13,击杀所有怪物{1}种
MISSION_TOTAL_MONSTER_DESC_14,击杀所有怪物{1}种
MISSION_TOTAL_MONSTER_DESC_15,击杀所有怪物{1}种
MISSION_TOTAL_MONSTER_DESC_16,击杀所有怪物{1}种
MISSION_TOTAL_MONSTER_DESC_17,击杀所有怪物{1}种
MISSION_TOTAL_MONSTER_DESC_18,击杀所有怪物{1}种
MISSION_TOTAL_MONSTER_DESC_19,击杀所有怪物{1}种
MISSION_TOTAL_MONSTER_DESC_20,击杀所有怪物{1}种
MISSION_TOTAL_MONSTER_DESC_21,击杀所有怪物{1}种
MISSION_TOTAL_MONSTER_DESC_22,击杀所有怪物{1}种
MISSION_TOTAL_MONSTER_DESC_23,击杀所有怪物{1}种
MISSION_TOTAL_MONSTER_DESC_24,击杀所有怪物{1}种
MISSION_TOTAL_MONSTER_DESC_25,击杀所有怪物{1}种
MISSION_TOTAL_MONSTER_DESC_26,击杀所有怪物{1}种
MISSION_TOTAL_MONSTER_DESC_27,击杀所有怪物{1}种
MISSION_TOTAL_BOSS_MONSTER_NAME_1,BOSS怪物一点都不可怕！{1}
MISSION_TOTAL_BOSS_MONSTER_NAME_2,BOSS怪物一点都不可怕！{1}
MISSION_TOTAL_BOSS_MONSTER_NAME_3,BOSS怪物一点都不可怕！{1}
MISSION_TOTAL_BOSS_MONSTER_NAME_4,BOSS怪物一点都不可怕！{1}
MISSION_TOTAL_BOSS_MONSTER_NAME_5,BOSS怪物一点都不可怕！{1}
MISSION_TOTAL_BOSS_MONSTER_NAME_6,BOSS怪物一点都不可怕！{1}
MISSION_TOTAL_BOSS_MONSTER_NAME_7,BOSS怪物一点都不可怕！{1}
MISSION_TOTAL_BOSS_MONSTER_NAME_8,BOSS怪物一点都不可怕！{1}
MISSION_TOTAL_BOSS_MONSTER_NAME_9,BOSS怪物一点都不可怕！{1}
MISSION_TOTAL_BOSS_MONSTER_NAME_10,BOSS怪物一点都不可怕！{1}
MISSION_TOTAL_BOSS_MONSTER_NAME_11,BOSS怪物一点都不可怕！ {2}
MISSION_TOTAL_BOSS_MONSTER_NAME_12,BOSS怪物一点都不可怕！ {3}
MISSION_TOTAL_BOSS_MONSTER_DESC_1,击杀BOSS级怪物{1}种
MISSION_TOTAL_BOSS_MONSTER_DESC_2,击杀BOSS级怪物{1}种
MISSION_TOTAL_BOSS_MONSTER_DESC_3,击杀BOSS级怪物{1}种
MISSION_TOTAL_BOSS_MONSTER_DESC_4,击杀BOSS级怪物{1}种
MISSION_TOTAL_BOSS_MONSTER_DESC_5,击杀BOSS级怪物{1}种
MISSION_TOTAL_BOSS_MONSTER_DESC_6,击杀BOSS级怪物{1}种
MISSION_TOTAL_BOSS_MONSTER_DESC_7,击杀BOSS级怪物{1}种
MISSION_TOTAL_BOSS_MONSTER_DESC_8,击杀BOSS级怪物{1}种
MISSION_TOTAL_BOSS_MONSTER_DESC_9,击杀BOSS级怪物{1}种
MISSION_TOTAL_BOSS_MONSTER_DESC_10,击杀BOSS级怪物{1}种
MISSION_TOTAL_BOSS_MONSTER_DESC_11,击杀BOSS级怪物{1}种
MISSION_TOTAL_BOSS_MONSTER_DESC_12,击杀BOSS级怪物{1}种
MISSION_TOTAL_NORMAL_MONSTER_NAME_1,这点程度的怪物只是小意思{1}
MISSION_TOTAL_NORMAL_MONSTER_NAME_2,这点程度的怪物只是小意思{1}
MISSION_TOTAL_NORMAL_MONSTER_NAME_3,这点程度的怪物只是小意思{1}
MISSION_TOTAL_NORMAL_MONSTER_NAME_4,这点程度的怪物只是小意思{1}
MISSION_TOTAL_NORMAL_MONSTER_NAME_5,这点程度的怪物只是小意思{1}
MISSION_TOTAL_NORMAL_MONSTER_NAME_6,这点程度的怪物只是小意思{1}
MISSION_TOTAL_NORMAL_MONSTER_NAME_7,这点程度的怪物只是小意思{1}
MISSION_TOTAL_NORMAL_MONSTER_NAME_8,这点程度的怪物只是小意思{1}
MISSION_TOTAL_NORMAL_MONSTER_NAME_9,这点程度的怪物只是小意思{1}
MISSION_TOTAL_NORMAL_MONSTER_NAME_10,这点程度的怪物只是小意思{1}
MISSION_TOTAL_NORMAL_MONSTER_NAME_11,这点程度的怪物只是小意思{1}
MISSION_TOTAL_NORMAL_MONSTER_NAME_12,这点程度的怪物只是小意思{1}
MISSION_TOTAL_NORMAL_MONSTER_NAME_13,这点程度的怪物只是小意思{1}
MISSION_TOTAL_NORMAL_MONSTER_NAME_14,这点程度的怪物只是小意思{1}
MISSION_TOTAL_NORMAL_MONSTER_NAME_15,这点程度的怪物只是小意思{1}
MISSION_TOTAL_NORMAL_MONSTER_NAME_16,这点程度的怪物只是小意思{1}
MISSION_TOTAL_NORMAL_MONSTER_NAME_17,这点程度的怪物只是小意思{1}
MISSION_TOTAL_NORMAL_MONSTER_NAME_18,这点程度的怪物只是小意思{1}
MISSION_TOTAL_NORMAL_MONSTER_NAME_19,这点程度的怪物只是小意思{1}
MISSION_TOTAL_NORMAL_MONSTER_NAME_20,这点程度的怪物只是小意思{1}
MISSION_TOTAL_NORMAL_MONSTER_NAME_21,这点程度的怪物只是小意思{1}
MISSION_TOTAL_NORMAL_MONSTER_NAME_22,这点程度的怪物只是小意思{1}
MISSION_TOTAL_NORMAL_MONSTER_NAME_23,这点程度的怪物只是小意思{1}
MISSION_TOTAL_NORMAL_MONSTER_NAME_24,这点程度的怪物只是小意思{1}
MISSION_TOTAL_NORMAL_MONSTER_DESC_1,击杀一般怪物{1}种
MISSION_TOTAL_NORMAL_MONSTER_DESC_2,击杀一般怪物{1}种
MISSION_TOTAL_NORMAL_MONSTER_DESC_3,击杀一般怪物{1}种
MISSION_TOTAL_NORMAL_MONSTER_DESC_4,击杀一般怪物{1}种
MISSION_TOTAL_NORMAL_MONSTER_DESC_5,击杀一般怪物{1}种
MISSION_TOTAL_NORMAL_MONSTER_DESC_6,击杀一般怪物{1}种
MISSION_TOTAL_NORMAL_MONSTER_DESC_7,击杀一般怪物{1}种
MISSION_TOTAL_NORMAL_MONSTER_DESC_8,击杀一般怪物{1}种
MISSION_TOTAL_NORMAL_MONSTER_DESC_9,击杀一般怪物{1}种
MISSION_TOTAL_NORMAL_MONSTER_DESC_10,击杀一般怪物{1}种
MISSION_TOTAL_NORMAL_MONSTER_DESC_11,击杀一般怪物{1}种
MISSION_TOTAL_NORMAL_MONSTER_DESC_12,击杀一般怪物{1}种
MISSION_TOTAL_NORMAL_MONSTER_DESC_13,击杀一般怪物{1}种
MISSION_TOTAL_NORMAL_MONSTER_DESC_14,击杀一般怪物{1}种
MISSION_TOTAL_NORMAL_MONSTER_DESC_15,击杀一般怪物{1}种
MISSION_TOTAL_NORMAL_MONSTER_DESC_16,击杀一般怪物{1}种
MISSION_TOTAL_NORMAL_MONSTER_DESC_17,击杀一般怪物{1}种
MISSION_TOTAL_NORMAL_MONSTER_DESC_18,击杀一般怪物{1}种
MISSION_TOTAL_NORMAL_MONSTER_DESC_19,击杀一般怪物{1}种
MISSION_TOTAL_NORMAL_MONSTER_DESC_20,击杀一般怪物{1}种
MISSION_TOTAL_NORMAL_MONSTER_DESC_21,击杀一般怪物{1}种
MISSION_TOTAL_NORMAL_MONSTER_DESC_22,击杀一般怪物{1}种
MISSION_TOTAL_NORMAL_MONSTER_DESC_23,击杀一般怪物{1}种
MISSION_TOTAL_NORMAL_MONSTER_DESC_24,击杀一般怪物{1}种
MISSION_TOTAL_ITEM_NAME_1,道具收藏家{1}
MISSION_TOTAL_ITEM_NAME_2,道具收藏家{1}
MISSION_TOTAL_ITEM_NAME_3,道具收藏家{1}
MISSION_TOTAL_ITEM_NAME_4,道具收藏家{1}
MISSION_TOTAL_ITEM_NAME_5,道具收藏家{1}
MISSION_TOTAL_ITEM_NAME_6,道具收藏家{1}
MISSION_TOTAL_ITEM_NAME_7,道具收藏家{1}
MISSION_TOTAL_ITEM_NAME_8,道具收藏家{1}
MISSION_TOTAL_ITEM_NAME_9,道具收藏家{1}
MISSION_TOTAL_ITEM_NAME_10,道具收藏家{1}
MISSION_TOTAL_ITEM_NAME_11,道具收藏家{1}
MISSION_TOTAL_ITEM_NAME_12,道具收藏家{1}
MISSION_TOTAL_ITEM_NAME_13,道具收藏家{1}
MISSION_TOTAL_ITEM_NAME_14,道具收藏家{1}
MISSION_TOTAL_ITEM_NAME_15,道具收藏家{1}
MISSION_TOTAL_ITEM_NAME_16,道具收藏家{1}
MISSION_TOTAL_ITEM_NAME_17,道具收藏家{1}
MISSION_TOTAL_ITEM_NAME_18,道具收藏家{1}
MISSION_TOTAL_ITEM_NAME_19,道具收藏家{1}
MISSION_TOTAL_ITEM_NAME_20,道具收藏家{1}
MISSION_TOTAL_ITEM_NAME_21,道具收藏家{1}
MISSION_TOTAL_ITEM_NAME_22,道具收藏家{1}
MISSION_TOTAL_ITEM_NAME_23,道具收藏家{1}
MISSION_TOTAL_ITEM_NAME_24,道具收藏家{1}
MISSION_TOTAL_ITEM_NAME_25,道具收藏家{1}
MISSION_TOTAL_ITEM_NAME_26,道具收藏家{1}
MISSION_TOTAL_ITEM_NAME_27,道具收藏家{1}
MISSION_TOTAL_ITEM_NAME_28,道具收藏家{1}
MISSION_TOTAL_ITEM_NAME_29,道具收藏家{1}
MISSION_TOTAL_ITEM_NAME_30,道具收藏家{1}
MISSION_TOTAL_ITEM_NAME_31,道具收藏家{1}
MISSION_TOTAL_ITEM_NAME_32,道具收藏家{1}
MISSION_TOTAL_ITEM_NAME_33,道具收藏家{1}
MISSION_TOTAL_ITEM_NAME_34,道具收藏家{1}
MISSION_TOTAL_ITEM_NAME_35,道具收藏家{1}
MISSION_TOTAL_ITEM_DESC_1,收集所有种类的道具{1}种
MISSION_TOTAL_ITEM_DESC_2,收集所有种类的道具{1}种
MISSION_TOTAL_ITEM_DESC_3,收集所有种类的道具{1}种
MISSION_TOTAL_ITEM_DESC_4,收集所有种类的道具{1}种
MISSION_TOTAL_ITEM_DESC_5,收集所有种类的道具{1}种
MISSION_TOTAL_ITEM_DESC_6,收集所有种类的道具{1}种
MISSION_TOTAL_ITEM_DESC_7,收集所有种类的道具{1}种
MISSION_TOTAL_ITEM_DESC_8,收集所有种类的道具{1}种
MISSION_TOTAL_ITEM_DESC_9,收集所有种类的道具{1}种
MISSION_TOTAL_ITEM_DESC_10,收集所有种类的道具{1}种
MISSION_TOTAL_ITEM_DESC_11,收集所有种类的道具{1}种
MISSION_TOTAL_ITEM_DESC_12,收集所有种类的道具{1}种
MISSION_TOTAL_ITEM_DESC_13,收集所有种类的道具{1}种
MISSION_TOTAL_ITEM_DESC_14,收集所有种类的道具{1}种
MISSION_TOTAL_ITEM_DESC_15,收集所有种类的道具{1}种
MISSION_TOTAL_ITEM_DESC_16,收集所有种类的道具{1}种
MISSION_TOTAL_ITEM_DESC_17,收集所有种类的道具{1}种
MISSION_TOTAL_ITEM_DESC_18,收集所有种类的道具{1}种
MISSION_TOTAL_ITEM_DESC_19,收集所有种类的道具{1}种
MISSION_TOTAL_ITEM_DESC_20,收集所有种类的道具{1}种
MISSION_TOTAL_ITEM_DESC_21,收集所有种类的道具{1}种
MISSION_TOTAL_ITEM_DESC_22,收集所有种类的道具{1}种
MISSION_TOTAL_ITEM_DESC_23,收集所有种类的道具{1}种
MISSION_TOTAL_ITEM_DESC_24,收集所有种类的道具{1}种
MISSION_TOTAL_ITEM_DESC_25,收集所有种类的道具{1}种
MISSION_TOTAL_ITEM_DESC_26,收集所有种类的道具{1}种
MISSION_TOTAL_ITEM_DESC_27,收集所有种类的道具{1}种
MISSION_TOTAL_ITEM_DESC_28,收集所有种类的道具{1}种
MISSION_TOTAL_ITEM_DESC_29,收集所有种类的道具{1}种
MISSION_TOTAL_ITEM_DESC_30,收集所有种类的道具{1}种
MISSION_TOTAL_ITEM_DESC_31,收集所有种类的道具{1}种
MISSION_TOTAL_ITEM_DESC_32,收集所有种类的道具{1}种
MISSION_TOTAL_ITEM_DESC_33,收集所有种类的道具{1}种
MISSION_TOTAL_ITEM_DESC_34,收集所有种类的道具{1}种
MISSION_TOTAL_ITEM_DESC_35,收集所有种类的道具{1}种
MISSION_TOTAL_UNIQUE_WEAPON_NAME_1,专属武器收藏家{1}
MISSION_TOTAL_UNIQUE_WEAPON_NAME_2,专属武器收藏家{1}
MISSION_TOTAL_UNIQUE_WEAPON_NAME_3,专属武器收藏家{1}
MISSION_TOTAL_UNIQUE_WEAPON_NAME_4,专属武器收藏家{1}
MISSION_TOTAL_UNIQUE_WEAPON_NAME_5,专属武器收藏家{1}
MISSION_TOTAL_UNIQUE_WEAPON_NAME_6,专属武器收藏家{1}
MISSION_TOTAL_UNIQUE_WEAPON_NAME_7,专属武器收藏家{1}
MISSION_TOTAL_UNIQUE_WEAPON_NAME_8,专属武器收藏家{1}
MISSION_TOTAL_UNIQUE_WEAPON_NAME_9,专属武器收藏家{1}
MISSION_TOTAL_UNIQUE_WEAPON_NAME_10,专属武器收藏家{1}
MISSION_TOTAL_UNIQUE_WEAPON_NAME_11,专属武器收藏家{1}
MISSION_TOTAL_UNIQUE_WEAPON_NAME_12,专属武器收藏家{1}
MISSION_TOTAL_UNIQUE_WEAPON_NAME_13,专属武器收藏家{1}
MISSION_TOTAL_UNIQUE_WEAPON_NAME_14,专属武器收藏家{1}
MISSION_TOTAL_UNIQUE_WEAPON_NAME_15,专属武器收藏家{1}
MISSION_TOTAL_UNIQUE_WEAPON_NAME_16,专属武器收藏家{1}
MISSION_TOTAL_UNIQUE_WEAPON_NAME_17,专属武器收藏家{1}
MISSION_TOTAL_UNIQUE_WEAPON_NAME_18,专属武器收藏家{1}
MISSION_TOTAL_UNIQUE_WEAPON_NAME_19,专属武器收藏家{1}
MISSION_TOTAL_UNIQUE_WEAPON_NAME_20,专属武器收藏家{1}
MISSION_TOTAL_UNIQUE_WEAPON_NAME_21,专属武器收藏家{1}
MISSION_TOTAL_UNIQUE_WEAPON_NAME_22,专属武器收藏家{1}
MISSION_TOTAL_UNIQUE_WEAPON_NAME_23,专属武器收藏家{1}
MISSION_TOTAL_UNIQUE_WEAPON_NAME_24,专属武器收藏家{1}
MISSION_TOTAL_UNIQUE_WEAPON_NAME_25,专属武器收藏家{1}
MISSION_TOTAL_UNIQUE_WEAPON_NAME_26,专属武器收藏家{1}
MISSION_TOTAL_UNIQUE_WEAPON_NAME_27,专属武器收藏家{1}
MISSION_TOTAL_UNIQUE_WEAPON_NAME_28,专属武器收藏家{1}
MISSION_TOTAL_UNIQUE_WEAPON_NAME_29,专属武器收藏家{1}
MISSION_TOTAL_UNIQUE_WEAPON_NAME_30,专属武器收藏家{1}
MISSION_TOTAL_UNIQUE_WEAPON_NAME_31,专属武器收藏家{1}
MISSION_TOTAL_UNIQUE_WEAPON_NAME_32,专属武器收藏家{1}
MISSION_TOTAL_UNIQUE_WEAPON_NAME_33,专属武器收藏家{1}
MISSION_TOTAL_UNIQUE_WEAPON_NAME_34,专属武器收藏家{1}
MISSION_TOTAL_UNIQUE_WEAPON_NAME_35,专属武器收藏家{1}
MISSION_TOTAL_UNIQUE_WEAPON_NAME_36,专属武器收藏家{1}
MISSION_TOTAL_UNIQUE_WEAPON_NAME_37,专属武器收藏家{1}
MISSION_TOTAL_UNIQUE_WEAPON_NAME_38,专属武器收藏家{1}
MISSION_TOTAL_UNIQUE_WEAPON_NAME_39,专属武器收藏家{1}
MISSION_TOTAL_UNIQUE_WEAPON_NAME_40,专属武器收藏家{1}
MISSION_TOTAL_UNIQUE_WEAPON_NAME_41,专属武器收藏家{1}
MISSION_TOTAL_UNIQUE_WEAPON_NAME_42,专属武器收藏家{1}
MISSION_TOTAL_UNIQUE_WEAPON_NAME_43,专属武器收藏家{1}
MISSION_TOTAL_UNIQUE_WEAPON_DESC_1,收集专属武器{1}种
MISSION_TOTAL_UNIQUE_WEAPON_DESC_2,收集专属武器{1}种
MISSION_TOTAL_UNIQUE_WEAPON_DESC_3,收集专属武器{1}种
MISSION_TOTAL_UNIQUE_WEAPON_DESC_4,收集专属武器{1}种
MISSION_TOTAL_UNIQUE_WEAPON_DESC_5,收集专属武器{1}种
MISSION_TOTAL_UNIQUE_WEAPON_DESC_6,收集专属武器{1}种
MISSION_TOTAL_UNIQUE_WEAPON_DESC_7,收集专属武器{1}种
MISSION_TOTAL_UNIQUE_WEAPON_DESC_8,收集专属武器{1}种
MISSION_TOTAL_UNIQUE_WEAPON_DESC_9,收集专属武器{1}种
MISSION_TOTAL_UNIQUE_WEAPON_DESC_10,收集专属武器{1}种
MISSION_TOTAL_UNIQUE_WEAPON_DESC_11,收集专属武器{1}种
MISSION_TOTAL_UNIQUE_WEAPON_DESC_12,收集专属武器{1}种
MISSION_TOTAL_UNIQUE_WEAPON_DESC_13,收集专属武器{1}种
MISSION_TOTAL_UNIQUE_WEAPON_DESC_14,收集专属武器{1}种
MISSION_TOTAL_UNIQUE_WEAPON_DESC_15,收集专属武器{1}种
MISSION_TOTAL_UNIQUE_WEAPON_DESC_16,收集专属武器{1}种
MISSION_TOTAL_UNIQUE_WEAPON_DESC_17,收集专属武器{1}种
MISSION_TOTAL_UNIQUE_WEAPON_DESC_18,收集专属武器{1}种
MISSION_TOTAL_UNIQUE_WEAPON_DESC_19,收集专属武器{1}种
MISSION_TOTAL_UNIQUE_WEAPON_DESC_20,收集专属武器{1}种
MISSION_TOTAL_UNIQUE_WEAPON_DESC_21,收集专属武器{1}种
MISSION_TOTAL_UNIQUE_WEAPON_DESC_22,收集专属武器{1}种
MISSION_TOTAL_UNIQUE_WEAPON_DESC_23,收集专属武器{1}种
MISSION_TOTAL_UNIQUE_WEAPON_DESC_24,收集专属武器{1}种
MISSION_TOTAL_UNIQUE_WEAPON_DESC_25,收集专属武器{1}种
MISSION_TOTAL_UNIQUE_WEAPON_DESC_26,收集专属武器{1}种
MISSION_TOTAL_UNIQUE_WEAPON_DESC_27,收集专属武器{1}种
MISSION_TOTAL_UNIQUE_WEAPON_DESC_28,收集专属武器{1}种
MISSION_TOTAL_UNIQUE_WEAPON_DESC_29,收集专属武器{1}种
MISSION_TOTAL_UNIQUE_WEAPON_DESC_30,收集专属武器{1}种
MISSION_TOTAL_UNIQUE_WEAPON_DESC_31,收集专属武器{1}种
MISSION_TOTAL_UNIQUE_WEAPON_DESC_32,收集专属武器{1}种
MISSION_TOTAL_UNIQUE_WEAPON_DESC_33,收集专属武器{1}种
MISSION_TOTAL_UNIQUE_WEAPON_DESC_34,收集专属武器{1}种
MISSION_TOTAL_UNIQUE_WEAPON_DESC_35,收集专属武器{1}种
MISSION_TOTAL_UNIQUE_WEAPON_DESC_36,收集专属武器{1}种
MISSION_TOTAL_UNIQUE_WEAPON_DESC_37,收集专属武器{1}种
MISSION_TOTAL_UNIQUE_WEAPON_DESC_38,收集专属武器{1}种
MISSION_TOTAL_UNIQUE_WEAPON_DESC_39,收集专属武器{1}种
MISSION_TOTAL_UNIQUE_WEAPON_DESC_40,收集专属武器{1}种
MISSION_TOTAL_UNIQUE_WEAPON_DESC_41,收集专属武器{1}种
MISSION_TOTAL_UNIQUE_WEAPON_DESC_42,收集专属武器{1}种
MISSION_TOTAL_UNIQUE_WEAPON_DESC_43,收集专属武器{1}种
MISSION_TOTAL_UNIQUE_TREASURE_NAME_1,珍贵的宝物{1}
MISSION_TOTAL_UNIQUE_TREASURE_NAME_2,珍贵的宝物{1}
MISSION_TOTAL_UNIQUE_TREASURE_NAME_3,珍贵的宝物{1}
MISSION_TOTAL_UNIQUE_TREASURE_NAME_4,珍贵的宝物{1}
MISSION_TOTAL_UNIQUE_TREASURE_NAME_5,珍贵的宝物{1}
MISSION_TOTAL_UNIQUE_TREASURE_NAME_6,珍贵的宝物{1}
MISSION_TOTAL_UNIQUE_TREASURE_NAME_7,珍贵的宝物{1}
MISSION_TOTAL_UNIQUE_TREASURE_NAME_8,珍贵的宝物{1}
MISSION_TOTAL_UNIQUE_TREASURE_NAME_9,珍贵的宝物{1}
MISSION_TOTAL_UNIQUE_TREASURE_NAME_10,珍贵的宝物{1}
MISSION_TOTAL_UNIQUE_TREASURE_NAME_11,珍贵的宝物{1}
MISSION_TOTAL_UNIQUE_TREASURE_NAME_12,珍贵的宝物{1}
MISSION_TOTAL_UNIQUE_TREASURE_NAME_13,珍贵的宝物{1}
MISSION_TOTAL_UNIQUE_TREASURE_NAME_14,珍贵的宝物{1}
MISSION_TOTAL_UNIQUE_TREASURE_NAME_15,珍贵的宝物{1}
MISSION_TOTAL_UNIQUE_TREASURE_NAME_16,珍贵的宝物{1}
MISSION_TOTAL_UNIQUE_TREASURE_NAME_17,珍贵的宝物{1}
MISSION_TOTAL_UNIQUE_TREASURE_NAME_18,珍贵的宝物{1}
MISSION_TOTAL_UNIQUE_TREASURE_NAME_19,珍贵的宝物{1}
MISSION_TOTAL_UNIQUE_TREASURE_NAME_20,珍贵的宝物{1}
MISSION_TOTAL_UNIQUE_TREASURE_NAME_21,珍贵的宝物{1}
MISSION_TOTAL_UNIQUE_TREASURE_NAME_22,珍贵的宝物{1}
MISSION_TOTAL_UNIQUE_TREASURE_NAME_23,珍贵的宝物{1}
MISSION_TOTAL_UNIQUE_TREASURE_NAME_24,珍贵的宝物{1}
MISSION_TOTAL_UNIQUE_TREASURE_NAME_25,珍贵的宝物{1}
MISSION_TOTAL_UNIQUE_TREASURE_NAME_26,珍贵的宝物{1}
MISSION_TOTAL_UNIQUE_TREASURE_NAME_27,珍贵的宝物{1}
MISSION_TOTAL_UNIQUE_TREASURE_NAME_28,珍贵的宝物{1}
MISSION_TOTAL_UNIQUE_TREASURE_NAME_29,珍贵的宝物{1}
MISSION_TOTAL_UNIQUE_TREASURE_NAME_30,珍贵的宝物{1}
MISSION_TOTAL_UNIQUE_TREASURE_NAME_31,珍贵的宝物{1}
MISSION_TOTAL_UNIQUE_TREASURE_NAME_32,珍贵的宝物{1}
MISSION_TOTAL_UNIQUE_TREASURE_NAME_33,珍贵的宝物{1}
MISSION_TOTAL_UNIQUE_TREASURE_NAME_34,珍贵的宝物{1}
MISSION_TOTAL_UNIQUE_TREASURE_NAME_35,珍贵的宝物{1}
MISSION_TOTAL_UNIQUE_TREASURE_NAME_36,珍贵的宝物{1}
MISSION_TOTAL_UNIQUE_TREASURE_NAME_37,珍贵的宝物{1}
MISSION_TOTAL_UNIQUE_TREASURE_NAME_38,珍贵的宝物{1}
MISSION_TOTAL_UNIQUE_TREASURE_NAME_39,珍贵的宝物{1}
MISSION_TOTAL_UNIQUE_TREASURE_NAME_40,珍贵的宝物{1}
MISSION_TOTAL_UNIQUE_TREASURE_NAME_41,珍贵的宝物{1}
MISSION_TOTAL_UNIQUE_TREASURE_NAME_42,珍贵的宝物{1}
MISSION_TOTAL_UNIQUE_TREASURE_NAME_43,珍贵的宝物{1}
MISSION_TOTAL_UNIQUE_TREASURE_NAME_44,珍贵的宝物{1}
MISSION_TOTAL_UNIQUE_TREASURE_NAME_45,珍贵的宝物{1}
MISSION_TOTAL_UNIQUE_TREASURE_NAME_46,珍贵的宝物{1}
MISSION_TOTAL_UNIQUE_TREASURE_NAME_47,珍贵的宝物{1}
MISSION_TOTAL_UNIQUE_TREASURE_NAME_48,珍贵的宝物{1}
MISSION_TOTAL_UNIQUE_TREASURE_NAME_49,珍贵的宝物{1}
MISSION_TOTAL_UNIQUE_TREASURE_NAME_50,珍贵的宝物{1}
MISSION_TOTAL_UNIQUE_TREASURE_NAME_51,珍贵的宝物{1}
MISSION_TOTAL_UNIQUE_TREASURE_NAME_52,珍贵的宝物{1}
MISSION_TOTAL_UNIQUE_TREASURE_NAME_53,珍贵的宝物{1}
MISSION_TOTAL_UNIQUE_TREASURE_NAME_54,珍贵的宝物{1}
MISSION_TOTAL_UNIQUE_TREASURE_NAME_55,珍贵的宝物{1}
MISSION_TOTAL_UNIQUE_TREASURE_NAME_56,珍贵的宝物{1}
MISSION_TOTAL_UNIQUE_TREASURE_NAME_57,珍贵的宝物{1}
MISSION_TOTAL_UNIQUE_TREASURE_NAME_58,珍贵的宝物{1}
MISSION_TOTAL_UNIQUE_TREASURE_NAME_59,珍贵的宝物{1}
MISSION_TOTAL_UNIQUE_TREASURE_NAME_60,珍贵的宝物{1}
MISSION_TOTAL_UNIQUE_TREASURE_NAME_61,珍贵的宝物{1}
MISSION_TOTAL_UNIQUE_TREASURE_NAME_62,珍贵的宝物{1}
MISSION_TOTAL_UNIQUE_TREASURE_NAME_63,珍贵的宝物{1}
MISSION_TOTAL_UNIQUE_TREASURE_NAME_64,珍贵的宝物{1}
MISSION_TOTAL_UNIQUE_TREASURE_NAME_65,珍贵的宝物{1}
MISSION_TOTAL_UNIQUE_TREASURE_NAME_66,珍贵的宝物{1}
MISSION_TOTAL_UNIQUE_TREASURE_NAME_67,珍贵的宝物{1}
MISSION_TOTAL_UNIQUE_TREASURE_NAME_68,珍贵的宝物{1}
MISSION_TOTAL_UNIQUE_TREASURE_NAME_69,珍贵的宝物{1}
MISSION_TOTAL_UNIQUE_TREASURE_NAME_70,珍贵的宝物{1}
MISSION_TOTAL_UNIQUE_TREASURE_NAME_71,珍贵的宝物{1}
MISSION_TOTAL_UNIQUE_TREASURE_NAME_72,珍贵的宝物{1}
MISSION_TOTAL_UNIQUE_TREASURE_NAME_73,珍贵的宝物{1}
MISSION_TOTAL_UNIQUE_TREASURE_NAME_74,珍贵的宝物{1}
MISSION_TOTAL_UNIQUE_TREASURE_NAME_75,珍贵的宝物{1}
MISSION_TOTAL_UNIQUE_TREASURE_NAME_76,珍贵的宝物{1}
MISSION_TOTAL_UNIQUE_TREASURE_NAME_77,珍贵的宝物{1}
MISSION_TOTAL_UNIQUE_TREASURE_NAME_78,珍贵的宝物{1}
MISSION_TOTAL_UNIQUE_TREASURE_NAME_79,珍贵的宝物{1}
MISSION_TOTAL_UNIQUE_TREASURE_NAME_80,珍贵的宝物{1}
MISSION_TOTAL_UNIQUE_TREASURE_NAME_81,珍贵的宝物{1}
MISSION_TOTAL_UNIQUE_TREASURE_NAME_82,珍贵的宝物{1}
MISSION_TOTAL_UNIQUE_TREASURE_NAME_83,珍贵的宝物{1}
MISSION_TOTAL_UNIQUE_TREASURE_NAME_84,珍贵的宝物{1}
MISSION_TOTAL_UNIQUE_TREASURE_NAME_85,珍贵的宝物{1}
MISSION_TOTAL_UNIQUE_TREASURE_NAME_86,珍贵的宝物{1}
MISSION_TOTAL_UNIQUE_TREASURE_NAME_87,珍贵的宝物{1}
MISSION_TOTAL_UNIQUE_TREASURE_NAME_88,珍贵的宝物{1}
MISSION_TOTAL_UNIQUE_TREASURE_NAME_89,珍贵的宝物{1}
MISSION_TOTAL_UNIQUE_TREASURE_NAME_90,珍贵的宝物{1}
MISSION_TOTAL_UNIQUE_TREASURE_NAME_91,珍贵的宝物{1}
MISSION_TOTAL_UNIQUE_TREASURE_NAME_92,珍贵的宝物{1}
MISSION_TOTAL_UNIQUE_TREASURE_NAME_93,珍贵的宝物{1}
MISSION_TOTAL_UNIQUE_TREASURE_NAME_94,珍贵的宝物{1}
MISSION_TOTAL_UNIQUE_TREASURE_NAME_95,珍贵的宝物{1}
MISSION_TOTAL_UNIQUE_TREASURE_NAME_96,珍贵的宝物{1}
MISSION_TOTAL_UNIQUE_TREASURE_NAME_97,珍贵的宝物{1}
MISSION_TOTAL_UNIQUE_TREASURE_NAME_98,珍贵的宝物{1}
MISSION_TOTAL_UNIQUE_TREASURE_DESC_1,收集专属宝物{1}种
MISSION_TOTAL_UNIQUE_TREASURE_DESC_2,收集专属宝物{1}种
MISSION_TOTAL_UNIQUE_TREASURE_DESC_3,收集专属宝物{1}种
MISSION_TOTAL_UNIQUE_TREASURE_DESC_4,收集专属宝物{1}种
MISSION_TOTAL_UNIQUE_TREASURE_DESC_5,收集专属宝物{1}种
MISSION_TOTAL_UNIQUE_TREASURE_DESC_6,收集专属宝物{1}种
MISSION_TOTAL_UNIQUE_TREASURE_DESC_7,收集专属宝物{1}种
MISSION_TOTAL_UNIQUE_TREASURE_DESC_8,收集专属宝物{1}种
MISSION_TOTAL_UNIQUE_TREASURE_DESC_9,收集专属宝物{1}种
MISSION_TOTAL_UNIQUE_TREASURE_DESC_10,收集专属宝物{1}种
MISSION_TOTAL_UNIQUE_TREASURE_DESC_11,收集专属宝物{1}种
MISSION_TOTAL_UNIQUE_TREASURE_DESC_12,收集专属宝物{1}种
MISSION_TOTAL_UNIQUE_TREASURE_DESC_13,收集专属宝物{1}种
MISSION_TOTAL_UNIQUE_TREASURE_DESC_14,收集专属宝物{1}种
MISSION_TOTAL_UNIQUE_TREASURE_DESC_15,收集专属宝物{1}种
MISSION_TOTAL_UNIQUE_TREASURE_DESC_16,收集专属宝物{1}种
MISSION_TOTAL_UNIQUE_TREASURE_DESC_17,收集专属宝物{1}种
MISSION_TOTAL_UNIQUE_TREASURE_DESC_18,收集专属宝物{1}种
MISSION_TOTAL_UNIQUE_TREASURE_DESC_19,收集专属宝物{1}种
MISSION_TOTAL_UNIQUE_TREASURE_DESC_20,收集专属宝物{1}种
MISSION_TOTAL_UNIQUE_TREASURE_DESC_21,收集专属宝物{1}种
MISSION_TOTAL_UNIQUE_TREASURE_DESC_22,收集专属宝物{1}种
MISSION_TOTAL_UNIQUE_TREASURE_DESC_23,收集专属宝物{1}种
MISSION_TOTAL_UNIQUE_TREASURE_DESC_24,收集专属宝物{1}种
MISSION_TOTAL_UNIQUE_TREASURE_DESC_25,收集专属宝物{1}种
MISSION_TOTAL_UNIQUE_TREASURE_DESC_26,收集专属宝物{1}种
MISSION_TOTAL_UNIQUE_TREASURE_DESC_27,收集专属宝物{1}种
MISSION_TOTAL_UNIQUE_TREASURE_DESC_28,收集专属宝物{1}种
MISSION_TOTAL_UNIQUE_TREASURE_DESC_29,收集专属宝物{1}种
MISSION_TOTAL_UNIQUE_TREASURE_DESC_30,收集专属宝物{1}种
MISSION_TOTAL_UNIQUE_TREASURE_DESC_31,收集专属宝物{1}种
MISSION_TOTAL_UNIQUE_TREASURE_DESC_32,收集专属宝物{1}种
MISSION_TOTAL_UNIQUE_TREASURE_DESC_33,收集专属宝物{1}种
MISSION_TOTAL_UNIQUE_TREASURE_DESC_34,收集专属宝物{1}种
MISSION_TOTAL_UNIQUE_TREASURE_DESC_35,收集专属宝物{1}种
MISSION_TOTAL_UNIQUE_TREASURE_DESC_36,收集专属宝物{1}种
MISSION_TOTAL_UNIQUE_TREASURE_DESC_37,收集专属宝物{1}种
MISSION_TOTAL_UNIQUE_TREASURE_DESC_38,收集专属宝物{1}种
MISSION_TOTAL_UNIQUE_TREASURE_DESC_39,收集专属宝物{1}种
MISSION_TOTAL_UNIQUE_TREASURE_DESC_40,收集专属宝物{1}种
MISSION_TOTAL_UNIQUE_TREASURE_DESC_41,收集专属宝物{1}种
MISSION_TOTAL_UNIQUE_TREASURE_DESC_42,收集专属宝物{1}种
MISSION_TOTAL_UNIQUE_TREASURE_DESC_43,收集专属宝物{1}种
MISSION_TOTAL_UNIQUE_TREASURE_DESC_44,收集专属宝物{1}种
MISSION_TOTAL_UNIQUE_TREASURE_DESC_45,收集专属宝物{1}种
MISSION_TOTAL_UNIQUE_TREASURE_DESC_46,收集专属宝物{1}种
MISSION_TOTAL_UNIQUE_TREASURE_DESC_47,收集专属宝物{1}种
MISSION_TOTAL_UNIQUE_TREASURE_DESC_48,收集专属宝物{1}种
MISSION_TOTAL_UNIQUE_TREASURE_DESC_49,收集专属宝物{1}种
MISSION_TOTAL_UNIQUE_TREASURE_DESC_50,收集专属宝物{1}种
MISSION_TOTAL_UNIQUE_TREASURE_DESC_51,收集专属宝物{1}种
MISSION_TOTAL_UNIQUE_TREASURE_DESC_52,收集专属宝物{1}种
MISSION_TOTAL_UNIQUE_TREASURE_DESC_53,收集专属宝物{1}种
MISSION_TOTAL_UNIQUE_TREASURE_DESC_54,收集专属宝物{1}种
MISSION_TOTAL_UNIQUE_TREASURE_DESC_55,收集专属宝物{1}种
MISSION_TOTAL_UNIQUE_TREASURE_DESC_56,收集专属宝物{1}种
MISSION_TOTAL_UNIQUE_TREASURE_DESC_57,收集专属宝物{1}种
MISSION_TOTAL_UNIQUE_TREASURE_DESC_58,收集专属宝物{1}种
MISSION_TOTAL_UNIQUE_TREASURE_DESC_59,收集专属宝物{1}种
MISSION_TOTAL_UNIQUE_TREASURE_DESC_60,收集专属宝物{1}种
MISSION_TOTAL_UNIQUE_TREASURE_DESC_61,收集专属宝物{1}种
MISSION_TOTAL_UNIQUE_TREASURE_DESC_62,收集专属宝物{1}种
MISSION_TOTAL_UNIQUE_TREASURE_DESC_63,收集专属宝物{1}种
MISSION_TOTAL_UNIQUE_TREASURE_DESC_64,收集专属宝物{1}种
MISSION_TOTAL_UNIQUE_TREASURE_DESC_65,收集专属宝物{1}种
MISSION_TOTAL_UNIQUE_TREASURE_DESC_66,收集专属宝物{1}种
MISSION_TOTAL_UNIQUE_TREASURE_DESC_67,收集专属宝物{1}种
MISSION_TOTAL_UNIQUE_TREASURE_DESC_68,收集专属宝物{1}种
MISSION_TOTAL_UNIQUE_TREASURE_DESC_69,收集专属宝物{1}种
MISSION_TOTAL_UNIQUE_TREASURE_DESC_70,收集专属宝物{1}种
MISSION_TOTAL_UNIQUE_TREASURE_DESC_71,收集专属宝物{1}种
MISSION_TOTAL_UNIQUE_TREASURE_DESC_72,收集专属宝物{1}种
MISSION_TOTAL_UNIQUE_TREASURE_DESC_73,收集专属宝物{1}种
MISSION_TOTAL_UNIQUE_TREASURE_DESC_74,收集专属宝物{1}种
MISSION_TOTAL_UNIQUE_TREASURE_DESC_75,收集专属宝物{1}种
MISSION_TOTAL_UNIQUE_TREASURE_DESC_76,收集专属宝物{1}种
MISSION_TOTAL_UNIQUE_TREASURE_DESC_77,收集专属宝物{1}种
MISSION_TOTAL_UNIQUE_TREASURE_DESC_78,收集专属宝物{1}种
MISSION_TOTAL_UNIQUE_TREASURE_DESC_79,收集专属宝物{1}种
MISSION_TOTAL_UNIQUE_TREASURE_DESC_80,收集专属宝物{1}种
MISSION_TOTAL_UNIQUE_TREASURE_DESC_81,收集专属宝物{1}种
MISSION_TOTAL_UNIQUE_TREASURE_DESC_82,收集专属宝物{1}种
MISSION_TOTAL_UNIQUE_TREASURE_DESC_83,收集专属宝物{1}种
MISSION_TOTAL_UNIQUE_TREASURE_DESC_84,收集专属宝物{1}种
MISSION_TOTAL_UNIQUE_TREASURE_DESC_85,收集专属宝物{1}种
MISSION_TOTAL_UNIQUE_TREASURE_DESC_86,收集专属宝物{1}种
MISSION_TOTAL_UNIQUE_TREASURE_DESC_87,收集专属宝物{1}种
MISSION_TOTAL_UNIQUE_TREASURE_DESC_88,收集专属宝物{1}种
MISSION_TOTAL_UNIQUE_TREASURE_DESC_89,收集专属宝物{1}种
MISSION_TOTAL_UNIQUE_TREASURE_DESC_90,收集专属宝物{1}种
MISSION_TOTAL_UNIQUE_TREASURE_DESC_91,收集专属宝物{1}种
MISSION_TOTAL_UNIQUE_TREASURE_DESC_92,收集专属宝物{1}种
MISSION_TOTAL_UNIQUE_TREASURE_DESC_93,收集专属宝物{1}种
MISSION_TOTAL_UNIQUE_TREASURE_DESC_94,收集专属宝物{1}种
MISSION_TOTAL_UNIQUE_TREASURE_DESC_95,收集专属宝物{1}种
MISSION_TOTAL_UNIQUE_TREASURE_DESC_96,收集专属宝物{1}种
MISSION_TOTAL_UNIQUE_TREASURE_DESC_97,收集专属宝物{1}种
MISSION_TOTAL_UNIQUE_TREASURE_DESC_98,收集专属宝物{1}种
MISSION_TOTAL_ARTIFACT_NAME_1,神器挖掘专家{1}
MISSION_TOTAL_ARTIFACT_NAME_2,神器挖掘专家{1}
MISSION_TOTAL_ARTIFACT_NAME_3,神器挖掘专家{1}
MISSION_TOTAL_ARTIFACT_NAME_4,神器挖掘专家{1}
MISSION_TOTAL_ARTIFACT_NAME_5,神器挖掘专家{1}
MISSION_TOTAL_ARTIFACT_NAME_6,神器挖掘专家{1}
MISSION_TOTAL_ARTIFACT_NAME_7,神器挖掘专家{1}
MISSION_TOTAL_ARTIFACT_NAME_8,神器挖掘专家{1}
MISSION_TOTAL_ARTIFACT_NAME_9,神器挖掘专家{1}
MISSION_TOTAL_ARTIFACT_NAME_10,神器挖掘专家{1}
MISSION_TOTAL_ARTIFACT_NAME_11,神器挖掘专家{1}
MISSION_TOTAL_ARTIFACT_NAME_12,神器挖掘专家{1}
MISSION_TOTAL_ARTIFACT_NAME_13,神器挖掘专家{1}
MISSION_TOTAL_ARTIFACT_NAME_14,神器挖掘专家{1}
MISSION_TOTAL_ARTIFACT_NAME_15,神器挖掘专家{1}
MISSION_TOTAL_ARTIFACT_NAME_16,神器挖掘专家{1}
MISSION_TOTAL_ARTIFACT_NAME_17,神器挖掘专家{1}
MISSION_TOTAL_ARTIFACT_NAME_18,神器挖掘专家{1}
MISSION_TOTAL_ARTIFACT_NAME_19,神器挖掘专家{1}
MISSION_TOTAL_ARTIFACT_NAME_20,神器挖掘专家{1}
MISSION_TOTAL_ARTIFACT_NAME_21,神器挖掘专家{1}
MISSION_TOTAL_ARTIFACT_NAME_22,神器挖掘专家{1}
MISSION_TOTAL_ARTIFACT_NAME_23,神器挖掘专家{1}
MISSION_TOTAL_ARTIFACT_NAME_24,神器挖掘专家{1}
MISSION_TOTAL_ARTIFACT_NAME_25,神器挖掘专家{1}
MISSION_TOTAL_ARTIFACT_NAME_26,神器挖掘专家{1}
MISSION_TOTAL_ARTIFACT_NAME_27,神器挖掘专家{1}
MISSION_TOTAL_ARTIFACT_NAME_28,神器挖掘专家{1}
MISSION_TOTAL_ARTIFACT_NAME_29,神器挖掘专家{1}
MISSION_TOTAL_ARTIFACT_NAME_30,神器挖掘专家{1}
MISSION_TOTAL_ARTIFACT_NAME_31,神器挖掘专家{1}
MISSION_TOTAL_ARTIFACT_DESC_1,收集{1}种神器
MISSION_TOTAL_ARTIFACT_DESC_2,收集{1}种神器
MISSION_TOTAL_ARTIFACT_DESC_3,收集{1}种神器
MISSION_TOTAL_ARTIFACT_DESC_4,收集{1}种神器
MISSION_TOTAL_ARTIFACT_DESC_5,收集{1}种神器
MISSION_TOTAL_ARTIFACT_DESC_6,收集{1}种神器
MISSION_TOTAL_ARTIFACT_DESC_7,收集{1}种神器
MISSION_TOTAL_ARTIFACT_DESC_8,收集{1}种神器
MISSION_TOTAL_ARTIFACT_DESC_9,收集{1}种神器
MISSION_TOTAL_ARTIFACT_DESC_10,收集{1}种神器
MISSION_TOTAL_ARTIFACT_DESC_11,收集{1}种神器
MISSION_TOTAL_ARTIFACT_DESC_12,收集{1}种神器
MISSION_TOTAL_ARTIFACT_DESC_13,收集{1}种神器
MISSION_TOTAL_ARTIFACT_DESC_14,收集{1}种神器
MISSION_TOTAL_ARTIFACT_DESC_15,收集{1}种神器
MISSION_TOTAL_ARTIFACT_DESC_16,收集{1}种神器
MISSION_TOTAL_ARTIFACT_DESC_17,收集{1}种神器
MISSION_TOTAL_ARTIFACT_DESC_18,收集{1}种神器
MISSION_TOTAL_ARTIFACT_DESC_19,收集{1}种神器
MISSION_TOTAL_ARTIFACT_DESC_20,收集{1}种神器
MISSION_TOTAL_ARTIFACT_DESC_21,收集{1}种神器
MISSION_TOTAL_ARTIFACT_DESC_22,收集{1}种神器
MISSION_TOTAL_ARTIFACT_DESC_23,收集{1}种神器
MISSION_TOTAL_ARTIFACT_DESC_24,收集{1}种神器
MISSION_TOTAL_ARTIFACT_DESC_25,收集{1}种神器
MISSION_TOTAL_ARTIFACT_DESC_26,收集{1}种神器
MISSION_TOTAL_ARTIFACT_DESC_27,收集{1}种神器
MISSION_TOTAL_ARTIFACT_DESC_28,收集{1}种神器
MISSION_TOTAL_ARTIFACT_DESC_29,收集{1}种神器
MISSION_TOTAL_ARTIFACT_DESC_30,收集{1}种神器
MISSION_TOTAL_ARTIFACT_DESC_31,收集{1}种神器
MISSION_TOTAL_EQUIPMENT_NAME_1,取得能派上用场的装备{1}
MISSION_TOTAL_EQUIPMENT_NAME_2,取得能派上用场的装备{1}
MISSION_TOTAL_EQUIPMENT_NAME_3,取得能派上用场的装备{1}
MISSION_TOTAL_EQUIPMENT_NAME_4,取得能派上用场的装备{1}
MISSION_TOTAL_EQUIPMENT_NAME_5,取得能派上用场的装备{1}
MISSION_TOTAL_EQUIPMENT_NAME_6,取得能派上用场的装备{1}
MISSION_TOTAL_EQUIPMENT_NAME_7,取得能派上用场的装备{1}
MISSION_TOTAL_EQUIPMENT_NAME_8,取得能派上用场的装备{1}
MISSION_TOTAL_EQUIPMENT_NAME_9,取得能派上用场的装备{1}
MISSION_TOTAL_EQUIPMENT_NAME_10,取得能派上用场的装备{1}
MISSION_TOTAL_EQUIPMENT_NAME_11,取得能派上用场的装备{1}
MISSION_TOTAL_EQUIPMENT_NAME_12,取得能派上用场的装备{1}
MISSION_TOTAL_EQUIPMENT_NAME_13,取得能派上用场的装备{1}
MISSION_TOTAL_EQUIPMENT_NAME_14,取得能派上用场的装备{1}
MISSION_TOTAL_EQUIPMENT_NAME_15,取得能派上用场的装备{1}
MISSION_TOTAL_EQUIPMENT_NAME_16,取得能派上用场的装备{1}
MISSION_TOTAL_EQUIPMENT_NAME_17,取得能派上用场的装备{1}
MISSION_TOTAL_EQUIPMENT_NAME_18,取得能派上用场的装备{1}
MISSION_TOTAL_EQUIPMENT_NAME_19,取得能派上用场的装备{1}
MISSION_TOTAL_EQUIPMENT_NAME_20,取得能派上用场的装备{1}
MISSION_TOTAL_EQUIPMENT_NAME_21,取得能派上用场的装备{1}
MISSION_TOTAL_EQUIPMENT_NAME_22,取得能派上用场的装备{1}
MISSION_TOTAL_EQUIPMENT_NAME_23,取得能派上用场的装备{1}
MISSION_TOTAL_EQUIPMENT_NAME_24,取得能派上用场的装备{1}
MISSION_TOTAL_EQUIPMENT_NAME_25,取得能派上用场的装备{1}
MISSION_TOTAL_EQUIPMENT_NAME_26,取得能派上用场的装备{1}
MISSION_TOTAL_EQUIPMENT_NAME_27,取得能派上用场的装备{1}
MISSION_TOTAL_EQUIPMENT_NAME_28,取得能派上用场的装备{1}
MISSION_TOTAL_EQUIPMENT_NAME_29,取得能派上用场的装备{1}
MISSION_TOTAL_EQUIPMENT_NAME_30,取得能派上用场的装备{1}
MISSION_TOTAL_EQUIPMENT_NAME_31,取得能派上用场的装备{1}
MISSION_TOTAL_EQUIPMENT_NAME_32,取得能派上用场的装备{1}
MISSION_TOTAL_EQUIPMENT_NAME_33,取得能派上用场的装备{1}
MISSION_TOTAL_EQUIPMENT_NAME_34,取得能派上用场的装备{1}
MISSION_TOTAL_EQUIPMENT_NAME_35,取得能派上用场的装备{1}
MISSION_TOTAL_EQUIPMENT_NAME_36,取得能派上用场的装备{1}
MISSION_TOTAL_EQUIPMENT_NAME_37,取得能派上用场的装备{1}
MISSION_TOTAL_EQUIPMENT_NAME_38,取得能派上用场的装备{1}
MISSION_TOTAL_EQUIPMENT_NAME_39,取得能派上用场的装备{1}
MISSION_TOTAL_EQUIPMENT_NAME_40,取得能派上用场的装备{1}
MISSION_TOTAL_EQUIPMENT_NAME_41,取得能派上用场的装备{1}
MISSION_TOTAL_EQUIPMENT_NAME_42,取得能派上用场的装备{1}
MISSION_TOTAL_EQUIPMENT_NAME_43,取得能派上用场的装备{1}
MISSION_TOTAL_EQUIPMENT_NAME_44,取得能派上用场的装备{1}
MISSION_TOTAL_EQUIPMENT_NAME_45,取得能派上用场的装备{1}
MISSION_TOTAL_EQUIPMENT_NAME_46,取得能派上用场的装备{1}
MISSION_TOTAL_EQUIPMENT_DESC_1,收集一般装备道具{1}种
MISSION_TOTAL_EQUIPMENT_DESC_2,收集一般装备道具{1}种
MISSION_TOTAL_EQUIPMENT_DESC_3,收集一般装备道具{1}种
MISSION_TOTAL_EQUIPMENT_DESC_4,收集一般装备道具{1}种
MISSION_TOTAL_EQUIPMENT_DESC_5,收集一般装备道具{1}种
MISSION_TOTAL_EQUIPMENT_DESC_6,收集一般装备道具{1}种
MISSION_TOTAL_EQUIPMENT_DESC_7,收集一般装备道具{1}种
MISSION_TOTAL_EQUIPMENT_DESC_8,收集一般装备道具{1}种
MISSION_TOTAL_EQUIPMENT_DESC_9,收集一般装备道具{1}种
MISSION_TOTAL_EQUIPMENT_DESC_10,收集一般装备道具{1}种
MISSION_TOTAL_EQUIPMENT_DESC_11,收集一般装备道具{1}种
MISSION_TOTAL_EQUIPMENT_DESC_12,收集一般装备道具{1}种
MISSION_TOTAL_EQUIPMENT_DESC_13,收集一般装备道具{1}种
MISSION_TOTAL_EQUIPMENT_DESC_14,收集一般装备道具{1}种
MISSION_TOTAL_EQUIPMENT_DESC_15,收集一般装备道具{1}种
MISSION_TOTAL_EQUIPMENT_DESC_16,收集一般装备道具{1}种
MISSION_TOTAL_EQUIPMENT_DESC_17,收集一般装备道具{1}种
MISSION_TOTAL_EQUIPMENT_DESC_18,收集一般装备道具{1}种
MISSION_TOTAL_EQUIPMENT_DESC_19,收集一般装备道具{1}种
MISSION_TOTAL_EQUIPMENT_DESC_20,收集一般装备道具{1}种
MISSION_TOTAL_EQUIPMENT_DESC_21,收集一般装备道具{1}种
MISSION_TOTAL_EQUIPMENT_DESC_22,收集一般装备道具{1}种
MISSION_TOTAL_EQUIPMENT_DESC_23,收集一般装备道具{1}种
MISSION_TOTAL_EQUIPMENT_DESC_24,收集一般装备道具{1}种
MISSION_TOTAL_EQUIPMENT_DESC_25,收集一般装备道具{1}种
MISSION_TOTAL_EQUIPMENT_DESC_26,收集一般装备道具{1}种
MISSION_TOTAL_EQUIPMENT_DESC_27,收集一般装备道具{1}种
MISSION_TOTAL_EQUIPMENT_DESC_28,收集一般装备道具{1}种
MISSION_TOTAL_EQUIPMENT_DESC_29,收集一般装备道具{1}种
MISSION_TOTAL_EQUIPMENT_DESC_30,收集一般装备道具{1}种
MISSION_TOTAL_EQUIPMENT_DESC_31,收集一般装备道具{1}种
MISSION_TOTAL_EQUIPMENT_DESC_32,收集一般装备道具{1}种
MISSION_TOTAL_EQUIPMENT_DESC_33,收集一般装备道具{1}种
MISSION_TOTAL_EQUIPMENT_DESC_34,收集一般装备道具{1}种
MISSION_TOTAL_EQUIPMENT_DESC_35,收集一般装备道具{1}种
MISSION_TOTAL_EQUIPMENT_DESC_36,收集一般装备道具{1}种
MISSION_TOTAL_EQUIPMENT_DESC_37,收集一般装备道具{1}种
MISSION_TOTAL_EQUIPMENT_DESC_38,收集一般装备道具{1}种
MISSION_TOTAL_EQUIPMENT_DESC_39,收集一般装备道具{1}种
MISSION_TOTAL_EQUIPMENT_DESC_40,收集一般装备道具{1}种
MISSION_TOTAL_EQUIPMENT_DESC_41,收集一般装备道具{1}种
MISSION_TOTAL_EQUIPMENT_DESC_42,收集一般装备道具{1}种
MISSION_TOTAL_EQUIPMENT_DESC_43,收集一般装备道具{1}种
MISSION_TOTAL_EQUIPMENT_DESC_44,收集一般装备道具{1}种
MISSION_TOTAL_EQUIPMENT_DESC_45,收集一般装备道具{1}种
MISSION_TOTAL_EQUIPMENT_DESC_46,收集一般装备道具{1}种
MISSION_TOTAL_NORMAL_ITEM_NAME_1,或许能派上用场的道具{1}
MISSION_TOTAL_NORMAL_ITEM_NAME_2,或许能派上用场的道具{1}
MISSION_TOTAL_NORMAL_ITEM_NAME_3,或许能派上用场的道具{1}
MISSION_TOTAL_NORMAL_ITEM_NAME_4,或许能派上用场的道具{1}
MISSION_TOTAL_NORMAL_ITEM_NAME_5,或许能派上用场的道具{1}
MISSION_TOTAL_NORMAL_ITEM_NAME_6,或许能派上用场的道具{1}
MISSION_TOTAL_NORMAL_ITEM_NAME_7,或许能派上用场的道具{1}
MISSION_TOTAL_NORMAL_ITEM_NAME_8,或许能派上用场的道具{1}
MISSION_TOTAL_NORMAL_ITEM_NAME_9,或许能派上用场的道具{1}
MISSION_TOTAL_NORMAL_ITEM_NAME_10,或许能派上用场的道具{1}
MISSION_TOTAL_NORMAL_ITEM_NAME_11,或许能派上用场的道具{1}
MISSION_TOTAL_NORMAL_ITEM_NAME_12,或许能派上用场的道具{1}
MISSION_TOTAL_NORMAL_ITEM_NAME_13,或许能派上用场的道具{1}
MISSION_TOTAL_NORMAL_ITEM_NAME_14,或许能派上用场的道具{1}
MISSION_TOTAL_NORMAL_ITEM_NAME_15,或许能派上用场的道具{1}
MISSION_TOTAL_NORMAL_ITEM_NAME_16,或许能派上用场的道具{1}
MISSION_TOTAL_NORMAL_ITEM_NAME_17,或许能派上用场的道具{1}
MISSION_TOTAL_NORMAL_ITEM_NAME_18,或许能派上用场的道具{1}
MISSION_TOTAL_NORMAL_ITEM_NAME_19,或许能派上用场的道具{1}
MISSION_TOTAL_NORMAL_ITEM_NAME_20,或许能派上用场的道具{1}
MISSION_TOTAL_NORMAL_ITEM_NAME_21,或许能派上用场的道具{1}
MISSION_TOTAL_NORMAL_ITEM_NAME_22,或许能派上用场的道具{1}
MISSION_TOTAL_NORMAL_ITEM_NAME_23,或许能派上用场的道具{1}
MISSION_TOTAL_NORMAL_ITEM_NAME_24,或许能派上用场的道具{1}
MISSION_TOTAL_NORMAL_ITEM_NAME_25,或许能派上用场的道具{1}
MISSION_TOTAL_NORMAL_ITEM_NAME_26,或许能派上用场的道具{1}
MISSION_TOTAL_NORMAL_ITEM_NAME_27,或许能派上用场的道具{1}
MISSION_TOTAL_NORMAL_ITEM_NAME_28,或许能派上用场的道具{1}
MISSION_TOTAL_NORMAL_ITEM_NAME_29,或许能派上用场的道具{1}
MISSION_TOTAL_NORMAL_ITEM_NAME_30,或许能派上用场的道具{1}
MISSION_TOTAL_NORMAL_ITEM_NAME_31,或许能派上用场的道具{1}
MISSION_TOTAL_NORMAL_ITEM_NAME_32,或许能派上用场的道具{1}
MISSION_TOTAL_NORMAL_ITEM_NAME_33,或许能派上用场的道具{1}
MISSION_TOTAL_NORMAL_ITEM_NAME_34,或许能派上用场的道具{1}
MISSION_TOTAL_NORMAL_ITEM_NAME_35,或许能派上用场的道具{1}
MISSION_TOTAL_NORMAL_ITEM_DESC_1,收集一般道具{1}种
MISSION_TOTAL_NORMAL_ITEM_DESC_2,收集一般道具{1}种
MISSION_TOTAL_NORMAL_ITEM_DESC_3,收集一般道具{1}种
MISSION_TOTAL_NORMAL_ITEM_DESC_4,收集一般道具{1}种
MISSION_TOTAL_NORMAL_ITEM_DESC_5,收集一般道具{1}种
MISSION_TOTAL_NORMAL_ITEM_DESC_6,收集一般道具{1}种
MISSION_TOTAL_NORMAL_ITEM_DESC_7,收集一般道具{1}种
MISSION_TOTAL_NORMAL_ITEM_DESC_8,收集一般道具{1}种
MISSION_TOTAL_NORMAL_ITEM_DESC_9,收集一般道具{1}种
MISSION_TOTAL_NORMAL_ITEM_DESC_10,收集一般道具{1}种
MISSION_TOTAL_NORMAL_ITEM_DESC_11,收集一般道具{1}种
MISSION_TOTAL_NORMAL_ITEM_DESC_12,收集一般道具{1}种
MISSION_TOTAL_NORMAL_ITEM_DESC_13,收集一般道具{1}种
MISSION_TOTAL_NORMAL_ITEM_DESC_14,收集一般道具{1}种
MISSION_TOTAL_NORMAL_ITEM_DESC_15,收集一般道具{1}种
MISSION_TOTAL_NORMAL_ITEM_DESC_16,收集一般道具{1}种
MISSION_TOTAL_NORMAL_ITEM_DESC_17,收集一般道具{1}种
MISSION_TOTAL_NORMAL_ITEM_DESC_18,收集一般道具{1}种
MISSION_TOTAL_NORMAL_ITEM_DESC_19,收集一般道具{1}种
MISSION_TOTAL_NORMAL_ITEM_DESC_20,收集一般道具{1}种
MISSION_TOTAL_NORMAL_ITEM_DESC_21,收集一般道具{1}种
MISSION_TOTAL_NORMAL_ITEM_DESC_22,收集一般道具{1}种
MISSION_TOTAL_NORMAL_ITEM_DESC_23,收集一般道具{1}种
MISSION_TOTAL_NORMAL_ITEM_DESC_24,收集一般道具{1}种
MISSION_TOTAL_NORMAL_ITEM_DESC_25,收集一般道具{1}种
MISSION_TOTAL_NORMAL_ITEM_DESC_26,收集一般道具{1}种
MISSION_TOTAL_NORMAL_ITEM_DESC_27,收集一般道具{1}种
MISSION_TOTAL_NORMAL_ITEM_DESC_28,收集一般道具{1}种
MISSION_TOTAL_NORMAL_ITEM_DESC_29,收集一般道具{1}种
MISSION_TOTAL_NORMAL_ITEM_DESC_30,收集一般道具{1}种
MISSION_TOTAL_NORMAL_ITEM_DESC_31,收集一般道具{1}种
MISSION_TOTAL_NORMAL_ITEM_DESC_32,收集一般道具{1}种
MISSION_TOTAL_NORMAL_ITEM_DESC_33,收集一般道具{1}种
MISSION_TOTAL_NORMAL_ITEM_DESC_34,收集一般道具{1}种
MISSION_TOTAL_NORMAL_ITEM_DESC_35,收集一般道具{1}种
MISSION_JOIN_SUPPRESS_NAME_1,人多力量大！{1}
MISSION_JOIN_SUPPRESS_NAME_2,人多力量大！{1}
MISSION_JOIN_SUPPRESS_NAME_3,人多力量大！{1}
MISSION_JOIN_SUPPRESS_NAME_4,人多力量大！{1}
MISSION_JOIN_SUPPRESS_NAME_5,人多力量大！{1}
MISSION_JOIN_SUPPRESS_NAME_6,人多力量大！{1}
MISSION_JOIN_SUPPRESS_NAME_7,人多力量大！{1}
MISSION_JOIN_SUPPRESS_NAME_8,人多力量大！{1}
MISSION_JOIN_SUPPRESS_NAME_9,人多力量大！{1}
MISSION_JOIN_SUPPRESS_NAME_10,人多力量大！{1}
MISSION_JOIN_SUPPRESS_NAME_11,人多力量大！{1}
MISSION_JOIN_SUPPRESS_NAME_12,人多力量大！{1}
MISSION_JOIN_SUPPRESS_NAME_13,人多力量大！{1}
MISSION_JOIN_SUPPRESS_NAME_14,人多力量大！{1}
MISSION_JOIN_SUPPRESS_NAME_15,人多力量大！{1}
MISSION_JOIN_SUPPRESS_NAME_16,人多力量大！{1}
MISSION_JOIN_SUPPRESS_NAME_17,人多力量大！{1}
MISSION_JOIN_SUPPRESS_NAME_18,人多力量大！{1}
MISSION_JOIN_SUPPRESS_NAME_19,人多力量大！{1}
MISSION_JOIN_SUPPRESS_NAME_20,人多力量大！{1}
MISSION_JOIN_SUPPRESS_NAME_21,人多力量大！{1}
MISSION_JOIN_SUPPRESS_NAME_22,人多力量大！{1}
MISSION_JOIN_SUPPRESS_NAME_23,人多力量大！{1}
MISSION_JOIN_SUPPRESS_NAME_24,人多力量大！{1}
MISSION_JOIN_SUPPRESS_NAME_25,人多力量大！{1}
MISSION_JOIN_SUPPRESS_NAME_26,人多力量大！{1}
MISSION_JOIN_SUPPRESS_NAME_27,人多力量大！{1}
MISSION_JOIN_SUPPRESS_NAME_28,人多力量大！{1}
MISSION_JOIN_SUPPRESS_NAME_29,人多力量大！{1}
MISSION_JOIN_SUPPRESS_NAME_30,人多力量大！{1}
MISSION_JOIN_SUPPRESS_NAME_31,人多力量大！{1}
MISSION_JOIN_SUPPRESS_NAME_32,人多力量大！{1}
MISSION_JOIN_SUPPRESS_NAME_33,人多力量大！{1}
MISSION_JOIN_SUPPRESS_NAME_34,人多力量大！{1}
MISSION_JOIN_SUPPRESS_NAME_35,人多力量大！{1}
MISSION_JOIN_SUPPRESS_DESC_1,参加挑战{1}次公会讨伐战
MISSION_JOIN_SUPPRESS_DESC_2,参加挑战{1}次公会讨伐战
MISSION_JOIN_SUPPRESS_DESC_3,参加挑战{1}次公会讨伐战
MISSION_JOIN_SUPPRESS_DESC_4,参加挑战{1}次公会讨伐战
MISSION_JOIN_SUPPRESS_DESC_5,参加挑战{1}次公会讨伐战
MISSION_JOIN_SUPPRESS_DESC_6,参加挑战{1}次公会讨伐战
MISSION_JOIN_SUPPRESS_DESC_7,参加挑战{1}次公会讨伐战
MISSION_JOIN_SUPPRESS_DESC_8,参加挑战{1}次公会讨伐战
MISSION_JOIN_SUPPRESS_DESC_9,参加挑战{1}次公会讨伐战
MISSION_JOIN_SUPPRESS_DESC_10,参加挑战{1}次公会讨伐战
MISSION_JOIN_SUPPRESS_DESC_11,参加挑战{1}次公会讨伐战
MISSION_JOIN_SUPPRESS_DESC_12,参加挑战{1}次公会讨伐战
MISSION_JOIN_SUPPRESS_DESC_13,参加挑战{1}次公会讨伐战
MISSION_JOIN_SUPPRESS_DESC_14,参加挑战{1}次公会讨伐战
MISSION_JOIN_SUPPRESS_DESC_15,参加挑战{1}次公会讨伐战
MISSION_JOIN_SUPPRESS_DESC_16,参加挑战{1}次公会讨伐战
MISSION_JOIN_SUPPRESS_DESC_17,参加挑战{1}次公会讨伐战
MISSION_JOIN_SUPPRESS_DESC_18,参加挑战{1}次公会讨伐战
MISSION_JOIN_SUPPRESS_DESC_19,参加挑战{1}次公会讨伐战
MISSION_JOIN_SUPPRESS_DESC_20,参加挑战{1}次公会讨伐战
MISSION_JOIN_SUPPRESS_DESC_21,参加挑战{1}次公会讨伐战
MISSION_JOIN_SUPPRESS_DESC_22,参加挑战{1}次公会讨伐战
MISSION_JOIN_SUPPRESS_DESC_23,参加挑战{1}次公会讨伐战
MISSION_JOIN_SUPPRESS_DESC_24,参加挑战{1}次公会讨伐战
MISSION_JOIN_SUPPRESS_DESC_25,参加挑战{1}次公会讨伐战
MISSION_JOIN_SUPPRESS_DESC_26,参加挑战{1}次公会讨伐战
MISSION_JOIN_SUPPRESS_DESC_27,参加挑战{1}次公会讨伐战
MISSION_JOIN_SUPPRESS_DESC_28,参加挑战{1}次公会讨伐战
MISSION_JOIN_SUPPRESS_DESC_29,参加挑战{1}次公会讨伐战
MISSION_JOIN_SUPPRESS_DESC_30,参加挑战{1}次公会讨伐战
MISSION_JOIN_SUPPRESS_DESC_31,参加挑战{1}次公会讨伐战
MISSION_JOIN_SUPPRESS_DESC_32,参加挑战{1}次公会讨伐战
MISSION_JOIN_SUPPRESS_DESC_33,参加挑战{1}次公会讨伐战
MISSION_JOIN_SUPPRESS_DESC_34,参加挑战{1}次公会讨伐战
MISSION_JOIN_SUPPRESS_DESC_35,参加挑战{1}次公会讨伐战
MISSION_WIN_SUPPRESS_NAME_1,我们是最强的公会！{1}
MISSION_WIN_SUPPRESS_NAME_2,我们是最强的公会！{1}
MISSION_WIN_SUPPRESS_NAME_3,我们是最强的公会！{1}
MISSION_WIN_SUPPRESS_NAME_4,我们是最强的公会！{1}
MISSION_WIN_SUPPRESS_NAME_5,我们是最强的公会！{1}
MISSION_WIN_SUPPRESS_NAME_6,我们是最强的公会！{1}
MISSION_WIN_SUPPRESS_NAME_7,我们是最强的公会！{1}
MISSION_WIN_SUPPRESS_NAME_8,我们是最强的公会！{1}
MISSION_WIN_SUPPRESS_NAME_9,我们是最强的公会！{1}
MISSION_WIN_SUPPRESS_NAME_10,我们是最强的公会！{1}
MISSION_WIN_SUPPRESS_NAME_11,我们是最强的公会！{1}
MISSION_WIN_SUPPRESS_NAME_12,我们是最强的公会！{1}
MISSION_WIN_SUPPRESS_NAME_13,我们是最强的公会！{1}
MISSION_WIN_SUPPRESS_NAME_14,我们是最强的公会！{1}
MISSION_WIN_SUPPRESS_NAME_15,我们是最强的公会！{1}
MISSION_WIN_SUPPRESS_NAME_16,我们是最强的公会！{1}
MISSION_WIN_SUPPRESS_NAME_17,我们是最强的公会！{1}
MISSION_WIN_SUPPRESS_NAME_18,我们是最强的公会！{1}
MISSION_WIN_SUPPRESS_NAME_19,我们是最强的公会！{1}
MISSION_WIN_SUPPRESS_NAME_20,我们是最强的公会！{1}
MISSION_WIN_SUPPRESS_NAME_21,我们是最强的公会！{1}
MISSION_WIN_SUPPRESS_NAME_22,我们是最强的公会！{1}
MISSION_WIN_SUPPRESS_NAME_23,我们是最强的公会！{1}
MISSION_WIN_SUPPRESS_NAME_24,我们是最强的公会！{1}
MISSION_WIN_SUPPRESS_NAME_25,我们是最强的公会！{1}
MISSION_WIN_SUPPRESS_NAME_26,我们是最强的公会！{1}
MISSION_WIN_SUPPRESS_NAME_27,我们是最强的公会！{1}
MISSION_WIN_SUPPRESS_NAME_28,我们是最强的公会！{1}
MISSION_WIN_SUPPRESS_NAME_29,我们是最强的公会！{1}
MISSION_WIN_SUPPRESS_NAME_30,我们是最强的公会！{1}
MISSION_WIN_SUPPRESS_NAME_31,我们是最强的公会！{1}
MISSION_WIN_SUPPRESS_NAME_32,我们是最强的公会！{1}
MISSION_WIN_SUPPRESS_NAME_33,我们是最强的公会！{1}
MISSION_WIN_SUPPRESS_NAME_34,我们是最强的公会！{1}
MISSION_WIN_SUPPRESS_NAME_35,我们是最强的公会！{1}
MISSION_WIN_SUPPRESS_DESC_1,在公会讨伐战中达成各回合的排行第1名{1}次
MISSION_WIN_SUPPRESS_DESC_2,在公会讨伐战中达成各回合的排行第1名{1}次
MISSION_WIN_SUPPRESS_DESC_3,在公会讨伐战中达成各回合的排行第1名{1}次
MISSION_WIN_SUPPRESS_DESC_4,在公会讨伐战中达成各回合的排行第1名{1}次
MISSION_WIN_SUPPRESS_DESC_5,在公会讨伐战中达成各回合的排行第1名{1}次
MISSION_WIN_SUPPRESS_DESC_6,在公会讨伐战中达成各回合的排行第1名{1}次
MISSION_WIN_SUPPRESS_DESC_7,在公会讨伐战中达成各回合的排行第1名{1}次
MISSION_WIN_SUPPRESS_DESC_8,在公会讨伐战中达成各回合的排行第1名{1}次
MISSION_WIN_SUPPRESS_DESC_9,在公会讨伐战中达成各回合的排行第1名{1}次
MISSION_WIN_SUPPRESS_DESC_10,在公会讨伐战中达成各回合的排行第1名{1}次
MISSION_WIN_SUPPRESS_DESC_11,在公会讨伐战中达成各回合的排行第1名{1}次
MISSION_WIN_SUPPRESS_DESC_12,在公会讨伐战中达成各回合的排行第1名{1}次
MISSION_WIN_SUPPRESS_DESC_13,在公会讨伐战中达成各回合的排行第1名{1}次
MISSION_WIN_SUPPRESS_DESC_14,在公会讨伐战中达成各回合的排行第1名{1}次
MISSION_WIN_SUPPRESS_DESC_15,在公会讨伐战中达成各回合的排行第1名{1}次
MISSION_WIN_SUPPRESS_DESC_16,在公会讨伐战中达成各回合的排行第1名{1}次
MISSION_WIN_SUPPRESS_DESC_17,在公会讨伐战中达成各回合的排行第1名{1}次
MISSION_WIN_SUPPRESS_DESC_18,在公会讨伐战中达成各回合的排行第1名{1}次
MISSION_WIN_SUPPRESS_DESC_19,在公会讨伐战中达成各回合的排行第1名{1}次
MISSION_WIN_SUPPRESS_DESC_20,在公会讨伐战中达成各回合的排行第1名{1}次
MISSION_WIN_SUPPRESS_DESC_21,在公会讨伐战中达成各回合的排行第1名{1}次
MISSION_WIN_SUPPRESS_DESC_22,在公会讨伐战中达成各回合的排行第1名{1}次
MISSION_WIN_SUPPRESS_DESC_23,在公会讨伐战中达成各回合的排行第1名{1}次
MISSION_WIN_SUPPRESS_DESC_24,在公会讨伐战中达成各回合的排行第1名{1}次
MISSION_WIN_SUPPRESS_DESC_25,在公会讨伐战中达成各回合的排行第1名{1}次
MISSION_WIN_SUPPRESS_DESC_26,在公会讨伐战中达成各回合的排行第1名{1}次
MISSION_WIN_SUPPRESS_DESC_27,在公会讨伐战中达成各回合的排行第1名{1}次
MISSION_WIN_SUPPRESS_DESC_28,在公会讨伐战中达成各回合的排行第1名{1}次
MISSION_WIN_SUPPRESS_DESC_29,在公会讨伐战中达成各回合的排行第1名{1}次
MISSION_WIN_SUPPRESS_DESC_30,在公会讨伐战中达成各回合的排行第1名{1}次
MISSION_WIN_SUPPRESS_DESC_31,在公会讨伐战中达成各回合的排行第1名{1}次
MISSION_WIN_SUPPRESS_DESC_32,在公会讨伐战中达成各回合的排行第1名{1}次
MISSION_WIN_SUPPRESS_DESC_33,在公会讨伐战中达成各回合的排行第1名{1}次
MISSION_WIN_SUPPRESS_DESC_34,在公会讨伐战中达成各回合的排行第1名{1}次
MISSION_WIN_SUPPRESS_DESC_35,在公会讨伐战中达成各回合的排行第1名{1}次
MISSION_MATCH_TIERINDEX11_NAME,胜者之巅：达成青铜阶级
MISSION_MATCH_TIERINDEX11_DESC,胜者之巅：达成青铜阶级
MISSION_MATCH_TIERINDEX21_NAME,胜者之巅：达成白银阶级
MISSION_MATCH_TIERINDEX21_DESC,胜者之巅：达成白银阶级
MISSION_MATCH_TIERINDEX31_NAME,胜者之巅：达成黄金阶级
MISSION_MATCH_TIERINDEX31_DESC,胜者之巅：达成黄金阶级
MISSION_MATCH_TIERINDEX41_NAME,胜者之巅：达成白金阶级
MISSION_MATCH_TIERINDEX41_DESC,胜者之巅：达成白金阶级
MISSION_MATCH_TIERINDEX51_NAME,胜者之巅：达成钻石阶级
MISSION_MATCH_TIERINDEX51_DESC,胜者之巅：达成钻石阶级
MISSION_MATCH_TIERINDEX60_NAME,胜者之巅：达成大师阶级
MISSION_MATCH_TIERINDEX60_DESC,胜者之巅：达成大师阶级
MISSION_MATCH_TIERINDEX70_NAME,胜者之巅：达成挑战阶级
MISSION_MATCH_TIERINDEX70_DESC,胜者之巅：达成挑战阶级
MISSION_ARENA_MATCH_FIRSTRANK_NAME,平定胜者之巅竞技场！
MISSION_ARENA_MATCH_FIRSTRANK_DESC,成为胜者之巅赛季冠军
MISSION_MATCH2_TIERINDEX11_NAME,荣耀之巅：达成服务器青铜阶级
MISSION_MATCH2_TIERINDEX11_DESC,荣耀之巅：达成服务器青铜阶级
MISSION_MATCH2_TIERINDEX21_NAME,荣耀之巅：达成服务器白银阶级
MISSION_MATCH2_TIERINDEX21_DESC,荣耀之巅：达成服务器白银阶级
MISSION_MATCH2_TIERINDEX31_NAME,荣耀之巅：达成服务器黄金阶级
MISSION_MATCH2_TIERINDEX31_DESC,荣耀之巅：达成服务器黄金阶级
MISSION_MATCH2_TIERINDEX41_NAME,荣耀之巅：达成服务器白金阶级
MISSION_MATCH2_TIERINDEX41_DESC,荣耀之巅：达成服务器白金阶级
MISSION_MATCH2_TIERINDEX51_NAME,荣耀之巅：达成服务器钻石阶级
MISSION_MATCH2_TIERINDEX51_DESC,荣耀之巅：达成服务器钻石阶级
MISSION_MATCH2_TIERINDEX60_NAME,荣耀之巅：达成服务器大师阶级
MISSION_MATCH2_TIERINDEX60_DESC,荣耀之巅：达成服务器大师阶级
MISSION_MATCH2_TIERINDEX70_NAME,荣耀之巅：达成服务器挑战阶级
MISSION_MATCH2_TIERINDEX70_DESC,荣耀之巅：达成服务器挑战阶级
MISSION_ARENA_MATCH2_FIRSTRANK_NAME,在荣耀之巅中征服服务器！
MISSION_ARENA_MATCH2_FIRSTRANK_DESC,荣耀之巅：达成服务器排行第1名
MISSION_MATCH_GLOBAL_TIERINDEX11_NAME,荣耀之巅：达成世界青铜阶级
MISSION_MATCH_GLOBAL_TIERINDEX11_DESC,荣耀之巅：达成世界青铜阶级
MISSION_MATCH_GLOBAL_TIERINDEX21_NAME,荣耀之巅：达成世界白银阶级
MISSION_MATCH_GLOBAL_TIERINDEX21_DESC,荣耀之巅：达成世界白银阶级
MISSION_MATCH_GLOBAL_TIERINDEX31_NAME,荣耀之巅：达成世界黄金阶级
MISSION_MATCH_GLOBAL_TIERINDEX31_DESC,荣耀之巅：达成世界黄金阶级
MISSION_MATCH_GLOBAL_TIERINDEX41_NAME,荣耀之巅：达成世界白金阶级
MISSION_MATCH_GLOBAL_TIERINDEX41_DESC,荣耀之巅：达成世界白金阶级
MISSION_MATCH_GLOBAL_TIERINDEX51_NAME,荣耀之巅：达成世界钻石阶级
MISSION_MATCH_GLOBAL_TIERINDEX51_DESC,荣耀之巅：达成世界钻石阶级
MISSION_MATCH_GLOBAL_TIERINDEX60_NAME,荣耀之巅：达成世界大师阶级
MISSION_MATCH_GLOBAL_TIERINDEX60_DESC,荣耀之巅：达成世界大师阶级
MISSION_MATCH_GLOBAL_TIERINDEX71_NAME,荣耀之巅：达成世界皇家大师阶级
MISSION_MATCH_GLOBAL_TIERINDEX71_DESC,荣耀之巅：达成世界皇家大师阶级
MISSION_MATCH_GLOBAL_TIERINDEX70_NAME,荣耀之巅：达成世界挑战阶级
MISSION_MATCH_GLOBAL_TIERINDEX70_DESC,荣耀之巅：达成世界挑战阶级
MISSION_ARENA_MATCH_GLOBAL_FIRSTRANK_NAME,在荣耀之巅征服世界！
MISSION_ARENA_MATCH_GLOBAL_FIRSTRANK_DESC,荣耀之巅：达成世界排行第1名
MISSION_CLEARTREASUREHOUSE,我爱宝物{1}
MISSION_CLEARTREASUREHOUSE_DESC,宝物仓库过关{1}次
MISSION_CHALLENGE_KALLAX_NAME_1,挑战战役卡洛克兹简单
MISSION_CHALLENGE_KALLAX_NAME_2,挑战战役卡洛克兹普通
MISSION_CHALLENGE_KALLAX_NAME_3,挑战战役卡洛克兹困难
MISSION_CHALLENGE_KALLAX_NAME_4,挑战战役卡洛克兹地狱
MISSION_CHALLENGE_KALLAX_DESC_1,挑战战役卡洛克兹简单难度完成1次
MISSION_CHALLENGE_KALLAX_DESC_2,挑战战役卡洛克兹普通难度完成1次
MISSION_CHALLENGE_KALLAX_DESC_3,挑战战役卡洛克兹困难难度完成1次
MISSION_CHALLENGE_KALLAX_DESC_4,挑战战役卡洛克兹地狱难度完成1次
DAILYMISSION_BANPICK_NAME,为了荣耀！
WEEKLYMISSION_BANPICK_NAME,为了更大的荣耀！
MISSION_BANPICK_DESC,参加荣耀之巅{1}次
DAILYMISSION_ROYALMAZE_NAME,调查王城地下迷宫
WEEKLYMISSION_ROYALMAZE_NAME,清理王城地下迷宫
MISSION_ROYALMAZE_DESC,通过地下迷宫{1}次
DAILYMISSION_SUPPRESS_NAME,讨伐怪物
WEEKLYMISSION_SUPPRESS_NAME,这是讨伐！
MISSION_SUPPRESS_DESC,完成讨伐战斗{1}次
DAILYMISSION_TOWER21_NAME,新的挑战
WEEKLYMISSION_TOWER21_NAME,无止尽的挑战
MISSION_TOWER21_DESC,通过挑战之塔{1}次
DAILYMISSION_CHALLENGERAID_NAME,极限的挑战
WEEKLYMISSION_CHALLENGERAID_NAME,凝视挑战的尽头
MISSION_CHALLENGERAID_DESC,进行挑战战役{1}次
DAILYMISSION_WORLDBOSS_NAME,巨大的挑战
WEEKLYMISSION_WORLDBOSS_NAME,拯救世界者
MISSION_WORLDBOSS_DESC,进行世界BOSS战斗{1}次
DAILYMISSION_DRAGONRAID_NAME,本日的屠龙者
WEEKLYMISSION_DRAGONRAID_NAME,屠龙者
MISSION_DRAGONRAID_DESC,完成龙之战役{1}次
DAILYMISSION_INNMINIGAME_NAME,本日运势！
WEEKLYMISSION_INNMINIGAME_NAME,要转转看轮盘吗？
MISSION_INNMINIGAME_DESC,进行旅馆小游戏{1}次
WEEKLYMISSION_TOWER11_NAME,试炼的挑战
MISSION_TOWER11_DESC,完成试炼之塔{1}次
OPEN_CHAPTER_TEXT,解锁第{1}章节
OPEN_HIDEOUT_TEXT,解锁第{1}章节高级副本
MAIN_MISSION_CONDITION_FAIL,通关主要任务「{1}」后即可进入
QUEST_GROUP_TITLE_1,战斗
QUEST_GROUP_TITLE_2,英雄
QUEST_GROUP_TITLE_3,道具
QUEST_GROUP_TITLE_4,支线故事
QUEST_GROUP_TITLE_5,其他
LIMITED_MISSION_61,通关挑战战役
LIMITED_MISSION_62,通关试炼之塔{1}
LIMITED_MISSION_63,通关挑战之塔{1}
LIMITED_MISSION_64,通关地下迷宮{1}
LIMITED_MISSION_65,使用锻造所商店
LIMITED_MISSION_66,使用荣耀之巅商店
LIMITED_MISSION_61_DESC,通关单人／组队挑战战役
LIMITED_MISSION_62_DESC,通关试炼之塔第{1}层
LIMITED_MISSION_63_DESC,通关挑战之塔第{1}层
LIMITED_MISSION_64_DESC_1,领取通关地下迷宮3回奖励
LIMITED_MISSION_64_DESC_2,领取通关地下迷宮7回奖励
LIMITED_MISSION_64_DESC_3,领取通关地下迷宮10回奖励
LIMITED_MISSION_64_DESC_4,领取通关地下迷宮14回奖励
LIMITED_MISSION_64_DESC_5,领取通关地下迷宮17回奖励
LIMITED_MISSION_64_DESC_6,领取通关地下迷宮21回奖励
LIMITED_MISSION_64_DESC_7,领取通关地下迷宮24回奖励
LIMITED_MISSION_64_DESC_8,领取通关地下迷宮28回奖励
LIMITED_MISSION_64_DESC_9,领取通关地下迷宮35回奖励
LIMITED_MISSION_65_DESC,在锻造所商店购买「龙的好感度宝箱」
LIMITED_MISSION_66_DESC,在荣耀之巅商店购买「专属宝物碎片」
SUB_MISSION_10001,觉醒装备{1}
SUB_MISSION_10002,道具分解{1}
SUB_MISSION_10003,在梅伊的综合商店购买道具{1}
SUB_MISSION_10004,在一般战斗中胜利{1}
SUB_MISSION_10005,通关魔王军战役{1}
SUB_MISSION_10006,制作无限晶元{1}
SUB_MISSION_10007,制作无限之石{1}
SUB_MISSION_10008,制作任意道具{1}
SUB_MISSION_10009,通关高级副本{1}
SUB_MISSION_10010,试图道具附魔{1}
SUB_MISSION_10011,进入竞技场{1}
SUB_MISSION_10012,进入古代王室的金库{1}
SUB_MISSION_10013,进入地下监牢{1}
SUB_MISSION_10014,进入火焰之龙战役{1}
SUB_MISSION_10015,进入冰霜之龙战役{1}
SUB_MISSION_10016,进入剧毒之龙战役{1}
SUB_MISSION_10017,进入黑暗之龙战役{1}
SUB_MISSION_10018,进入任意的龙之战役{1}
SUB_MISSION_10019,强化装备{1}
SUB_MISSION_10020,穿戴空的经验烧瓶{1}
SUB_MISSION_10021,道具召唤{1}
SUB_MISSION_10022,申请好友{1}
SUB_MISSION_10023,进行英雄升级{1}
SUB_MISSION_10024,进行英雄觉醒{1}
SUB_MISSION_10025,进行英雄突破{1}
SUB_MISSION_10026,穿戴装备{1}
SUB_MISSION_10027,重置梅伊的综合商店目录{1}
SUB_MISSION_10028,交换友情点数{1}
SUB_MISSION_10029,学习技能特性{1}
SUB_MISSION_10030,属性强化{1}
SUB_MISSION_10031,使用经验值加成卷轴{1}
SUB_MISSION_10032,使用金币加成卷轴{1}
SUB_MISSION_10033,使用道具回复体力{1}
SUB_MISSION_10034,乐皮支线故事{1}
SUB_MISSION_10035,迪麦支线故事{1}
SUB_MISSION_10036,希欧支线故事{1}
SUB_MISSION_10037,薇丝卡支线故事{1}
SUB_MISSION_10038,普莉西拉支线故事{1}
SUB_MISSION_10039,克洛支线故事{1}
SUB_MISSION_10040,通关第1章节{1}
SUB_MISSION_10041,通关第2章节{1}
SUB_MISSION_10042,通关第3章节{1}
SUB_MISSION_10043,通关第4章节{1}
SUB_MISSION_10044,通关第5章节{1}
SUB_MISSION_10045,通关第6章节{1}
SUB_MISSION_10046,通关第7章节{1}
SUB_MISSION_10047,通关第8章节{1}
SUB_MISSION_10048,通关第9章节{1}
SUB_MISSION_10049,击杀第{1}章Boss
SUB_MISSION_DESC_100001,通关第一个支线故事
SUB_MISSION_DESC_100002,通关第二个支线故事
SUB_MISSION_DESC_100003,通关第三个支线故事
SUB_MISSION_DESC_100004,通关第四个支线故事
SUB_MISSION_DESC_100005,通关第五个支线故事
SUB_MISSION_DESC_100006,通关第六个支线故事
SUB_MISSION_DESC_100007,通关第七个支线故事
SUB_MISSION_DESC_100008,通关第八个支线故事
SUB_MISSION_DESC_100009,通关第九个支线故事
SUB_MISSION_DESC_100010,通关第十个支线故事
SUB_MISSION_DESC_100011,通关第十一个支线故事
SUB_MISSION_DESC_100012,通关第十二个支线故事
SUB_MISSION_DESC_100013,通关第十三个支线故事
SUB_MISSION_DESC_100014,通关第十四个支线故事
SUB_MISSION_DESC_100015,通关第十五个支线故事
SUB_MISSION_DESC_100016,通关{1}-{2}
SUB_MISSION_DESC_100017,通关魔王军战役1次
SUB_MISSION_100270,新王神殿故事{1}
SUB_MISSION_DESC_100270_1,通关故事－{1}之后获得该隐
SUB_MISSION_DESC_100270_2,通关故事－{1}之后获得该隐的专属武器
SUB_MISSION_DESC_100270_3,通关故事－{1}-{2}之后获得该隐的灵魂石
MAIN_MISSION_1030,来自贤者之塔的魔法师与她的护卫
MAIN_MISSION_1040,史莱姆真可爱
MAIN_MISSION_2550,借露亚之力
MAIN_MISSION_1070,火球术与隐匿披风
MAIN_MISSION_1080,对她而言凯瑟还只是个孩子
MAIN_MISSION_1090,有人觊觎凯瑟的性命
MAIN_MISSION_1100,刺客觊觎的东西
MAIN_MISSION_1110,应当得到恶报
MAIN_MISSION_1120,野心勃勃的哥布林
MAIN_MISSION_1130,兴奋的白哥布林
MAIN_MISSION_1140,获得魔王力量的哥布林
MAIN_MISSION_1200,必须起身的理由及剑的回答
MAIN_MISSION_1210,圣剑埃亚
MAIN_MISSION_1230,同伴
MAIN_MISSION_1250,宝德喀
MAIN_MISSION_1305,艾莉朵拉森林之旅
MAIN_MISSION_1320,物理攻击对幽灵无效
MAIN_MISSION_1340,感到不安的芙莱儿
MAIN_MISSION_1350,对于树人来说没有道歉二字
MAIN_MISSION_1370,为净化而战斗
MAIN_MISSION_1390,公主与勇者
MAIN_MISSION_1400,觊觎圣剑的鹰身人族
MAIN_MISSION_1420,连鹰身人族也被黑暗污染
MAIN_MISSION_1440,為了安全做出的決定
MAIN_MISSION_1450,因愤怒及愧疚感而生的黑暗
MAIN_MISSION_1480,圣剑继承人
MAIN_MISSION_1495,欧格利亚高山地的危机
MAIN_MISSION_1500,对人类的仇恨
MAIN_MISSION_1510,她的魔像
MAIN_MISSION_1520,站在我这边
MAIN_MISSION_1530,欧格利亚的哥布林
MAIN_MISSION_1540,受到打击的克丽欧
MAIN_MISSION_1550,露亚的礼物
MAIN_MISSION_1570,人类不会把兽人当作奴隶
MAIN_MISSION_1580,艾尔托拉的符咒
MAIN_MISSION_1590,卡尔洛的徒弟－岱恩
MAIN_MISSION_1600,为了师父而做出的选择
MAIN_MISSION_1620,难以说服
MAIN_MISSION_1630,哥布林解放前线
MAIN_MISSION_1650,回荡在欧格利亚的邪恶笑声
MAIN_MISSION_1675,克卢雅平原的死亡
MAIN_MISSION_1690,黑暗世界
MAIN_MISSION_1710,克卢雅的魔像
MAIN_MISSION_1720,暗黑病
MAIN_MISSION_1740,你已经不是当年的小孩了
MAIN_MISSION_1760,过去曾被视为传说的
MAIN_MISSION_1770,黑暗中的声音，我就是你
MAIN_MISSION_1790,对罗伊来说克丽欧的安全是最重要的
MAIN_MISSION_1800,恶魔与刺客
MAIN_MISSION_1810,是谁玷污了我的女儿
MAIN_MISSION_1830,敌人的存在
MAIN_MISSION_1845,阿罗维纳海岸的战乱
MAIN_MISSION_1860,乌龟与暗灵狮子
MAIN_MISSION_1880,破坏气氛的无可救药的人
MAIN_MISSION_1890,阿罗维纳的逃亡者
MAIN_MISSION_1910,被置之不理的暗黑病
MAIN_MISSION_1920,饱受痴呆症折磨的可怜老人
MAIN_MISSION_1930,黑暗精灵竟然败在豺狼手上
MAIN_MISSION_1950,女王的护卫
MAIN_MISSION_1970,迪麦的憎恶
MAIN_MISSION_1990,需要沟通
MAIN_MISSION_2010,刺激黑暗面的多余的话
MAIN_MISSION_2020,未知的名字
MAIN_MISSION_2030,用那种谎话利用豺狼
MAIN_MISSION_2050,生存
MAIN_MISSION_2060,各位大人是我们的英雄
MAIN_MISSION_2070,开心的莫拉
MAIN_MISSION_2090,名为罪恶感的媒介
MAIN_MISSION_2105,埃伊纳沙漠的沙尘暴
MAIN_MISSION_2120,蟹脚真好吃
MAIN_MISSION_2140,光之佣兵
MAIN_MISSION_2160,只要我们安全
MAIN_MISSION_2170,寻宝少年
MAIN_MISSION_2180,米露露大海盗团
MAIN_MISSION_2190,对米露露的警戒
MAIN_MISSION_2200,听姐姐的话就对了
MAIN_MISSION_2220,不像蜥蜴人的作为
MAIN_MISSION_2230,交出我的小可爱
MAIN_MISSION_2250,做沙浴做到一半被妨碍的矮人族
MAIN_MISSION_2260,矮人之王
MAIN_MISSION_2280,被蒙蔽的人们短暂清醒的瞬间
MAIN_MISSION_2290,被黑暗笼罩的人也有机会
MAIN_MISSION_2300,我想就这样闭上双眼
MAIN_MISSION_2315,风地雪山的酷寒
MAIN_MISSION_2330,凯瑟的让步
MAIN_MISSION_2340,在他们看来，这可是逃亡
MAIN_MISSION_2360,克丽欧有苦难言
MAIN_MISSION_2370,长不大的孩子
MAIN_MISSION_2380,冰霜巨人的袭击
MAIN_MISSION_2390,罗迪娜所在地
MAIN_MISSION_2400,抵挡不住的黑暗力量
MAIN_MISSION_2430,为了阻挡更大的悲剧而做出的选择
MAIN_MISSION_2440,救了帕菲的罗迪娜
MAIN_MISSION_2460,能轻易抵挡就不算威胁
MAIN_MISSION_2470,知道冰龙的孩子
MAIN_MISSION_2480,人类的错误与责任
MAIN_MISSION_2500,露亚为何把圣剑
MAIN_MISSION_2555,德拉吉亚火山的激战
MAIN_MISSION_2570,熔岩之河
MAIN_MISSION_2580,恶龙部队
MAIN_MISSION_2600,魔族战争与勇者们
MAIN_MISSION_2610,击掌
MAIN_MISSION_2630,精神支配
MAIN_MISSION_2650,人类果然很有趣
MAIN_MISSION_2660,决战，狂龙泰莫雷勒
MAIN_MISSION_2670,另一个作战
MAIN_MISSION_2680,诱因
MAIN_MISSION_2700,愤怒
MAIN_MISSION_2710,莫拉的试验
MAIN_MISSION_2720,陷阱
MAIN_MISSION_2730,不吉祥的追击
MAIN_MISSION_2740,意外的帮忙
MAIN_MISSION_2760,新的同伴？
MAIN_MISSION_2770,关系好的杂种与大胃王
MAIN_MISSION_2780,火山的入口
MAIN_MISSION_2790,火山的最终决战
MAIN_MISSION_2795,卡尔库斯沼泽地带的探险
MAIN_MISSION_2830,露亚的走狗们
MAIN_MISSION_2840,苏醒的意志
MAIN_MISSION_2850,面对真相的勇气
MAIN_MISSION_2860,就算丢了性命
MAIN_MISSION_2870,凯尔的记忆
MAIN_MISSION_2880,意外的帮助
MAIN_MISSION_2890,逐渐扩大的希望
MAIN_MISSION_2900,最棒的援军
MAIN_MISSION_2920,奥勒贝利亚的英雄们
MAIN_MISSION_2940,被揭开的真相
MAIN_MISSION_2950,圣剑欺诈说
MAIN_MISSION_2960,狂暴的魔气
MAIN_MISSION_2970,和史嘉蕾的练习
MAIN_MISSION_2980,侵入遗迹
MAIN_MISSION_2990,猎犬们
MAIN_MISSION_3000,狗听命于主人
MAIN_MISSION_3010,过去的回声
MAIN_MISSION_3020,传送塔
MAIN_MISSION_3030,魔导王国的遗产
MAIN_MISSION_3040,约定
MAIN_MISSION_3050,寻找美男子
MAIN_MISSION_3060,最后一道墙
MAIN_MISSION_3065,魔导遗迹的传送塔
MAIN_MISSION_3070,在魔导遗迹的传送塔里
MAIN_MISSION_3080,最后的战斗
MAIN_MISSION_3090,从地下蔓延出的危险
MAIN_MISSION_3100,魔王的真面目
MAIN_MISSION_3110,最后的防线
MAIN_MISSION_3120,迈向世界树
MAIN_MISSION_3130,克劳斯的眼泪
MAIN_MISSION_3140,玛莉亚的计划
MAIN_MISSION_DESC_001,通关{1}-{2}
MAIN_MISSION_DESC_002,进入第2章节
MAIN_MISSION_DESC_003,进入第3章节
MAIN_MISSION_DESC_004,进入第4章节
MAIN_MISSION_DESC_005,进入第5章节
MAIN_MISSION_DESC_006,进入第6章节
MAIN_MISSION_DESC_007,进入第7章节
MAIN_MISSION_DESC_008,进入第8章节
MAIN_MISSION_DESC_009,进入第9章节
MAIN_MISSION_DESC_011,通关首都奥勒贝尔-1
MAIN_MISSION_DESC_012,通关首都奥勒贝尔-2
MAIN_MISSION_DESC_013,通关首都奥勒贝尔-3
MAIN_MISSION_DESC_014,通关首都奥勒贝尔-4
MAIN_MISSION_DESC_015,进入奥斐斯大陆
MAIN_MISSION_DESC_016,通关世界树-1
MAIN_MISSION_DESC_017,通关世界树-2
MAIN_MISSION_DESC_101,访问世界树
MAIN_MISSION_DESC_102,通关寒冰水晶洞窟
MAIN_MISSION_DESC_103,9-23在下一节点移动章节
MAIN_MISSION_DESC_104,进入寒冰水晶洞窟
MAIN_MISSION_DESC_105,通关寒冰水晶洞窟-1
MAIN_MISSION_DESC_106,通关寒冰水晶洞窟-2
WEEKLYMISSION_GODKINGTRIAL,克服试炼吧
WEEKLYMISSION_GODKINGTRIAL_DESC,挑战新王的试炼1次
WEEKLYMISSION_ECLIPSE,无尽的战斗
WEEKLYMISSION_ECLIPSE_DESC,进入赤月1次
LIMITED_GODKINGTRIAL,该隐的试炼{1}
LIMITED_GODKINGTRIAL_DESC_0,开放新王的试炼副本{1}次
LIMITED_GODKINGTRIAL_DESC_1,进入降临副本1次
LIMITED_GODKINGTRIAL_DESC_2,进入降临副本3次
LIMITED_GODKINGTRIAL_DESC_3,进入降临副本5次
LIMITED_ECLIPSE,赤月的灾害{1}
LIMITED_ECLIPSE_DESC_0,进入赤月{1}次
LIMITED_ECLIPSE_DESC_1,进入赤月1次
LIMITED_ECLIPSE_DESC_2,进入赤月3次
LIMITED_ECLIPSE_DESC_3,进入赤月5次
LIMITED_SOULRESTORE,灵魂的觉醒{1}
LIMITED_SOULRESTORE_DESC_0,尝试灵魂鉴定{1}次
LIMITED_SOULRESTORE_DESC_1,尝试灵魂鉴定1次
LIMITED_SOULRESTORE_DESC_2,尝试灵魂鉴定3次
LIMITED_SOULRESTORE_DESC_3,尝试灵魂鉴定5次
LIMITED_GODKINGTRIAL_1,大地的试炼{1}
LIMITED_GODKINGTRIAL_1_DESC_0,通关意迈特{1}次
LIMITED_GODKINGTRIAL_1_DESC_1,通关意迈特1次
LIMITED_GODKINGTRIAL_1_DESC_2,通关意迈特2次
LIMITED_GODKINGTRIAL_2,天空的试炼{1}
LIMITED_GODKINGTRIAL_2_DESC_0,通关慕沙马{1}次 
LIMITED_GODKINGTRIAL_2_DESC_1,通关慕沙马1次 
LIMITED_GODKINGTRIAL_2_DESC_2,通关慕沙马2次 
LIMITED_GODKINGTRIAL_3,流动的试炼{1}
LIMITED_GODKINGTRIAL_3_DESC_0,通关塞克玛哈{1}次 
LIMITED_GODKINGTRIAL_3_DESC_1,通关塞克玛哈1次 
LIMITED_GODKINGTRIAL_3_DESC_2,通关塞克玛哈2次 
LIMITED_SPECIAL_EVENT_1,特殊挑战任务1：世界BOSS
LIMITED_SPECIAL_EVENT_2,特殊挑战任务2：挑战之塔
LIMITED_SPECIAL_EVENT_3,特殊挑战任务3：章节
LIMITED_WORLDBOSS_DESC_1,在一次战斗中对世界BOSS造成{1}伤害\n
LIMITED_CHALLENGE_TOWER_DESC_1,完成挑战之塔70层
LIMITED_CHAPTER_8_26_DESC_1,通关8-26
