KEY,"Thai"
TUTORIAL_TEXT_1,"แสดงระดับ HP และ MP ของฮีโร่\n\nเมื่อมี MP เพียงพอจะสามารถใช้สกิลได้"
TUTORIAL_TEXT_2,"สะสม MP ได้เพียงพอแล้ว\n\nลองใช้สกิลดูสิ"
TUTORIAL_TEXT_3,"ฮีโร่นี้สามารถเข้าการร่วมต่อสู้ได้"
TUTORIAL_TEXT_4,"แตะที่ปุ่มเตรียมพร้อมต่อสู้"
TUTORIAL_TEXT_4_1,"แตะที่ปุ่มเตรียมพร้อมต่อสู้"
TUTORIAL_TEXT_5,"เมื่อเลือกปุ่มเริ่มต่อสู้ การต่อสู้จะเริ่มขึ้น "
TUTORIAL_TEXT_6,"สวมหรืออัพเกรดอุปกรณ์ดีๆ ดูสิ\n\nจะทำให้ความสามารถของฮีโร่เพิ่มขึ้นได้!"
TUTORIAL_TEXT_7,"เก็บรวบรวมหนังสือสกิลเพื่ออัพเกรดสกิล!\nวิธีนี้จะช่วยให้การต่อสู้เป็นไปอย่างราบรื่นยิ่งขึ้น!"
TUTORIAL_TEXT_8,"ยินดีต้อนรับเข้าสู่ Orvel Castle!"
TUTORIAL_TEXT_9,"สามารถซื้อไอเทมหลากหลายแบบได้ในร้านค้า"
TUTORIAL_TEXT_10,"เมื่อคุณกำจัดมอนสเตอร์ในคุกใต้ดิน\n\nคุณอาจจะได้รับหนังสือสกิลของแต่ละอาชีพ"
TUTORIAL_TEXT_11,"สู้กับผู้เล่นคนอื่นได้ที่ อารีนา เพื่อสะสมชื่อเสียงของผู้ชนะ"
TUTORIAL_TEXT_12,"ยินดีต้อนรับสู่ร้านขายของทั่วไปของ May"
TUTORIAL_TEXT_13,"เลือกปุ่ม ใช้ร้านค้า ที่กลางหน้าจอ"
TUTORIAL_TEXT_14,"เข้าสู่ร้านค้าแล้ว"
TUTORIAL_TEXT_15,"ไอเทมใหม่จะถูกส่งเข้ามาทุก 1 ชั่วโมง\n\nหากใช้ Ruby จะสามารถตรวจสอบรายการไอเทมใหม่ได้ทันที"
TUTORIAL_TEXT_16,"กลับมาเช็คไอเทมใหม่ๆบ่อยๆนะ"
TUTORIAL_TEXT_17,"ขอต้อนรับสู่คุกใต้ดิน"
TUTORIAL_TEXT_18,"เลือกปุ่ม เข้าดันเจียน ที่กลางหน้าจอ"
TUTORIAL_TEXT_19,"สามารถเข้าดันเจียนที่แตกต่างกันได้ทุกๆวัน\n\nตรวจสอบไอเทมเฉพาะคลาสที่สามารถรับได้ในแต่ละดันเจียนดูสิ!"
TUTORIAL_TEXT_20,"ภารกิจพิชิตปรากฏแล้ว\n\nกรุณาย้ายฮีโร่ไปยังบริเวณที่ภารกิจพิชิตปรากฏ"
TUTORIAL_TEXT_21,"กดที่ปุ่ม เตรียมพร้อมต่อสู้"
TUTORIAL_TEXT_22,"หลังจากตรวจสอบเป้าหมายภารกิจพิชิตแล้ว กรุณากดปุ่ม เตรียมพร้อมต่อสู้ "
TUTORIAL_TEXT_23,"ตรวจสอบทีม แล้วกรุณากดปุ่มเริ่มต่อสู้"
TUTORIAL_TEXT_24,"เป้าหมายของภารกิจจะอัพเดทให้ทราบทางด้านขวาบนของหน้าจอ"
TUTORIAL_TEXT_25,"คุณทำภารกิจสำเร็จแล้ว! กลับไปที่หน้าจอเริ่มต้น"
TUTORIAL_TEXT_26,"กดที่ปุ่มเควส"
TUTORIAL_TEXT_27,"คุณจะได้รับรางวัลไอเทมในแต่ละรายการเควส เมื่อทำภารกิจต่างๆได้สำเร็จ"
TUTORIAL_TEXT_28,"ขอต้อนรับเข้าสู่วิหารอัศวิน"
TUTORIAL_TEXT_29,"วิหารอัศวินประกอบด้วย\n\nห้องแห่งการทดสอบ เพื่อท้าทายการทดสอบที่จำเป็นต่อการวิวัฒนาการฮีโร่"
TUTORIAL_TEXT_30,"และห้องแห่งการชำระที่ใช้ชำระความมืดที่ได้รับผ่านการทดสอบ"
TUTORIAL_TEXT_31,"ขอต้อนรับเข้าสู่ห้องแห่งการทดสอบ"
TUTORIAL_TEXT_32,"ห้องแห่งการทดสอบคือสถานที่ซึ่งสามารถรับ\n\nผนึกแห่งความมืดที่จำเป็นในการวิวัฒนาการฮีโร่ได้"
TUTORIAL_TEXT_33,"สามารถเข้าได้โดยกดปุ่มเข้าดันเจียน"
TUTORIAL_TEXT_34,"เลือกฮีโร่ 1 คนที่ตรงกับคลาสของแต่ละดันเจียนเพื่อเข้าเล่น"
TUTORIAL_TEXT_35,"เลือกฮีโร่แล้วกดที่ปุ่มเข้า"
TUTORIAL_TEXT_36,"ต้องรวบรวมชิ้นส่วนที่จำเป็นในการเปิดเพื่อเข้าห้องแห่งการทดสอบครั้งแรก"
TUTORIAL_TEXT_37,"หลังจากรวบรวมชิ้นส่วนเพียงพอแล้ว ให้กดที่ปุ่มเปิดเพื่อปลดล็อคประตู"
TUTORIAL_TEXT_38,"พิชิตการทดสอบและเอาชนะความมืดภายใน!"
TUTORIAL_TEXT_39,"ขอต้อนรับเข้าสู่ห้องแห่งการชำระ"
TUTORIAL_TEXT_40,"ชำระผนึกแห่งความมืดที่สามารถรับได้เมื่อเคลียร์ห้องแห่งการทดสอบ \n\nในห้องแห่งการชำระแล้วจะสามารถวิวัฒนาการฮีโร่ได้"
TUTORIAL_TEXT_41,"เมื่อฮีโร่ที่ได้รับผนึกแห่งความมืดกดปุ่มเข้า จะสามารถเข้าห้องได้"
TUTORIAL_TEXT_42,"คำเตือน: การชำระผนึกแห่งความมืดจะต้องใช้เงินทองจำนวนมาก"
TUTORIAL_TEXT_43,"กดที่ปุ่มชำระเพื่อเริ่มการชำระผนึกแห่งความมืด"
TUTORIAL_TEXT_44,"กดที่ปุ่มชำระจนกระทั่งสามารถปลดผนึกออกได้"
TUTORIAL_TEXT_45,"สามารถตรวจสอบมอนสเตอร์ที่จะปรากฏในการต่อสู้ได้"
TUTORIAL_TEXT_46,"นี้คือไอเทมที่จะได้รับหลังจบการต่อสู้"
TUTORIAL_TEXT_47,"นี่คือหน้าจอจัดทีมฮีโร่ที่จะเข้าร่วมในการต่อสู้"
TUTORIAL_TEXT_48,"ย้ายฮีโร่ไปยังคลังอาวุธ"
TUTORIAL_TEXT_49,"สามารถเล่นอย่างอิสระได้ตั้งแต่นี้เป็นต้นไป\n\nเคลื่อนย้ายไปยังพื้นที่ที่ระบุตามเนื้อหาต่อไป"
TUTORIAL_TEXT_50,"กำจัด Kasel แห่งความมืดสำเร็จและได้รับผนึกแห่งความมืดของ Kasel แล้ว"
TUTORIAL_TEXT_51,"ย้ายฮีโร่ไปยังด่านต่อสู้ 1-1"
TUTORIAL_TEXT_52,"ย้ายฮีโร่ไปยังด่านต่อสู้ 1-2"
TUTORIAL_TEXT_53,"ย้ายฮีโร่ไปยังด่านต่อสู้ 1-3"
TUTORIAL_TEXT_54,"เจ้าได้เสร็จสิ้นการเตรียมตัวเพื่อออกเดินทางสู่การเป็นฮีโร่แล้ว"
TUTORIAL_TEXT_55,"ย้ายฮีโร่ของเจ้าไปยังวิหารอัศวิน"
TUTORIAL_TEXT_56,"ฮีโร่ที่ครอบครองชิ้นส่วนอยู่ สามารถเข้าสู่ห้องแห่งการทดสอบได้\n\nเลือก Kasel แล้วดำเนินการขั้นต่อไป"
TUTORIAL_TEXT_57,"ต้องปลดผนึกที่ปิดอยู่ก่อนจึงสามารถเข้าได้"
TUTORIAL_TEXT_58,"ใช้ชิ้นส่วนแห่งความยุติธรรม 5 ชิ้น"
TUTORIAL_TEXT_59,"ใช้ชิ้นส่วนแห่งพละกำลัง 5 ชิ้น"
TUTORIAL_TEXT_60,"ใช้ชิ้นส่วนแห่งโชคชะตา 5 ชิ้น"
TUTORIAL_TEXT_61,"เลือกฮีโร่เพื่อทำการชำระผนึกแห่งความมืด"
TUTORIAL_TEXT_62,"คลิกปุ่มชำระเพื่อเริ่มต้นการชำระล้าง\n\nทองจะถูกใช้ทุกครั้งที่ทำการชำระความมืด "
TUTORIAL_TEXT_63,"เมื่อกดปุ่มวิวัฒนาการจะสามารถรับ Kasel 2 ดาวได้!"
TUTORIAL_TEXT_64,"เมื่อวิวัฒนาการฮีโร่แล้ว ลองไปท้าทายที่หอคอยแห่งการทดสอบดูสิ"
TUTORIAL_TEXT_65,"หอคอยแห่งการทดสอบประกอบด้วย 15 ชั้น\n\nซึ่งจะได้รับวัสดุสำหรับการวิวัฒนาการในทุก 3 ชั้น"
TUTORIAL_TEXT_66,"ที่หอคอยแห่งการทดสอบปาร์ตี้ของผู้เล่นอื่นจะออกมาในรูปแบบของศัตรู\n\nแตะปุ่มเตรียมพร้อมต่อสู้เพื่อย้ายไปหน้าจอสร้างปาร์ตี้"
TUTORIAL_TEXT_67,"เข้าสู่อารีน่า"
TUTORIAL_TEXT_68,"อารีน่าประกอบด้วย พื้นที่ 1 ถึงพื้นที่ 5 \n\nและใช้ทองในการเข้าเล่น"
TUTORIAL_TEXT_69,"แตะที่ปุ่ม พื้นที่ 1"
TUTORIAL_TEXT_70,"ในอารีน่า HP และ MP ที่เหลือของฮีโร่จะใช้ต่อเนื่องในพื้นที่ต่อไปด้วย\n\nต้องระวังได้ด้วยว่า หากฮีโร่ตายจะไม่สามารถเข้าร่วมพื้นที่ต่อไปได้"
TUTORIAL_TEXT_71,"ย้ายฮีโร่ไปยังร้านค้า"
TUTORIAL_TEXT_72,"กดที่ปุ่มร้านค้าเพื่อที่จะเข้าสู่ร้าน"
TUTORIAL_TEXT_73,"หากใช้ประตูมิติ จะสามารถย้ายไปยังพื้นที่ไกลๆ ได้อย่างรวดเร็ว"
TUTORIAL_TEXT_74,"เลือกประตูมิติ"
TUTORIAL_TEXT_75,"เลือก Capital Orvel"
TUTORIAL_TEXT_76,"เลือกปุ่มเคลื่อนย้ายไปยังหมู่บ้าน"
TUTORIAL_TEXT_77,"ปลดล็อกเมืองหลวง Orvel!"
TUTORIAL_TEXT_78,"มีคอนเท้นท์อีกมากมายเช่นร้านค้า และ กิลล์รอเจ้าอยู่ที่ Orvel"
TUTORIAL_TEXT_79,"แต่ละคอนเทนท์ สามารถเข้าเล่นได้ผ่านเควสเมื่อเงื่อนไขการเปิดสมบูรณ์แล้ว"
TUTORIAL_TEXT_80,"ปลดล็อกคุกใต้ดิน!"
TUTORIAL_TEXT_81,"เลือกปุ่มเข้าดันเจียน"
TUTORIAL_TEXT_82,"ดันเจียนที่สามารถเข้าเล่นจะเปลี่ยนไปทุกวัน"
TUTORIAL_TEXT_83,"เลือกปุ่มเตรียมตัวต่อสู้เพื่อเข้าสู่พื้นที่"
TUTORIAL_TEXT_84,"ตรวจสอบศัตรูในพื้นที่และระดับความยากที่ต้องการท้าทาย\n\nจากนั้นกดปุ่มเตรียมพร้อมต่อสู้"
TUTORIAL_TEXT_85,"จัดปาร์ตี้แล้วเลือกปุ่มเริ่มต่อสู้เพื่อเข้าเล่น"
TUTORIAL_TEXT_86,"ปลดล็อกอารีน่า!"
TUTORIAL_TEXT_87,"เลือกปุ่มเข้าสู่อารีน่า"
TUTORIAL_TEXT_88,"อารีน่าประกอบไปด้วย ลีคแห่งชัยชนะ ลีคแห่งเกียรติยศ และลีคระดับสูงสุด"
TUTORIAL_TEXT_89,"เลือกปุ่มเข้าสู่ลีคแห่งชัยชนะ"
TUTORIAL_TEXT_90,"อันดับลีคของเจ้าจะแสดงที่ด้านซ้ายของหน้าจอ"
TUTORIAL_TEXT_91,"ข้อมูลลีคของเจ้าจะแสดงที่ด้านขวาของหน้าจอ"
TUTORIAL_TEXT_92,"เลือกปุ่มเตรียมพร้อมเพื่อประลอง"
TUTORIAL_TEXT_93,"จัดปาร์ตี้แล้วเลือกปุ่มเริ่มต่อสู้เพื่อเข้าเล่น"
TUTORIAL_TEXT_94,"ปลดล็อกสังเวียน!"
TUTORIAL_TEXT_95,"เลือกปุ่มสังเวียนเลือด"
TUTORIAL_TEXT_96,"สังเวียนประกอบไปด้วย 5 ห้อง"
TUTORIAL_TEXT_97,"และเจ้าจะต้องผ่านห้องแต่ละห้อง จากห้องแรกไปยังห้องสุดท้าย"
TUTORIAL_TEXT_98,"สังเวียนจะรีเซ็ทวันละครั้ง\n\nและระดับ HP ของบอสจะยังคงอยู่ตามแต่ผลของการต่อสู้"
TUTORIAL_TEXT_99,"เลือกห้องแรก"
TUTORIAL_TEXT_100,"เลือกปุ่มเตรียมพร้อมต่อสู้"
TUTORIAL_TEXT_101,"ฮีโร่ที่เข้าร่วมการต่อสู้ในสังเวียนจะมีระดับ HP และ MP \n\nคงเหลือตามแต่ผลของการต่อสู้"
TUTORIAL_TEXT_102,"หากฮีโร่อยู่ในสภาพที่ไม่สามารถต่อสู้ได้\n\nจะไม่สามารถเข้าร่วมในการต่อสู่ถัดไปได้"
TUTORIAL_TEXT_103,"นอกจากนั้น ในการเข้าแต่ละห้องครั้งแรก\n\nจะต้องใช้ทองในปริมาณที่กำหนด"
TUTORIAL_TEXT_104,"จัดปาร์ตี้แล้วเลือกปุ่มเริ่มต่อสู้เพื่อเข้าเล่น"
TUTORIAL_TEXT_105,"ท้องพระคลังโบราณเปิดแล้ว!"
TUTORIAL_TEXT_106,"เลือกปุ่มเข้าดันเจียน"
TUTORIAL_TEXT_107,"ยินดีต้อนรับสู่โรงตีเหล็ก"
TUTORIAL_TEXT_108,"เจ้าสามารถอัพเกรดระดับดาวและออปชั่นของอุปกรณ์ได้ที่โรงตีเหล็ก"
TUTORIAL_TEXT_109,"ดาวของอุปกรณ์ สามารถใช้อุปกรณ์ชนิดเดียวกัน\n\nที่อยู่ในสภาพอัพเกรดขั้นสูงสุดเป็นวัตถุดิบได้"
TUTORIAL_TEXT_110,"และออปชั่นของอุปกรณ์สามารถใช้ผงเวทมนตร์เป็นวัตถุดิบในการอัพเกรดได้"
TUTORIAL_TEXT_111,"ดันเจียนระดับสูง: เข้าสู่คลังอาวุธแล้ว"
TUTORIAL_TEXT_112,"ดันเจียนระดับสูง เป็นดันเจียนที่ปรากฏแชปเตอร์ละ 1 แห่ง\n\nและประกอบด้วยพื้นที่ต่อสู้ร่วมทั้งหมด 8 พื้นที่"
TUTORIAL_TEXT_113,"สามารถรับชิ้นส่วนที่จำเป็นในการวิวัฒนาการฮีโร่แต่ละชนิดได้ \n\nในพื้นที่ต่อสู้ 7 แห่งแรก"
TUTORIAL_TEXT_114,"และสามารถรับไอเทมหายากได้\n\nในพื้นที่ต่อสู้แห่งสุดท้าย"
TUTORIAL_TEXT_115,"เมื่อท้าทายครั้งแรกสำเร็จ\n\nสามารถต่อสู้ในพื้นที่ที่ต้องการซ้ำได้"
TUTORIAL_TEXT_116,"ดันเจียนระดับสูง: เคลียร์คลังอาวุธทั้งหมดเรียบร้อยแล้ว"
TUTORIAL_TEXT_117,"ท้องพระคลังโบราณ\n\nคือดันเจียนที่จำกัดจำนวนการเข้าในแต่ละวัน"
TUTORIAL_TEXT_118,"จำนวนของทองคำที่จะได้รับจะเพิ่มขึ้นตามระดับความยาก\n\nเพราะฉะนั้นจงท้าสู้กับศัตรูที่มีระดับที่สูงกว่าเพื่อที่จะได้รับทองคำจำนวนมากขึ้น"
TUTORIAL_TEXT_119,"สำรวจเขาวงกตใต้ดินของท้องพระคลังและกำจัดปีศาจ"
TUTORIAL_TEXT_120,"นี่คือโอกาสที่จะได้รับสมบัติของราชวงศ์เป็นรางวัล"
TUTORIAL_TEXT_121,"เงื่อนไขในการท้าทาย{1} : เคลียร์ {2}"
TUTORIAL_TEXT_122,"ย้ายฮีโร่ไปยังทางเข้าสู่เมืองหลวง Orvel"
TUTORIAL_TEXT_123,"ติวเตอร์เรียลจะเริ่มเมื่อเลือกปุ่มย้ายแชปเตอร์"
TUTORIAL_TEXT_124,"กดค้างที่ภาพของฮีโร่"
TUTORIAL_TEXT_125,"นอกจากนี้ ในพื้นที่ต่อสู้สุดท้าย\n\nมีความเป็นไปได้สูงที่จะสามารถรับชิ้นส่วน 1 ใน 7 ชนิดได้"
TUTORIAL_TEXT_126,"จำนวนชิ้นส่วนที่ได้รับจากดันเจียนระดับสูง\n\nจะยิ่งเพิ่มขึ้นเมื่อผ่านแชปเตอร์ไป"
TUTORIAL_TEXT_127,"เคลียร์โหมดง่ายใน Kings Plain ทั้งหมดแล้ว"
TUTORIAL_TEXT_128,"มีเหรียญส่องประกายอยู่ด้านบนของหน้าจอด้วย\n\nลองเลือกเหรียญกันดูไหม"
TUTORIAL_TEXT_129,"หากกดที่ [FFFF00]Easy Mode Clear[-]\n\nจะสามารถได้รับรางวัลจากการเคลียร์โหมดง่ายได้"
TUTORIAL_TEXT_130,"เคลียร์ระดับความยากโหมดอื่นๆ\n\nแล้วรับรางวัลสุกพิเศษไปเลย!"
TUTORIAL_TEXT_131,"เคยลองใช้[FFFF00]ร้านค้าพิเศษ[-]ไหม?\n\nที่นั่นสามารถปรับอุปกรณ์ของฮีโร่ได้ง่ายและรวดเร็วเลยล่ะ"
TUTORIAL_TEXT_132,"เลือกกดปุ่ม [FFC000] ร้านค้าพิเศษ[-]"
TUTORIAL_TEXT_133,"[FFFF00]ร้านค้าพิเศษ[-] สามารถใช้ Ruby หรือทอง\n\nซื้อฮีโร่ ไอเทมเติบโต และอุปกรณ์ได้"
TUTORIAL_TEXT_134,"สามารถรับไอเทมพิเศษได้ฟรีวันละ 1 ครั้ง\n\nส่วนไอเทมทั่วไปสามารถรับได้ฟรี 5 ครั้งต่อวัน"
TUTORIAL_TEXT_135,"เลือกปุ่ม[FFC000]สุ่มไอเทมพิเศษ[-]"
TUTORIAL_TEXT_136,"เมื่อเลือกปุ่ม[FFC000]สุ่มไอเทมพิเศษ[-]\n\nไอเทมพิเศษจะถูกสุ่มออกมา"
TUTORIAL_TEXT_137,"ยินดีด้วย! [FC58E7]ได้รับไม้เท้าเวทย์[-]!"
TUTORIAL_TEXT_138,"อย่าปล่อยโอกาสที่ได้รับทุกๆ วันให้เสียไปล่ะ!"
TUTORIAL_TEXT_139,"สกิล Miraculous Light ของ Frey\n\nสามารถที่ฟื้นฟู HP ของพันธมิตรได้"
TUTORIAL_TEXT_140,"สามารถเล่นอย่างอิสระได้ตั้งแต่นี้เป็นต้นไป"
TUTORIAL_TEXT_141,"ติวเตอร์เรียลทั้งหมดเสร็จสิ้นแล้ว"
TUTORIAL_TEXT_142,"หากผจญภัยจนถึงต้นไม้กำเนิดโลกแล้ว \n\nจะสามารถรับรางวัลพิเศษได้"
TUTORIAL_TEXT_143,"สนุกกับการผจญภัยของ Kings Raid\n\nไปพร้อมกับเหล่าฮีโร่ใหม่ๆดูสิ!"
TUTORIAL_TEXT_144,"ได้รับ 3 ดาวสำเร็จ\n\nเนื่องจากชนะโดยไม่มีใครอยู่ในสภาพไม่สามารถต่อสู้ได้"
TUTORIAL_TEXT_145,"เลือกเมนูรางวัลเคลียร์แชปเตอร์ด้านบนของหน้าจอ"
TUTORIAL_TEXT_146,"ชนะการต่อสู้ทั้งหมดของแต่ละแชปเตอร์ด้วย 3 ดาวให้ได้"
TUTORIAL_TEXT_147,"เจ้าจะได้รับรางวัลตามระดับของความยากในแต่ละขั้น"
TUTORIAL_TEXT_148,"ยินดีด้วย!\n\nเคลียร์แชปเตอร์ 1 [FFFF00]โหมดง่าย[-] เรียบร้อยแล้ว!"
TUTORIAL_TEXT_149,"ลองท้าทายใน [00B0F0]โหมดปกติ[-]เพื่อรับรางวัลที่ดีขึ้นดูสิ"
TUTORIAL_TEXT_150,"ก่อนเข้าสู่การต่อสู้\n\nสามารถเลือกระดับความยากง่ายได้"
TUTORIAL_TEXT_151,"เพื่อให้สามารถเลือกระดับความยากต่อไปได้\n\nจะต้องผ่านระดับความยากก่อนหน้าด้วย 3 ดาว"
TUTORIAL_TEXT_152,"เลือกระดับความยาก"
TUTORIAL_TEXT_153,"เลือก [00B0F0]โหมดปกติ[-]"
TUTORIAL_TEXT_154,"ระดับความสามารถของมอนสเตอร์เพิ่มมากขึ้น"
TUTORIAL_TEXT_155,"แต่เจ้าก็จะได้รับ EXP และทองที่เพิ่มขึ้นเช่นกัน"
TUTORIAL_TEXT_156,"ไอเทมเองก็สามารถรับได้ในระดับที่สูงขึ้นด้วย"
TUTORIAL_TEXT_157,"จงจำไว้!\n\nยิ่งผ่านการต่อสู้ที่ยากลำบากเจ้ายิ่งจะได้รับรางวัลที่ดี!"
TUTORIAL_TEXT_158,"เลือกปุ่มเสริมพลังอุปกรณ์"
TUTORIAL_TEXT_159,"เลือกปุ่มถอดอุปกรณ์ที่ด้านล่างของหน้าจอ"
TUTORIAL_TEXT_160,"เลือกอุปกรณ์ที่จะเสริมพลัง"
TUTORIAL_TEXT_161,"หากจะเสริมพลังอุปกรณ์\n\nจะต้องใช้ไอเทมที่เหมือนกันเป็นวัตถุดิบ"
TUTORIAL_TEXT_162,"เลือกอุปกรณ์ที่จะใช้เป็นวัตถุดิบ"
TUTORIAL_TEXT_163,"ได้รับอุปกรณ์ระดับ 1 ดาว!"
TUTORIAL_TEXT_164,"จงจำไว้\n\nประสิทธิภาพของอุปกรณ์จะยิ่งเพิ่มมากขึ้นเมื่อระดับดาวเพิ่มขึ้น!"
TUTORIAL_TEXT_165,"ฮีโร่พิเศษที่สามารถรับได้\n\nจากโหมดยากยังมีอยู่อีก"
TUTORIAL_TEXT_166,"ตอนนี้เราออกไปผจญภัยกันเลยดีไหม?\n\nโปรดพา Kasel  ย้ายออกไปนอกปราสาท"
TUTORIAL_TEXT_167,"สกิล Fire Ball ของ Cleo\n\nสามารถสร้างความเสียหายแก่ศัตรูได้เป็นวงกว้าง"
TUTORIAL_TEXT_168,"ลองใช้สกิล Fire Ball ดูสิ!"
TUTORIAL_TEXT_169,"สกิล Curtain of Darkness ของ Roi\n\nจะทำให้พลังโจมตีและอัตราการหลบหลีกเพิ่มขึ้นอย่างมากในชั่วขณะหนึ่ง"
TUTORIAL_TEXT_170,"ลองใช้ Curtain of Darkness ดูสิ!"
TUTORIAL_TEXT_171,"สกิล Valiant Dash ของ Kasel\n\nจะทะลวงผ่านไปยังด้านหลัง"
TUTORIAL_TEXT_172,"หากพันธมิตรตกอยู่ในการโจมตีด้วยกัน \n\nสามารถใช้สกิลนี้เปลี่ยนทิศทางการโจมตีได้ "
TUTORIAL_TEXT_173,"งั้นมาลองสกิล Valiant Dash  กัน! "
TUTORIAL_TEXT_174,"สกิล Blessing of Light ของ Frey\n\nจะช่วยปกป้องพันธมิตรทั้งหมดจากความเสียหายเป็นระยะเวลาหนึ่ง"
TUTORIAL_TEXT_175,"งั้นมาลองสกิล Blessing of Light กัน!"
TUTORIAL_TEXT_176,"สกิล Blade of Judgement ของ Kasel\n\nสามารถล้มศัตรู และระงับการใช้สกิลของอีกฝ่ายได้"
TUTORIAL_TEXT_177,"ลองใช้ Blade of Judgement ดูสิ!"
TUTORIAL_TEXT_178,"อาวุธเฉพาะสามารถสวมได้\n\nเฉพาะกับฮีโร่ที่กำหนดเท่านั้น"
TUTORIAL_TEXT_179,"ถึงจะเป็นอาวุธที่แข็งแกร่งมาก\n\nแต่ก็สามารถอัพเกรดได้เท่าเลเวลของฮีโร่เท่านั้น"
TUTORIAL_TEXT_180,"ทุกครั้งที่ฮีโร่เลื่อนเลเวลขึ้น \n\nอย่าลืมอัพเกรดด้วยล่ะ!"
TUTORIAL_TEXT_181,"หากในอุปกรณ์มีช่องใส่รูน\n\nก็สามารถใส่รูนลงไปได้"
TUTORIAL_TEXT_182,"ลองติดตั้งรูนดูสิ"
TUTORIAL_TEXT_183,"ระดับฮีโร่ที่เหมาะสมในการที่จะท้าทาย บทที่ 2 คือ 20"
TUTORIAL_TEXT_184,"ลองเพิ่มเลเวลของฮีโร่โดยเคลียร์แชปเตอร์ 1 ในโหมดปกติดูสิ"
TUTORIAL_TEXT_185,"ที่กระท่อมฮีโร่\n\nเจ้าสามารถสร้างความสัมพันธ์กับฮีโร่คนอื่นๆ เพื่อค่าความสนิทได้"
TUTORIAL_TEXT_186,"กดที่แวะมาที่กระท่อม"
TUTORIAL_TEXT_187,"นี่คือฮีโร่ที่กำลังพักอยู่ในกระท่อม"
TUTORIAL_TEXT_188,"เจ้าสามารถเริ่มความสัมพันธ์กับฮีโร่นี้\n\nหรือจะรอจนกว่าฮีโร่อื่นจะมาก็ได้"
TUTORIAL_TEXT_189,"ฮีโร่จะไปจากกระท่อมในตอนเที่ยงคืน\n\nและคนใหม่จะมาและพักอยู่แทน"
TUTORIAL_TEXT_190,"เมื่อเริ่มต้นความสัมพันธ์ เจ้าสามารถสะสมค่าความสนิท\n\nและเมื่อสะสมถึงระดับสูงสุดแล้วก็จะสามารถเป็นพันธมิตรกับฮีโร่นั้นได้"
TUTORIAL_TEXT_191,"ลองเริ่มต้นความสัมพันธ์เมื่อฮีโร่ที่เจ้าต้องการแวะมาที่กระท่อม"
TUTORIAL_TEXT_192,"คุณสามารถดูตำแหน่งที่บันทึกได้\nเมื่อคุณเข้าไปยังแผนที่โลกผ่านพอร์ทัล"
TUTORIAL_TEXT_193,"จุดสำคัญๆ ที่เคยไปมาแล้ว\n\nสามารถใช้ประตูมิติแล้วเคลื่อนย้ายไปอย่างรวดเร็วได้"
TUTORIAL_TEXT_194,"สามารถให้และรับคะแนนมิตรภาพกับเพื่อนๆ ได้"
TUTORIAL_TEXT_195,"ใช้คะแนนมิตรภาพที่กระท่อมฮีโร่\n\nและสามารถเป็นพันธมิตรกับฮีโร่ใหม่ๆ ได้"
TUTORIAL_TEXT_196,"ไปที่กระท่อมฮีโร่"
TUTORIAL_TEXT_197,"สามารถสวมอุปกรณ์ที่ยึดได้จากการรบได้โดยอัตโนมัติ"
TUTORIAL_TEXT_198,"กดที่รายชื่อฮีโร่"
TUTORIAL_TEXT_199,"เลือกฮีโร่แล้ว จะสามารถสวมอุปรณ์ของฮีโร่นั้นได้"
TUTORIAL_TEXT_200,"สามารถตรวจสอบอาวุธที่ได้รับตามประเภทได้โดยกดที่ปุ่มอุปกรณ์"
TUTORIAL_TEXT_201,"สามารถสวมอุปกรณืได้ทันทีโดยกดที่สวมออโต้"
TUTORIAL_TEXT_202,"HP ของ Kasel ลดลงอย่างมาก\n\nหาก HP ของฮีโร่เหลือ 0 จะไม่สามารถต่อสู้ได้"
TUTORIAL_TEXT_203,"หมาป่ากำลังจะใช้สกิล!\n\nสกิลแรกของ Kasel สามารถทำให้สกิลของศัตรูหยุดชะงักลงได้"
TUTORIAL_TEXT_204,"ดันเจียนระดับสูงจะเปิดเมื่อเคลียร์บอสสุดท้ายของแต่ละแชปเตอร์ได้"
TUTORIAL_TEXT_205,"ในดันเจียนระดับสูงนั้น สามารถรับชิ้นส่วนที่จำเป็นในการวิวัฒนาการได้"
TUTORIAL_TEXT_206,"ดันเจียนระดับสูงของแชปเตอร์ 1 คือ คลังอาวุธ"
TUTORIAL_TEXT_207,"เพราะศัตรูที่ปรากฏเป็นระดับสูง\n\nจึงแนะนำให้เตรียมตัวอย่างรอบคอบก่อนเข้าต่อสู้"
TUTORIAL_TEXT_208,"สกิลสามารถอัพเกรดได้เท่ากับเลเวลของฮีโร่\n\nจะอัพเกรดอีกครั้งเพื่อให้เป็นสกิลเลเวล 3 "
TUTORIAL_TEXT_209,"สามารถใช้ปุ่ม MAX ทำให้เป็นเลเวลสูงสุดที่อัพเกรดได้ในขณะนั้น"
TUTORIAL_TEXT_210,"สามารถรับชิ้นส่วนสมบัติได้จากหอคอยแห่งความท้าทาย \n\nและชิ้นส่วนที่เก็บได้สามารถประกอบใหม่เป็นสมบัติที่สามารถติดตั้งได้"
TUTORIAL_TEXT_211,"เมื่อเคลียร์แต่ละชั้นจะสามารถรับของรางวัลดีๆได้"
TUTORIAL_TEXT_212,"ฮีโร่ระดับ 5 ดาวสามารถทำการปลุกพลังได้"
TUTORIAL_TEXT_213,"เพื่อการปลุกพลัง จำเป็นต้องรวบรวม Essence จากหอคอยแห่ง Ordeal"
TUTORIAL_TEXT_214,"เมื่อสุ่มไอเทมพิเศษจะสามารถเลือกอาชีพที่ต้องการหรืออาวุธเฉพาะของตัวละครใหม่ได้"
TUTORIAL_TEXT_215,"เมื่อกดปุ่ม AUTO ฮีโร่จะใช้สกิลเองโดยอัตโนมัติ"
TUTORIAL_TEXT_216,"การกดปุ่ม x1.5 จะเพิ่มความเร็วการต่อสู้ขึ้น 1.5 เท่า"
TUTORIAL_TEXT_217,"คุณสามารถใช้ปุ่มอัตโนมัติและปุ่ม x1.5 \nแยกกันได้ใช้ปุ่มอัตโนมัติที่อยู่เหนือไอคอนสกิลของฮีโร่แต่ละคน\nเพื่อเปลี่ยนการตั้งค่าอัตโนมัติรายบุคคล"
TUTORIAL_TEXT_218,"ผู้ใช้ทุกคนในเซิร์ฟเวอร์ร่วมมือกัน\n\nต่อสู้กับบอสโลกที่ทรงพลัง"
TUTORIAL_TEXT_219,"การแข่งขันเพื่อรางวัล\n\nโดยการสร้างความเสียหายให้กับ World Boss ให้มากยิ่งขึ้น"
TUTORIAL_TEXT_220,"เตรียมการต่อสู้กับ World Boss"
TUTORIAL_TEXT_221,"การต่อสู้กับ World Boss สามารถ\n\nใช้ฮีโร่ได้ 8 ตัว"
TUTORIAL_TEXT_222,"ก่อนอื่นสร้างปาร์ตี้หลักก่อน\n\nคุณสามารถควบคุมปาร์ตี้นี้ได้เอง"
TUTORIAL_TEXT_223,"หลังสร้างปาร์ตี้หลักให้สร้างปาร์ตี้รอง"
TUTORIAL_TEXT_224,"คุณจะไม่สามารถควบคุมปาร์ตี้รองได้\n\nเป็นปาร์ตี้ที่ต้องใช้โหมดออโต้เท่านั้น"
TUTORIAL_TEXT_225,"สร้างทั้งปาร์ตี้หลักและปาร์ตี้รอง\n\nและเริ่มการต่อสู้กับ World Boss ได้เลย"
TUTORIAL_TEXT_226,"สามารถเสริมพลังอุปกรณ์, เสริมออปชั่น, เปลี่ยนออปชั่น\n\nผ่านการหลอมอุปกรณ์ได้"
TUTORIAL_TEXT_227,"สามารถเพิ่มอันดับเทียร์ผ่านการเพิ่มอันดับอุปกรณ์ได้"
TUTORIAL_TEXT_228,"สามารถซื้ออุปกรณ์ได้โดยใช้คะแนนเรด"
TUTORIAL_TEXT_229,"มาลองหลอมอุปกรณ์ดูกันเถอะ"
TUTORIAL_TEXT_230,"มาเสริมออปชั่นอุปกรณ์ดูกันเถอะ"
TUTORIAL_TEXT_231,"เมื่อกดปุ่มฮีโร่จะสามารถดูลิสต์รายชื่อของฮีโร่ได้"
TUTORIAL_TEXT_232,"เลือก Kasel เพื่อใส่อาวุธของ Kasel                   "
TUTORIAL_TEXT_233,"เมื่อเลือกช่องอุปกรณ์จะสามารถดูอุปกรณ์ที่สามารถใส่ของแต่ละคลาสได้"
TUTORIAL_TEXT_234,"เลือกอุปกรณ์ที่จะทำการอัพเกรด"
TUTORIAL_TEXT_235,"เลือกอุุปกรณ์ที่จะใช้เป็นวัตถุดิบ"
TUTORIAL_TEXT_236,"เมื่อเลือกสกิลจะปรากฏลิสต์สกิลของฮีโร่นั้นๆ"
TUTORIAL_TEXT_237,"เลือกสกิลที่จะเพิ่มทักษะ"
TUTORIAL_TEXT_238,"เมื่อใช้หนังสือสกิลจะสามารถรับทักษะของสกิลได้"
TUTORIAL_TEXT_239,"ไม่เพียงแต่ทักษะเท่านั้น การอัพเกรดจะทำให้สกิลแรงขึ้นได้ด้วย"
TUTORIAL_TEXT_240,"ใช้ทองในการอัพเกรดสกิล"
TUTORIAL_TEXT_241,"หากมีทองเพียงพอจะสามารถอัพเกรด\nสกิลทั้งหมดโดยใช้ปุ่ม MAX ได้"
TUTORIAL_TEXT_242,"สามารถอัพเลเวลของสกิลได้มากเท่ากับเลเวลของฮีโร่ผ่านการอัพเกรดได้"
TUTORIAL_TEXT_243,"ในขณะนี้สามารถย้อนดูเนื้อเรื่อง\nที่ต้นไม้กำเนิดโลกได้"
TUTORIAL_TEXT_244,"รับคะแนนเมื่อถึงการจุติสำเร็จ\n\nและสามารถใช้คะแนนนี้ไปเรียนทักษะได้"
TUTORIAL_TEXT_245,"ทักษะจุติระดับ 3 สามารถเลือกสกิลได้อันเดียวระหว่างแสงสว่างและความมืด\n\nแต่รพดับอื่นสามารถเลือกทักษะตามที่ชอบได้"
TUTORIAL_TEXT_246,"สามารถสร้างกิลด์หรือสมัครกิลด์ที่มีอยู่แล้วได้"
TUTORIAL_TEXT_247,"รวมรวบเหรียญกิลด์จากการทำกิจกรรมกิลด์เพื่อใช้ในการซื้อไอเทมได้"
TUTORIAL_TEXT_248,"เข้าร่วมกิลด์และเรดกิลด์\nจะสามารถซื้ออาวุธที่ทรงพลังและหนังสือสกิลได้"
TUTORIAL_TEXT_249,"ยินดีด้วย! คุณได้วิวัฒนาการฮีโร่ถึงขั้นสูงสุดแล้ว!"
TUTORIAL_TEXT_250,"ตอนนี้สามารถเตรียมจุติฮีโร่ที่หอคอยแห่งการทดสอบได้"
TUTORIAL_TEXT_251,"หอคอยแห่งการทดสอบจะรีเซททุกสัปดาห์\n\nสามารถเคลียร์ได้ชั้นละ 1 ครั้งก่อนการรีเซท"
TUTORIAL_TEXT_252,"ในเรด คุณจะได้ต่อสู้กับมังกรที่ทรงพลังและรับอุปกรณ์และไอเทมต่างๆ มากมาย"
TUTORIAL_TEXT_253,"สามารถหาเรดที่ผู้อื่นสร้างไว้หรือจะสร้างเรดขึ้นมาเองก็ได้"
TUTORIAL_TEXT_254,"เมื่อสร้างในห้องสาธารณะจะสามารถหาเรดที่ต้องการ\n\nผ่านการ 'หาเรด' ได้"
TUTORIAL_TEXT_255,"สร้างห้องเรด"
TUTORIAL_TEXT_256,"ในเรดมังกร ผู้เล่นหนึ่งคนสามารถเลือกฮีโร่ได้สูงสุด 4 ตัว"
TUTORIAL_TEXT_257,"เลือกฮีโร่ 4 ตัวที่จะเข้าร่วมในเรดมังกร"
TUTORIAL_TEXT_258,"สามารถขอการโจมตี, การฟื้นฟู,\nทักษะสถานะผิดปกติ, การป้องกันจากสมาชิกปาร์ตี้ได้"
TUTORIAL_TEXT_259,"มังกรนั้นเมื่อโดนสกิลสถานะผิดปกติจะไม่มีการติดสถานะผิดปกติ\n\nแต่จะมีการลดเกจสถานะ เมื่อเกจถูกลดจนหมดแล้วจะหมดสติไป"
TUTORIAL_TEXT_260,"สามารถเลือกไอเทมโดยการประมูลได้"
TUTORIAL_TEXT_261,"หากสมาชิกปาร์ตี้หลายคนประมูลไอเทมเดียวกัน\n\nสมาชิกแบบสุ่ม 1 คน จะสามารถได้รับไอเทมดังกล่าวได้"
TUTORIAL_TEXT_262,"ไอเทมที่ไม่มีการประมูลจะมีการมอบให้แบบสุ่ม\n\nสามารถยอมแพ้การประมูลและได้รับไอเทมแบบสุ่มได้"
TUTORIAL_TEXT_263,"เมื่อสมาชิกปาร์ตี้ทั้งหมดประมูลหรือยอมแพ้ประมูล\nหมดแล้วจะสามารถได้รับรางวัลได้"
TUTORIAL_TEXT_264,"เมื่อจบการต่อสู้เรดมังกรอย่างประสบความสำเร็จแล้วจะได้รับเหรียญเรด"
TUTORIAL_TEXT_265,"สามารใช้เหรียญเรดในการซื้ออุปกรณ์ระดับตำนานที่ร้านค้าโรงตีเหล็กได้"
TUTORIAL_RAIDPARTYSETTING_1,"ฮีโร่ตัวเดียวกันจะเข้าร่วมผ่านโหมดสอนเล่น"
TUTORIAL_RAIDPARTYSETTING_3,"ไม่สามารถใช้ได้ในขณะอยู่ในโหมดสอนเล่น"
TUTORIAL_RAIDPARTYSETTING_8,"สมาชิกปาร์ตี้ไม่เพียงพอ เมื่ออยู่ในโหมดสอนเล่นจะต้องมีฮีโร่เข้าร่วม 6 ตัวจึงจะเริ่มได้"
TUTORIAL_TEXT_266,"เขาวงกตหลวงใต้ดินประกอบด้วยหอคอย 7 แห่ง"
TUTORIAL_TEXT_267,"ใช้กุญแจเขาวงกตเพื่อต่อสู้"
TUTORIAL_TEXT_268,"หอคอยแต่ละแห่งใน 7 แห่งมีการจำกัดสายอาชีพฮีโร่"
TUTORIAL_TEXT_269,"คุณจะได้รับชิ้นส่วนความทรงจำในแต่ละครั้งที่คุณเคลียร์ชั้น"
TUTORIAL_TEXT_270,"ใช้ชิ้นส่วนเพื่อแลกตั๋วสมบัติเฉพาะแบบสุ่มผ่านการสร้าง"
TUTORIAL_TEXT_271,"ในแต่ละชั้นพันธมิตรจะได้รับดีบัฟและ\nศัตรูจะได้รับอัพเกรด"
TUTORIAL_TEXT_272,"จำนวนชิ้นส่วนความทรงจำที่ได้รับจะเพิ่มขึ้นตามความคืบหน้าของคุณ"
TUTORIAL_TEXT_273,"รับรางวัลเพิ่มเติมในแต่ละครั้งที่คุณเคลียร์ชั้นได้จำนวนหนึ่ง"
TUTORIAL_TEXT_274,"ลองท้าทายระดับความยากที่สูงขึ้นเพื่อได้รับชิ้นส่วนมากขึ้น\nและนำไปสร้างตั๋วสมบัติเฉพาะแบบสุ่ม!"
TUTORIAL_TEXT_275,"กิลด์มาสเตอร์สามารถใช้ทรัพยากรการก่อสร้างเพื่ออัพเลเวลสิ่งก่อสร้างในเขตกิลด์"
TUTORIAL_TEXT_276,"ทรัพยากรการก่อสร้างจะได้รับเป็นรางวัลจากการเข้าร่วมเรดกิลด์หรือการพิชิตกิลด์"
TUTORIAL_TEXT_277,"ตรวจสอบความพร้อมในการอัพเลเวลสิ่งก่อสร้างกิลด์และเอฟเฟคจากการอัพเลเวล"
TUTORIAL_TEXT_278,"แตะร้านค้ากิลด์"
TUTORIAL_TEXT_279,"ตรวจสอบแต้มทรัพยากรที่ต้องใช้ในการพัฒนาสิ่งก่อสร้างที่เลือก"
TUTORIAL_TEXT_280,"ควรใช้แต้มทรัพยากรที่ต้องการทั้งหมดในการอัพเลเวลสิ่งก่อสร้าง"
TUTORIAL_TEXT_281,"ศูนย์บัญชาการจะช่วยในการอัพเกรดสกิลต่างๆที่เป็นประโยชน์ในการต่อสู้ของวีรบุรุษ"
TUTORIAL_TEXT_282,"ตรวจสอบแต้มกิจกรรมและแต้มการพิชิตของกิลด์"
TUTORIAL_TEXT_283,"สามารถตรวจสอบรายการสกิลกิลด์\nและเลเวลศูนย์บัญชาการ แต้มการพิชิต แต้มกิจกรรมที่จำเป็นในการอัพเกรดได้"
TUTORIAL_TEXT_284,"ใช้แต้มกิจกรรมและแต้มการพิชิตเพื่ออัพเกรดสกิล"
TUTORIAL_TEXT_285,"รีเซตสกิลทั้งหมดที่เรียนรู้ไป"
TUTORIAL_TEXT_286,"เมื่อรีเซ็ตสกิลกิลด์ คุณจะได้รับแต้มกิจกรรมและแต้มการพิชิตที่ใช้ไปในการอัพเกรดคืน"
TUTORIAL_TEXT_287,"หัวหน้ากิลด์เท่านั้นสามารถเสริมพลังสกิลและรีเซ็ตสกิลได้"
TUTORIAL_TEXT_288,"ในการพิชิตกิลด์ กิลด์สูงสุด 4 กิลด์สามารถเข้าร่วมในการต่อสู้กับบอสได้"
TUTORIAL_TEXT_289,"การพิชิตกิลด์มีสองช่วง ได้แก่ ช่วงการขอเข้าร่วมและช่วงการพิชิต"
TUTORIAL_TEXT_290,"หัวหน้ากิลด์จะต้องส่งคำขอระหว่างช่วงเวลาที่เปิดให้ขอเข้าร่วม\nเพื่อแข่งขันในระหว่างช่วงการพิชิต"
TUTORIAL_TEXT_291,"คุณสามารถเชิญสมาชิกกิลด์คนอื่นให้เข้าร่วมการต่อสู้ในการพิชิตกิลด์ได้"
TUTORIAL_TEXT_292,"ในการต่อสู้กับบอสแต่ละตัว อาชีพ ชนิดการโจมตี\nและฮีโร่บางรายการจะไม่ได้รับอนุญาตให้เข้าร่วม"
TUTORIAL_TEXT_293,"เข้าร่วมการพิชิตกิลด์ 2 ครั้งในระหว่างช่วงการพิชิต"
TUTORIAL_TEXT_294,"สมาชิกปาร์ตี้แต่ละคน รวมถึงมาสเตอร์ จะใช้ตั๋วของตัวเอง"
TUTORIAL_TEXT_295,"เลือกฮีโร่ 3 คนจากรายการฮีโร่ที่ได้รับอนุญาตให้เข้าร่วม"
TUTORIAL_TEXT_296,"แตะเชิญสมาชิกกิลด์เพื่อเชิญสมาชิกกิลด์"
TUTORIAL_TEXT_297,"ตรวจสอบรายละเอียดเกี่ยวกับรางวัลอันดับ"
TUTORIAL_TEXT_298,"ตรวจสอบรายละเอียดเกี่ยวกับช่วงการขอเข้าร่วม\nและช่วงการพิชิตสำหรับการพิชิตกิลด์"
TUTORIAL_TEXT_299,"แวะโรงตีเหล็กเพื่อสร้างอุปกรณ์ที่แข็งแกร่งยิ่งขึ้นกว่าเดิม!"
TUTORIAL_TEXT_300,"ยินดีต้อนรับสู่คลังสมบัติ!"
TUTORIAL_TEXT_301,"กำจัดมอนสเตอร์ที่ซ่อนอยู่ในคลังสมบัติเพื่อสมบัติมากมายมหาศาล"
TUTORIAL_TEXT_302,"ดูไอเทมทั้งหมดที่คุณสามารถได้รับจากคลังสมบัติ"
TUTORIAL_TEXT_303,"ใช้ทองคำแท่งแห่งราชินีทองคำในการต่อสู้"
TUTORIAL_TEXT_304,"ทองคำแท่งแห่งราชินีทองคำสามารถสร้างได้\nโดยการเก็บรวมรวบผงทองคำแห่งราชินีทองคำ"
TUTORIAL_TEXT_305,"ทองคำแท่งแห่งราชินีทองคำสามารถสร้าง\nได้ด้วยผงทองคำแห่งราชินีทองคำ 2,000 ชิ้น"
TUTORIAL_TEXT_306,"ผงทองคำแห่งราชินีทองคำสามารถได้รับจากดันเจี้ยนที่ใช้ Stamina"
TUTORIAL_TEXT_307,"คุณได้รับทองคำแท่งแห่งราชินีทองคำ 1 ชิ้น"
TUTORIAL_TEXT_308,"เข้ามาเป็นเจ้าของสมบัติหลากหลายประเภทในคลังสมบัติตอนนี้เลย!"
TUTORIAL_TEXT_309,"ข้อความเตือนจะแสดงก่อนที่มอนสเตอร์บอสจะร่ายสกิลที่ทรงพลัง"
TUTORIAL_TEXT_310,"คุณสามารถใช้สกิลที่ทำให้เกิดสถานะผิดปกติใส่มอนสเตอร์บอส\nเพื่อให้มันหยุดร่ายสกิลที่ทรงพลัง"
TUTORIAL_TEXT_311,"คุณสามารถเปลี่ยน 1 ออพชั่นของอุปกรณ์ได้โดยการหลอมใหม่"
TUTORIAL_TEXT_312,"ออพชั่นเหล่านี้แนะนำสำหรับฮีโร่ที่ทำหน้าที่โจมตีศัตรู"
TUTORIAL_TEXT_313,"ออพชั่นเหล่านี้แนะนำสำหรับฮีโร่ที่ทำหน้าที่ป้องกัน"
TUTORIAL_TEXT_314,"ต่างหูแห่งความมืดที่รวดเร็วจะถูกหลอมใหม่\nเพื่อรับออพชั่นที่เกี่ยวข้องกับคริติคอล"
TUTORIAL_TEXT_315,"คุณสามารถดูออพชั่นปัจจุบันของไอเทมที่เลือกได้"
TUTORIAL_TEXT_316,"ไอเทมจะถูกหลอมใหม่เพื่อเปลี่ยนออพชั่น\nพลังป้องกันเวทมนตร์เป็นออพชั่นที่เกี่ยวข้องกับคริติคอล"
TUTORIAL_TEXT_317,"คุณสามารถหลอมไอเทมใหม่โดยการใช้ตั๋วหลอมใหม่หรือรูบี้"
TUTORIAL_TEXT_318,"คุณสามารถเลือกออพชั่นใหม่ได้หากคุณต้องการ\nหรือเลือกออพชั่นเก่าก็ได้หากคุณไม่พอใจกับออพชั่นใหม่"
TUTORIAL_TEXT_319,"คุณสามารถหลอมได้เฉพาะออพชั่นที่คุณเคยหลอมใหม่ก่อนหน้านี้เท่านั้น"
TUTORIAL_TEXT_320,"คุณสามารถดูออพชั่นที่เปลี่ยนไปของไอเทมที่หลอมใหม่ได้"
TUTORIAL_TEXT_321,"ให้มองหารายละเอียดของ\nออพชั่นอุปกรณ์ในแท็บออพชั่นในความช่วยเหลือ"
TUTORIAL_TEXT_322,"หลอมอุปกรณ์ของคุณใหม่และรับออพชั่นที่คุณต้องการได้เลย!"
TUTORIAL_TEXT_323,"คุณสามารถปรับค่าคุณสมบัติของไอเทมและอัพเกรด\nไอเทมได้ตามที่คุณต้องการ"
TUTORIAL_TEXT_324,"แตะที่ปุ่ม สูงสุด เพื่อดูจำนวนครั้งที่คุณสามารถอัพเกรดไอเทมนั้นๆ"
TUTORIAL_TEXT_325,"ในการต่อสู้เดี่ยว ปาร์ตี้ของคุณจะประกอบด้วยฮีโร่ 8 คน"
TUTORIAL_TEXT_326,"ในการต่อสู้แบบปาร์ตี้ คุณสามารถเข้าร่วมปาร์ตี้ที่มีอยู่หรือตั้งปาร์ตี้\nของคุณเองเพื่อร่วมเล่นกับผู้เล่นคนอื่นๆ"
TUTORIAL_TEXT_327,"ถ้าคุณเคลียร์ด่านแรกของแต่ละแชปเตอร์\nคุณจะสามารถบันทึกตำแหน่งได้"
TUTORIAL_TEXT_328,"ไปยังพื้นที่ไกลๆ ได้อย่างรวดเร็วโดยใช้ประตูมิติ"
TUTORIAL_TEXT_329,"เมื่อเคลียร์ด่านสุดท้ายของแต่ละแชปเตอร์ได้\nประตูมิติสู่แชปเตอร์ถัดไปจะเปิดขึ้น"
TUTORIAL_TEXT_330,"ลองไป Orvel กันเลยดีมั้ย"
TUTORIAL_TEXT_331,"สามารถตรวจสอบวีรบุรุษที่มีอยู่ในรายชื่อวีรบุรุษ"
TUTORIAL_TEXT_332,"สามารถตรวจสอบข้อมูลพื้นฐานและค่าพลังของวีรบุรุษได้ที่ข้อมูลวีรบุรุษ"
TUTORIAL_TEXT_333,"เมื่อเลือกช่องอุปกรณ์จะสามารถดูอุปกรณ์ที่สามารถใส่ได้ตามกำหนดของแต่ละคลาสได้"
TUTORIAL_TEXT_334,"กรุณาเลือกไอเทม"
TUTORIAL_TEXT_335,"สามารถสวมใส่หรืออัพเกรดอุปกรณ์ได้ที่ข้อมูลอุปกรณ์"
TUTORIAL_TEXT_336,"หากเลือกสวมใส่อัตโนมัติ\nจะทำการสวมใส่อุปกรณ์ที่แข็งแกร่งที่สุดจากที่มีอยู่โดยอัตโนมัติ"
TUTORIAL_TEXT_337,"กรุณาสวมใส่อุปกรณ์และลองอัพเกรด"
TUTORIAL_TEXT_338,"สามารถตรวจสอบสกิลของวีรบุรุษได้ที่นี่"
TUTORIAL_TEXT_339,"สามารถเลือกสกิลและอัพเกรดทักษะได้"
TUTORIAL_TEXT_340,"ในการอัพเกรดทักษะสกิลจำเป็นต้องใช้หนังสือสกิล"
TUTORIAL_TEXT_341,"ใช้หนังสือสกิลและลองเรียนรู้ทักษะสกิลดู"
MANUAL_DESC_BATTLE_BATTLEINFO,"สามารถตรวจสอบมอนสเตอร์และรางวัลที่จะได้รับจากการต่อสู้ได้ โปรดระวังว่าหากมีเลเวลไม่ถึงเลเวลที่แนะนำ ระดับความยากของการต่อสู้ [0070C0] อาจสูงมาก [-] สำหรับคุณ [FFFF00] หากดันเจียนยากเกินไป ลองอัพเกรดฮีโร่และอุปกรณ์แล้วลองอีกครั้ง[-] ตรวจสอบข้อมูลดันเจียนแล้วกดที่ปุ่มเตรียมพร้อมต่อสู้"
MANUAL_DESC_BATTLE_PARTYSETTING,"Kings Raid ดำเนินการต่อสู้ด้วยปาร์ตี้ที่ประกอบด้วยสมาชิก[66FFFF] สูงสุด 4 คน [-] แนวหน้าและแนวหลังจะถูกกำหนดให้เหมาะกับคลาสของฮีโร่ และแม้ว่าคลาสจะซ้ำกันก็ยังสามารถสร้างปาร์ตี้ได้ รวบรวมฮีโร่มากๆ และลองจัดตั้งปาร์ตี้ที่ผสานกันอย่างหลากหลายดูนะ"
MANUAL_DESC_SKILL_GETSKILL,"ฮีโร่ทุกคนใน Kings Raid สามารถเรียนรู้ได้ [FFFF00]4 สกิล [-] โดย 3 สกิลจะเป็นสกิลที่สามารถใช้ได้โดยตรง อีกหนึ่งสกิลที่เหลือเป็นสกิลแบบติดตัวที่จะถูกประยุกต์ใช้ไปพร้อมกับการเรียนรู้ รวบรวม [66FFFF] หนังสือสกิล[-]เพื่อเรียนรู้และสัมผัสการต่อสู้ที่รวดเร็วและมีประสิทธิภาพมากขึ้นกัน!"
MANUAL_DESC_SKILL_UPGRADESKILL,"สกิลที่เรียนรู้แล้วสามารถ [66FFFF] อัพเกรด[-] เพื่อเพิ่มอานุภาพได้ ลองใช้[FFFF00]ทอง[-]เพื่ออัพเกรดสกิลตามเลเวลฮีโร่ดู แล้วจะพบว่าสกิลที่แข็งแกร่งสามารถสังหารศัตรูง่ายขึ้น"
MANUAL_DESC_SKILL_AWAKESKILL,"ไม่เพียงอัพเกรดได้ แต่สกิลที่เรียนรู้แล้วยังสามารถ [FFFF00]เสิรมพลัง[-]ได้ด้วย รวบรวม [66FFFF]หนังสือสกิล[-] ที่ใช้ในการเรียนรู้สกิลแล้วเสริมพลังสกิลดู หากใช้ [FF9900]สกิลที่เสริมบัฟหรือดีบัฟหลากหลาย[-] ซึ่งสามารถสร้างความได้เปรียบในการต่อสู้แล้ว แม้แต่ศัตรูที่แข็งแกร่งก็ล้มลงได้ไม่ยาก"
MANUAL_DESC_EQUIPMENT_EQUIP,"สวมใส่ [66FFFF] อุปกรณ์ [-] ที่เหมาะกับคลาสฮีโร่ เมื่อสวมใส่ อาวุธ ชุดเกราะ อุปกรณ์เสริม และเครื่องประดับจะทำให้ฮีโร่แข็งแกร่งขึ้นได้ อาวุธมี 6 ชนิด - [00FF00] ดาบใหญ่, ทวน, มีด, ธนู, ปืน, คฑา [-] (นักเวทย์และนักบวช ใช้อาวุธร่วมกัน) อุปกรณ์ป้องกันและอุปกรณ์เสริมมี 3 ชนิด - [00FF00] เกราะหนัก เกราะเบาและชุดคลุม [-] นอกจากนั้นยังมีเครื่องประดับ 4 ชนิด - [00FF00] แหวน, ต่างหู, สร้อยคอ, และมงกุฎ [-] ที่สามารถสวมได้โดยไม่แบ่งคลาสอีกด้วย"
MANUAL_DESC_EQUIPMENT_UPGRADEEQUIPMENT,"อุปกรณ์ที่ได้รับสามารถเติบโตตามฮีโร่ของคุณได้ ลองใช้วัตถุดิบที่หลากหลายเพื่อ [66FFFF] อัพเกรด [-] อาวุธดู [FF9900] ยิ่งใช้วัตถุดิบระดับสูง ยิ่งอัพเกรดได้มีประสิทธิภาพมากขึ้น[-]ไม่ใช่เพียงประสิทธิภาพของอาวุธที่อัพเกรดขึ้น แต่มียังมีโอกาสเพิ่ม[00FF00] ออปชั่นเพิ่มเติม [-] ให้กับอาวุธ เพื่อให้มีความแข็งแกร่งเพิ่มขึ้นอีกด้วย"
MANUAL_DESC_EQUIPMENT_EQUIPRUNE,"ในอุปกรณ์เฉพาะมีช่องที่สามารถใส่รูนได้ รูนประกอบด้วย 3 ชนิดตามคุณสมบัติคือ โจมตี ป้องกัน และส่งเสริม [FF000] รูนสีแดงชนิดโจมตี [-] ใช้ได้เฉพาะกับอาวุธ [66FFFF] รูนสีน้ำเงินชนิดป้องกัน [-] ใช้ได้เฉพาะกับอุปกรณ์ป้องกัน และ[00FF00] รูนสีเขียวชนิดส่งเสริม[-] ใช้ได้เฉพาะกับอุปกรณ์เสริม"
MANUAL_DESC_AWAKEHERO_HALLOFHERO,"[66FFFF] วิหารอัศวิน[-] ประกอบด้วย [FFFF00]ห้องแห่งการทดสอบ[-] ที่สามารถรับวัตถุดิบที่จำเป็นต่อการวิวัฒนาการได้จากการต่อสู้กับความมืดที่ดำรงอยู่ภายใน และ [FFFF00] ห้องแห่งการชำระ[-]ที่สามารถชำระวัตถุดิบที่ได้รับจากห้องแห่งการทดสอบและวิวัฒนาการได้ เอาชนะความมืดภายในและรับการอวยพรจากเทพธิดาแห่งแสง Lua แล้วเติบโตเป็นฮีโร่ที่แข็งแกร่งยิ่งขึ้น!"
MANUAL_DESC_AWAKEHERO_CLASSSELECT,"ฮีโร่ส่วนใหญ่จะมีตั้งแต่[FF9900] 1 ถึง 5ดาว[-] สามารถเพิ่มดาวที่ครอบครองอยู่ได้ผ่านการวิวัฒนาการ ห้องแห่งการทดสอบคือสถานที่เดียวที่สามารถรับ[66FFFF] ผนึกแห่งความมืด[-] ที่จำเป็นต่อการวิวัฒนาการได้เมื่อเตรียมฮีโร่ที่จะรับการทดสอบพร้อมแล้ว โปรดเลือกห้องที่เหมาะสมกับคลาสของฮีโร่นั้น "
MANUAL_DESC_AWAKEHERO_UNLOCKSEAL,"แต่ละคลาสจะต้องรวบรวม [66FFFF]ชิ้นส่วน 3 ชนิด[-]ตามจำนวนที่กำหนด เพื่อเข้าห้องแห่งการทดสอบ ชิ้นส่วนมีทั้งหมด 7 ชนิด [00FF00] ความยุติธรรม พลัง ปัญญา กลยุทธ์ ความอดทน ความสามัคคี โชค[-] และสามารถ[FF9900]รับได้จากการต่อสู่หรือในร้านค้า[-] เมื่อรวบรวมชิ้นส่วนได้เพียงพอแล้วปลด [FFFF00] ผนึก[-] ดู! ประตูที่เปิดแล้วจะไม่ปิดลงจนกว่าจะสามารถเคลียร์ห้องแห่งการทำสอบได้สำเร็จ"
MANUAL_DESC_AWAKEHERO_SELECTHERO,"ฮีโร่ที่ได้รับ [66FFFF]ผนึกแห่งความมืด[-] จากห้องแห่งการทดสอบสามารถเข้าสู่ห้องแห่งการชำระได้ เลือกฮีโร่ที่ครอบครอง[66FFFF]ผนึกแห่งความมืด[-] แล้วเข้าสู่ห้องแห่งการชำระ ที่ห้องแห่งการชำระนี้ [66FFFF]ผนึกแห่งความมืด[-] จะรับการชำระได้"
MANUAL_DESC_AWAKEHERO_PURIFYHERO,"การชำระล้างความมืดต้องใช้ [FFFF00] ทอง[-] เป็นจำนวนมาก เก็บรวบรวมทองให้เพียงพอแล้วลองเริ่มชำระล้างดู[FF9900]เมื่อเกจชำระล้างถึง 100% ปุ่ม ชำระจะเปลี่ยนเป็นปุ่มวิวัฒนาการ[-] เมื่อแตะที่ปุ่มวิวัฒนาการ ฮีโร่จะรับการวิวัฒนาการและได้รับดาวเพิ่ม ฮีโร่สามารถวิวัฒนาการได้สูงสุดจนถึง 5 ดาว"
MANUAL_DESC_VILLAGE_INTRO,"ที่[FFFF00]Orvel[-] เมืองหลวงแห่งอาณาจักร Orvelia มีฟังก์ชั่นและคอนเทนท์หลากหลายที่จำเป็นต่อฮีโร่จัดเตรียมไว้ เดินไปรอบเมืองและลองใช้ [00FF00]ร้านค้า คุกใต้ดิน,อารีน่า[-]ดูสิ! (ฟังก์ชั่นอื่นๆ ที่ยังไม่เปิดจะทยอยอัพเดทภายหลัง)"
MANUAL_DESC_VILLAGE_SHOP,"มีไอเท็มมากมายขายที่ร้านค้า [00FF00]ตั้งแต่อาวุธ, ชุดเกราะ, อุปกรณ์เสริม, หนังสือสกิล หรือแม้กระทั่งชิ้นส่วน..[-]อะไรนะ? ของหมด? อย่ากังวล  หากใช้ [FF0000] Ruby [-] โดยแตะที่ปุ่มรีเฟรช [FF9900]จะสามารถตรวจสอบสินค้าใหม่ได้ทันที[-] รายการสินค้าจะถูกอัพเดตใหม่ทุกชั่วโมง อย่าลืมไปตรวจสอบรายการสินค้าใหม่บ่อยๆ ล่ะ"
MANUAL_DESC_VILLAGE_PRISON,"[66FFFF] ดันเจียนใต้ดิน[-] คือดันเจียนที่สามารถต่อสู้กับมอนสเตอร์ใหม่ๆ ได้ทุกวัน เลเวลของมอนสเตอร์ขึ้นอยู่กับความยากของเลเวลดันเจี้ยน ดังนั้นจึงควรเตรียมตัวให้ดีก่อนที่จะเข้าไป สามารถรวบรวม [FFFF00] หนังสือสกิล[-]โดยการเคลียร์ดันเจี้ยนใต้ดิน"
MANUAL_DESC_PARTYDUNGEON_PARTYMATCH,"หากลงทะเบียนเพื่อนจะสามารถจัดปาร์ตี้ได้ จัดปาร์ตี้รวมกับเพื่อนๆแล้วไปท้าทายในดันเจียนดูเลย"
MANUAL_DESC_PARTYDUNGEON_PARTYDUNGEON,"มีมอนสเตอร์ที่แข็งแกร่งมากมายในดันเจียน จัดปาร์ตี้รวมกับเพื่อนๆแล้วไปท้าทายในดันเจียนดู ถ้าหากไม่ได้จัดปาร์ตี้จะเข้าเล่น [FF0000]ไม่ได้[-] จำไว้ด้วยล่ะ!"
MANUAL_DESC_PARTYDUNGEON_PARTYREADY,"เมื่อจับคู่ปาร์ตี้กับเพื่อนและเข้าไปในดันเจียนแล้ว จะสามารถตั้ง [66FFFF]ปาร์ตี้ร่วม[-] จากเหล่าฮีโร่ที่ครอบครองอยู่ได้ ลองปรึกษากันแล้วตั้งปาร์ตี้ดู แต่ต้องระวังไว้ว่าหากมี[FF9900]ฮีโร่ที่ซ้ำกัน จะสามารถส่งออกไปได้เพียงคนเดียวเท่านั้น[-] "
MANUAL_DESC_PARTYDUNGEON_BID,"รางวัลที่รับสามารถรับได้หลังเคลียร์ดันเจียนจะถูกแจกจ่าผ่าน [66FFFF]การประมูล[-] หากทั้งสองประมูลไอเทมเดียวกัน [00FF00]รางวัลจะถูกสุ่มส่งไปให้ผู้เล่น 1 คน[-] และอีก 1 คนจะได้รับส่วนหนึ่งในบรรดารางวัลที่เหลือ รับของที่คุณต้องการจริงๆ ผ่านการประมูลแล้วกลายเป็นผู้ชนะที่แท้จริงดูนะ!"
MANUAL_DESC_PIT_INTRO,"ต้องการที่ทดสอบขีดความสามารถของเจ้ากับมอนสเตอร์ที่แข็งแกร่งยิ่งขึ้น? มาที่[FFFF00]สังเวียน[-]สิ มอนสเตอร์ที่มีความแข็งแกร่งในระดับที่เจ้าไม่สามารถพบได้ในการต่อสู้ธรรมดากำลังรออยู่ นอกจากนั้น ที่นี่ยังเป็นสถานที่ ที่สามารถรับ [FFFF00] รางวัลที่มากที่สุด [-] ใน King's Raid ด้วย เอาล่ะ เราไปลุยกันเลยไหม?"
MANUAL_DESC_PIT_SELECTAREA,"สังเวียนถูกแบ่งออกเป็นพื้นที่ 1 ถึงพื้นที่ 5 รวมทั้งหมด [FFFF00] 5 พื้นที่ [-] ต้องเคลียร์พื้นที่ 1 ก่อนเพื่อที่ไปต่อในด่านถัดไปตามลำดับ จำไว้ว่า เจ้าต้องจ่ายเงินจำนวนหนึ่งเป็น [66FFFF] ค่าเข้า [-] ในแต่ละพื้นที่"
MANUAL_DESC_PIT_PARTYSETTING,"ก่อนจะเข้าไปยังสังเวียน จะต้องจัดเรียมทีมอย่างระมัดระวัง [FF9900]ฮีโร่ที่ตายในการต่อสู้จะไม่สามารถเข้าร่วมการต่อสู้ต่อไปได้ [-] นอกจากนี้ [FF0000] HP [-] และ [66FFFF]  MP  [-] ที่เหลือของฮีโร่ที่ยังมีชีวิตจะแสดงเมื่อจบต่อสู้แต่ละครั้ง"
MANUAL_DESC_PIT_CONTINUE,"หลังจากจบการต่อสู้ที่เกิดในพื้นที่หนึ่งแล้ว และจะทำการต่อสู้ถัดไป [FF9900] ฮีโร่จะเข้าต่อสู้ด้วย HP และ  MP ที่เหลือจากการต่อสู้ครั้งก่อน [-] ถ้าฮีโร่ [FF0000] สูญเสียความสามารถในการต่อสู้ [-]จะไม่สามารถเข้าร่วมการต่อสู้ต่อไปได้ ก่อนที่เจ้าจะเริ่มการต่อสู้ถัดไปให้เลือกฮีโร่คนอื่นเพื่อรวมไว้ในทีม"
MANUAL_DESC_PIT_REWARDRESET,"หากเริ่ม [00FF00]การท้ายในสังเวียนของพื้นที่อื่น [-] แล้ว สังเวียนที่ได้ท้าทายก่อนหน้านั้นจะไม่สามารถเข้าได้อีก ต้องทำการ [FFFF00] รีเซ็ต [-] เท่านั้น นอกจากนี้ หาก [00FF00]เคลียร์ทุกพื้นที่ของสังเวียน[-]หมดแล้ว หรืออยาก [00FF00]ท้าทายใหม่ตั้งแต่ต้น[-] ในสังเวียนของพื้นที่ที่เคลียร์ไปแล้ว ก็ต้องทำการรีเซ็ตเท่านั้น วิธีการรีเซ็ต ทำได้โดย [66FFFF]ใช้ทองบังคับรีเซ็ตหรือรอรีเซ็ตอัตโนมัติวันละ 1 ครั้ง[-]"
MANUAL_DESC_QUEST_INTRO,"ใน Kings Raid[FFFF00] เควส [-] หลากหลายจัดเตรียมไว้ เควสจำนวนมากที่สามารถพบได้ในหลายๆ ที่ เรื่องราวใน Kings Raid จะ เปิดเผยออกมาจากเนื่อหาและองค์ประกอบแต่ละอย่างนี้ และแน่นอนว่ามีรางวัลให้ด้วย!"
MANUAL_DESC_QUEST_OCCUR,"เควสสามารถเกิดขึ้นได้ในหลากหลายสถานที่ [00FF00] หมู่บ้าน พื้นที่ต่างๆ รวมถึงคนขายของ หรือแม้แต่มอนสเตอร์ [-] ก็สามารถมอบเควสให้ได้ อย่าลืมตั้งใจมองไปรอบๆ อยู่ตลอดล่ะ"
MANUAL_DESC_QUEST_ACCEPT,"หากมีเควสเกิดขึ้น จะสามารถรับ [66FFFF] ยอมรับ [-] ในพื้นที่นั้นได้ โดยเควสนั้นไม่ใช่เพียงล่ามอนสเตอร์เท่านั้น แต่ยังมีเป้าหมายอื่นๆ เช่น รวบรวมไอเทม สำรวจพื้นที่ด้วย เตรียมตัวอย่างรอบคอบให้เหมาะสมกับเควสแล้วไปทำเควสให้สำเร็จกันเลย"
MANUAL_DESC_QUEST_COMPLETE,"เมื่อเควสสำเร็จ ในหน้าต่างเควสจะปรากฏปุ่ม [00FF00] นำไปยังจุดที่เควสสำเร็จ [-] หรือ  [00FF00]ปุ่มที่สามารถทำให้สำเร็จได้ทันทีโดยไม่ต้องเคลื่อนที่[-] ขึ้น ทีนี้ก็ได้เวลารับของรางวัลแล้ว!"
MANUAL_DESC_TOWER_INTRO,"ใน Kings Raid มี[FFFF00] หอคอยคู่ [-]ที่สูงใหญ่และงดงามตั้งตระหง่านอยู่ [66FFFF] หอคอยแห่งการทดสอบตั้งอยู่ในเขตวิหารอัศวิน[-] และ [66FFFF] หอคอยแห่งการฝึกฝนตั้งอยู่ในพื้นที่พิเศษ[-] ที่ละ 1 หอ ลองขึ้นไปบนหอคอยวันละครั้งเพื่อวัดพลังในการต่อสู้ของฮีโร่และรับของรางวัลหลากหลายเป็นของแถมได้เลย!"
MANUAL_DESC_TOWER_TOWEROFTRIAL,"เหล่าฮีโร่เผชิญหน้ากับ [66FFFF] ความมืดภายในจิตใจ [-] ที่หอคอยแห่งการทดสอบ [66FFFF] วันละ 1 ครั้ง [-] เมื่อเอาชนะความมืดภายในและเริ่มขึ้นสู่หอคอย จะได้รับ [00FF00]ชิ้นส่วน[-]ที่จำเป็นต่อการเปิดห้องแห่งการทดสอบ  และ [FFFF00] ทอง[-]ที่จำเป็นต่อการชำระผลึกแห่งความมืด รวมทั้ง [FF9900]ตั๋วแลกเปลี่ยน[-] ที่สามารถใช้ในร้านค้าหอคอยเพื่อแลกเป็นอุปกรณ์หลากหลายได้"
MANUAL_DESC_TOWER_TOWEROFTRAINING,"เหล่าฮีโร่สามารถรับการฝึกฝนเพื่อแข็งแกร่งขึ้นได้ [66FFFF]วันละ 1 ครั้ง[-]  ที่หอคอยแห่งการฝึกฝน เมื่อเอาชนะศัตรูหลากหลายและเคลียร์จนถึงชั้นสุดท้ายแล้ว จะสามารถรับ [FF9900]ตั๋วแลกเปลี่ยน[-] ที่ใช้เฉพาะหอคอยและรางวัลต่างๆ ได้"
MANUAL_DESC_ARENA_INDIVIDUAL,"หลังจากจัดทีมด้วยฮีโร่ 4 คนที่ครอบครองอยู่แล้ว สามารถเปิด [FFFF00]การต่อสู้แบบ 1 ต่อ 1[-]กับผู้เล่นคนอื่นที่เหมาะกับ[66FFFF]อันดับอารีน่า[-]ของคุณได้"
MANUAL_DESC_ARENA_COOPERATIVE,"จัดปาร์ตี้ร่วมกับเพื่นที่ชอบและสามารถเปิด[FFFF00] การต่อสู้ร่วม [-] ได้ รวมพลังกับเพื่อนเปิดการต่อสู้สุดเดือดกับปาร์ตี้อื่นด้วย [66FFFF]ฮีโร่สูงสุด 8 คน[-] แล้วรับของรางวัลที่มากขึ้นไปเลย!"
MANUAL_DESC_ARENA_TOTAL,"อะไรนะ มีฮีโร่มากเกินไปจนมีปัญหาในการเลือกฮีโร่สำหรับตั้งทีม? ไม่ต้องกังวล [FFFF00] เราจะใช้พวกเขาทั้งหมด! [-] เมื่อหนึ่งใน 4 ของฮีโร่ในทีม [FF0000] ไม่สามารถต่อสู้ต่อไปได้ [-] สามารถแทนที่ [FF9900]ฮีโร่คนนั้นด้วยอีกคน[-] ได้ ใช้[66FFFF]ฮีโร่สูงสุด 8 คน[-]แสดงวิญญาณนักสู้ออกมาให้เต็มที่เลย !"
TUTORIAL_OLD_TEXT_117,"ท้องพระคลังที่โอ้อวดถึงประวัติศาสตร์อันแสนยาวนานของ  Orvelia\n\nนอกจากที่ค้นพบจนถึงตอนนี้แล้ว ยังมีที่อยู่ลึกลงไปใต้ดินอีก"
TUTORIAL_OLD_TEXT_118,"สมบัติทั้งหมดของราชวงศ์ถูกเก็บไว้ที่นี่\n\nแต่เพราะปีศาจปรากฏกายออกมาจึงเกิดปัญหาขึ้น"
TUTORIAL_ROYALMAZE_01,"เจ้าพอจะมีเวลาว่างบ้างมั้ย"
TUTORIAL_ROYALMAZE_02,"ว่าไง มีอะไรให้ข้าช่วยเหรอ"
TUTORIAL_ROYALMAZE_03,"Clause เล่าเรื่องที่เจ้าต่อสู้กับเหล่าปีศาจให้ข้าฟัง"
TUTORIAL_ROYALMAZE_04,"และข้ายังได้เห็นฝีมือของเจ้าที่ท้องพระคลังโบราณด้วย"
TUTORIAL_ROYALMAZE_05,"นั่นคือเหตุผลที่ทำให้ข้าอยากจะขออะไรบางอย่างที่มีแค่เจ้าเพียงคนเดียวเท่านั้นที่ทำได้"
TUTORIAL_ROYALMAZE_06,"อะไรบางอย่างที่มีแค่เราเท่านั้นที่ทำได้งั้นเหรอ"
TUTORIAL_ROYALMAZE_07,"ข้าจะไม่พูดอ้อมค้อมละนะ เราต้องการฮีโร่ที่แข็งแกร่งเช่นเจ้า"
TUTORIAL_ROYALMAZE_08,"โปรดไปที่เขาวงกตหลวงใต้ดิน"
TUTORIAL_ROYALMAZE_09,"มันช่างน่าอาย แต่ในตอนนี้สถานที่ศักดิ์สิทธิ์แห่งนั้นเต็มไปด้วยปีศาจ"
TUTORIAL_ROYALMAZE_10,"เดี๋ยวนะ!!! ข้าไม่เคยรู้เกี่ยวกับสถานที่เช่นนั้นใต้พระราชวังหลวงเลย"
TUTORIAL_ROYALMAZE_11,"แน่นอน เจ้าต้องไม่รู้อยู่แล้ว ข้าก็เพิ่งรู้เมื่อไม่นานมานี้เหมือนกัน..."
TUTORIAL_ROYALMAZE_12,"สถานที่แห่งนั้นคือแท่นบูชาของผู้พิทักษ์ มีเพียงแค่ราชวงศ์เท่านั้นที่รู้จัก"
TUTORIAL_ROYALMAZE_13,"มันเป็นสถานที่สำหรับบูชาผู้พิทักษ์ที่ปกป้องดินแดนแห่งนี้และเหล่าฮีโร่ที่ร่วมรบกับผู้พิทักษ์เหล่านั้น"
TUTORIAL_ROYALMAZE_14,"ทำไมพวกเขาถึงต้องซ่อนสถานที่สำคัญเช่นนี้ไว้ด้วยล่ะ"
TUTORIAL_ROYALMAZE_15,"มีสมบัติที่อาบด้วยจิตวิญญาณของเหล่าผู้พิทักษ์ ซึ่งเรียกกันว่าชิ้นส่วนความทรงจำ"
TUTORIAL_ROYALMAZE_16,"ผู้พิทักษ์ไม่สามารถปล่อยให้สมบัติที่ทรงพลังนี้ตกไปอยู่ในมือของคนชั่วได้"
TUTORIAL_ROYALMAZE_17,"พวกเขาจึงตัดสินใจที่จะปิดผนึกพลังนั้นไว้ โดยที่พวกเขาเองก็ไม่ใช้มัน"
TUTORIAL_ROYALMAZE_18,"โอ้ ด้วยชิ้นส่วนที่ทรงพลังเช่นนั้น ข้าจะเสริมพลังเวทมนตร์เพลิงของข้าได้อย่างแน่นอนเลย!"
TUTORIAL_ROYALMAZE_19,"แปลกจริงๆ นะ พวกปีศาจเข้าไปอยู่ในสถานที่ที่ลึกแบบนั้นได้ยังไงกัน..."
TUTORIAL_ROYALMAZE_20,"มีเสียงสะท้อนดังก้องอยู่ใต้ดินมาสักพักแล้ว"
TUTORIAL_ROYALMAZE_21,"ต้องมีรอยแยกมิติเปิดขึ้นรอบๆ แท่นบูชาแน่ๆ ปีศาจทรงพลังบางตนเล็ดลอดออกมาจากรอยแยกเหล่านั้น..."
TUTORIAL_ROYALMAZE_22,"รอยแยกมิติ... อย่างงี้นี่เอง..."
TUTORIAL_ROYALMAZE_23,"อัศวินผู้พิทักษ์ไม่สามารถจัดการกับพวกปีศาจได้ด้วยตัวเอง..."
TUTORIAL_ROYALMAZE_24,"ได้โปรดช่วยเราด้วย"
TUTORIAL_ROYALMAZE_25,"หากเป็นเรื่องพวกนี้ เรายินดีช่วยอยู่แล้ว"
TUTORIAL_ROYALMAZE_26,"เดี๋ยวนะ! ข้ายังไม่ได้ตกลงเลยนะ"
TUTORIAL_ROYALMAZE_27,"เราไม่ใช่อัศวินด้วยซ้ำ พวกเราไม่จำเป็นต้องไปเสี่ยงชีวิตในที่ที่อันตรายแบบนั้น"
TUTORIAL_ROYALMAZE_28,"เงียบน่า! Roi! ฟังนะ สถานที่นั่นมีวิญญาณของผู้พิทักษ์!!! นั่นหมายความว่ามันเต็มไปด้วยเวทมนตร์ที่ทรงพลัง!"
TUTORIAL_ROYALMAZE_29,"แน่นอน เราจะไม่ขอให้เจ้าช่วยเราฟรีๆ หรอกนะ"
TUTORIAL_ROYALMAZE_30,"องค์หญิง Scarlet เคยบอกกับเราว่า 'หากเรามัวแต่กลัวที่จะใช้พลังที่ยิ่งใหญ่ เราก็จะแก้ปัญหาอะไรไม่ได้เลย'"
TUTORIAL_ROYALMAZE_31,"นั่นคือเหตุผลที่นางจะอนุญาตให้ผู้ที่กำจัดปีศาจได้เก็บชิ้นส่วนความทรงจำไว้"
TUTORIAL_ROYALMAZE_32,"ชิ้นส่วนความทรงจำทั้งหมดที่เจ้าเก็บได้จากที่นั่นจะเป็นของเจ้า"
TUTORIAL_ROYALMAZE_33,"เยี่ยมไปเลย!!! งั้นถือว่าเราตกลงกันแล้วนะ! นำทางไปเลยจ้า! Roi!"
TUTORIAL_ROYALMAZE_34,"(สลดใจ) *เฮ้อ...* เจ้านี่มัน..."
TUTORIAL_ROYALMAZE_35,"ใช่แล้ว ปีศาจพวกนั้นที่อยู่ในแท่นบูชาของผู้พิทักษ์... พวกมันจะทำตามอำเภอใจไม่ได้!"
TUTORIAL_ROYALMAZE_36,"ทุกคนเห็นด้วยใช่มั้ย โอเค! งั้น..."
TUTORIAL_ROYALMAZE_37,"เดี๋ยวก่อน ข้าอยากเตือนเจ้าไว้สักหน่อย แท่นบูชาเป็นเหมือนเขาวงกต ดังนั้นเจ้าจะหาทางออกได้ไม่ง่ายเลย"
TUTORIAL_ROYALMAZE_38,"ในการที่จะผ่านไปได้ เจ้าจะต้องใช้ฮีโร่ที่มีสายอาชีพเดียวกันกับผู้พิทักษ์แห่งเขาวงกต"
TUTORIAL_ROYALMAZE_39,"อย่าลืมสิ่งที่ข้าบอกล่ะ"
TUTORIAL_ROYALMAZE_40,"เข้าใจแล้ว แล้วเราจะกลับมานะ"
TUTORIAL_ROYALMAZE_41,"โปรดระวังตัวให้ดี"
TUTORIAL_ROYALMAZE_42,"ผู้พิทักษ์โบราณ... โปรดนำพาเกียรติยศมาให้พวกเขาด้วย!"
TUTORIAL_SKIP_NAME_001,"ร้านค้าของ May"
TUTORIAL_SKIP_DESC_001,"คุณสามารถซื้อไอเทมต่างๆ ได้ที่ร้านค้าของ May\nจะเติมไอเทมใหม่ทุกๆ ชั่วโมง\nและคุณสามารถเลือกดูไอเทมใหม่ได้ทันทีโดยใช้รูบี้"
TUTORIAL_SKIP_NAME_002,"คุกใต้ดิน"
TUTORIAL_SKIP_DESC_002,"มอนสเตอร์ต่างๆ จะปรากฏตัวในพื้นที่ต่างๆ ของดันเจี้ยน\nเมื่อฆ่ามอนสเตอร์ได้ คุณอาจจะได้รับหนังสือสกิล\nซึ่งจำเป็นในการอัพเกรดคุณสมบัติสกิลของฮีโร่ของคุณ"
TUTORIAL_SKIP_NAME_003,"อารีน่า"
TUTORIAL_SKIP_DESC_003,"ที่อารีน่า คุณสามารถเข้าร่วมในลีกแห่งชัยชนะและลีกแห่งเกียรติยศได้\n\n[ลีกแห่งชัยชนะ]\nในลีกแห่งชัยชนะ คุณสามารถจัดตั้งปาร์ตี้ที่มีฮีโร่ 4 คน\nและต่อสู้กับผู้เล่นคนอื่นๆ แบบเรียลไทม์\n\n[ลีกแห่งเกียรติยศ]\nคุณสามารถเข้าร่วมในลีกแห่งเกียรติยศได้เมื่อคุณมีฮีโร่มากกว่า 12 คน\nผู้เล่นแต่ละคนสามารถเลือกฮีโร่ที่จะไม่ใช้งาน\nและฮีโร่ 4 คนที่จะรวมในปาร์ตี้ก่อนเริ่มการต่อสู้"
TUTORIAL_SKIP_NAME_004,"โรงตีเหล็ก"
TUTORIAL_SKIP_DESC_004,"ที่โรงตีเหล็ก คุณสามารถใช้ วิวัฒนาการอุปกรณ์, การอัพเกรดออพชั่น, หลอมอุปกรณ์ใหม่, มนตรา, พัฒนาระดับอุปกรณ์\nเพื่อรับอุปกรณ์ที่แข็งแกร่งขึ้นได้\nนอกจากนี้ คุณยังสามารถใช้เหรียญเรดที่ร้านค้าเรด\nเพื่อซื้ออุปกรณ์และไอเทมมังกรได้อีกด้วย"
TUTORIAL_SKIP_NAME_005,"หอคอยแห่งความท้าทาย"
TUTORIAL_SKIP_DESC_005,"ที่หอคอยแห่งความท้าทาย คุณสามารถรับไอเทมที่ดีกว่าเดิมและ\nชิ้นส่วนวัตถุโบราณมากยิ่งขึ้นในขณะที่คุณคืบหน้าไปยังชั้นที่สูงขึ้น\nถ้าคุณเคลียร์ชั้นซ้ำ คุณสามารถรับชิ้นส่วนวัตถุโบราณได้\nการเข้าหอคอยแห่งความท้าทายจะรีชาร์จ 1 ครั้งในทุกๆ 2 ชั่วโมง\n\nคุณสามารถรับวัตถุโบราณได้โดยการเก็บชิ้นส่วนวัตถุโบราณ 1,000 ชิ้นและใช้การฟื้นฟูวัตถุโบราณ"
TUTORIAL_SKIP_NAME_006,"หอคอยแห่งการพิสูจน์ตน"
TUTORIAL_SKIP_DESC_006,"เมื่อฮีโร่ที่คุณครอบครองถึงระดับวิวัฒนาการ 5 คุณสามารถเข้าหอคอยแห่งการพิสูจน์ตนได้ผ่านทางวิหารฮีโร่\nคุณสามารถรับวัตถุดิบต่างๆ ที่จำเป็นสำหรับการวิวัฒนาการและจุติฮีโร่ได้\nหอคอยแห่งการพิสูจน์ตนจะรีเซ็ตทุกๆ วันจันทร์ในเวลา 12:00 น."
TUTORIAL_SKIP_NAME_007,"บอสโลก"
TUTORIAL_SKIP_DESC_007,"คุณสามารถจัดตั้งทีมหลักและทีมย่อยได้ด้วยฮีโร่รวมทั้งหมด 8 คนเพื่อต่อสู้กับมอนสเตอร์บอสโลก\nความเสียหายโดยรวมที่สร้างแก่บอสโลก\nจะกำหนดอันดับของคุณ รวมถึงรางวัลที่คุณสามารถรับได้\n\nการเข้าเล่นบอสโลกจะรีเซ็ตทุกวัน"
TUTORIAL_SKIP_NAME_008,"เครื่องมืออุปกรณ์และการอัพเกรด"
TUTORIAL_SKIP_DESC_008,"[เครื่องมืออุปกรณ์]\nเมื่อคุณเลือกสล็อตอุปกรณ์ คุณสามารถดูรายการของอุปกรณ์ที่สามารถสวมใส่ได้\nอุปกรณ์ที่ดีกว่าอันที่กำลังสวมใส่อยู่จะถูกกำกับด้วยลูกศรบนไอคอนของอุปกรณ์นั้น\nคุณสามารถสวมใส่อุปกรณ์ได้โดยการใช้ปุ่มสวมใส่และปุ่มสวมใส่อัตโนมัติ\n\n[การอัพเกรดอุปกรณ์]\nหลังจากที่คุณเลือกอุปกรณ์และแตะที่ปุ่มอัพเกรดแล้ว คุณสามารถตั้งค่าคุณสมบัติการอัพเกรด และอัพเกรดไอเทมตามที่คุณต้องการ\nต้องใช้ทองเพื่ออัพเกรดอุปกรณ์"
TUTORIAL_SKIP_NAME_009,"การอัพเกรดคุณสมบัติสกิล"
TUTORIAL_SKIP_DESC_009,"[การอัพเกรดคุณสมบัติสกิล]\nสกิลมีคุณสมบัติที่สามารถอัพเกรดได้ด้วยหนังสือสกิล\nอาชีพของฮีโร่และประเภทของสกิลที่แตกต่างกันต้องใช้หนังสือสกิลที่แตกต่างกัน"
TUTORIAL_SKIP_NAME_010,"ร้านค้าพิเศษ"
TUTORIAL_SKIP_DESC_010,"ที่ร้านค้าพิเศษ คุณสามารถซื้อฮีโร่, ไอเทมการเติบโต, อุปกรณ์ และคอสตูมได้โดยใช้รูบี้หรือทอง\nคุณยังสามารถซื้อไอเทมและแพ็คเกจที่เป็นประโยชน์สำหรับการเติบโตของฮีโร่ได้ด้วย"
TUTORIAL_SKIP_NAME_011,"ดันเจี้ยนระดับสูง"
TUTORIAL_SKIP_DESC_011,"ในดันเจี้ยนระดับสูง คุณสามารถรับชิ้นส่วนที่จำเป็นสำหรับการวิวัฒนาการฮีโร่ได้\nดันเจี้ยนระดับสูงแต่ละแห่งมี 7 ด่าน\nและประเภทของชิ้นส่วนแตกต่างกันไปตามดันเจี้ยน"
TUTORIAL_SKIP_NAME_012,"รางวัลสำเร็จสำหรับแชปเตอร์"
TUTORIAL_SKIP_DESC_012,"แต่ละแชปเตอร์จะมีโหมดง่าย ปกติ ยาก และนรก\nถ้าคุณเคลียร์แชปเตอร์หนึ่งได้ด้วย 3 ดาวในทุกระดับความยาก\nคุณจะสามารถรับรางวัลสำเร็จสำหรับแชปเตอร์ได้\n\nเมื่อเคลียร์ด่านที่ 21 ของแชปเตอร์ 6 ได้ จะสามารถเลือกโหมดนรกได้ในแชปเตอร์ 1 ถึง 6\nโหมดนรกสำหรับหลังแชปเตอร์ที่ 6 จะมีให้เล่นเมื่อเคลียร์ด่านสุดท้ายในโหมดยากได้"
TUTORIAL_SKIP_NAME_013,"ท้องพระคลังโบราณ"
TUTORIAL_SKIP_DESC_013,"คุณสามารถรับทองจำนวนมากได้เมื่อคุณปราบมอนสเตอร์ที่ท้องพระคลัง"
TUTORIAL_SKIP_NAME_014,"กิลด์"
TUTORIAL_SKIP_DESC_014,"คุณสามารถสร้างหรือเข้าร่วมกิลด์เพื่อเพลิดเพลินกับประโยชน์ต่างๆ และก่อตั้งสังคมกับผู้เล่นคนอื่นๆ\nคุณสามารถเข้าร่วมในเรดกิลด์และการพิชิตกิลด์ และซื้อไอเทมต่างๆ ได้ที่ร้านค้ากิลด์"
TUTORIAL_SKIP_NAME_015,"เรดมังกร"
TUTORIAL_SKIP_DESC_015,"คุณสามารถสร้างปาร์ตี้กับผู้เล่นคนอื่นๆ และเข้าร่วมการต่อสู้กับมังกรแบบเรียลไทม์ได้\nคุณสามารถรับไอเทมในตำนานซึ่งมีเซ็ตออพชั่นที่แตกต่างกันตามประเภทของมังกรทั้ง 4 \nจำนวนเหรียญเรด โอกาสดร็อปไอเทม และระดับของไอเทมจะเพิ่มขึ้นตามระดับที่สูงขึ้นไป\n\nคุณจะได้รับม้วนหนังสือมนตราในโหมดยาก เพื่ออัพเกรดอุปกรณ์ของคุณ\nคุณสามารถซื้ออุปกรณ์และไอเทมได้ด้วยเหรียญมังกรที่ร้านค้าเรดซึ่งตั้งอยู่ข้างในโรงตีเหล็ก"
TUTORIAL_SKIP_NAME_016,"เขาวงกตหลวงใต้ดิน"
TUTORIAL_SKIP_DESC_016,"เขาวงกตใต้ดินมีดันเจี้ยนรวมทั้งหมด 7 แห่ง และแต่ละแห่งจะมีการจำกัดอาชีพ\nคุณสามารถรับชิ้นส่วนความทรงจำได้ถ้าคุณชนะการต่อสู้\nซึ่งคุณสามารถแลกเปลี่ยนเป็นตั๋วสมบัติเฉพาะแบบสุ่มได้ผ่านการสร้าง"
TUTORIAL_SKIP_NAME_017,"กองบัญชาการกิลด์ – จัดการการก่อสร้าง"
TUTORIAL_SKIP_DESC_017,"คุณสามารถเลเวลอัพสิ่งก่อสร้างแต่ละแห่งที่มีหน้าที่แตกต่างกันภายในเขตกิลด์ได้\nคุณต้องลงทุนวัตถุดิบการก่อสร้าง (ไม้, หิน, เหล็ก) เพื่อเลเวลอัพสิ่งก่อสร้าง\nคุณสามารถรับวัตถุดิบการก่อสร้างได้ในเรดกิลด์และการพิชิตกิลด์"
TUTORIAL_SKIP_NAME_018,"ศูนย์บัญชาการ"
TUTORIAL_SKIP_DESC_018,"ศูนย์บัญชาการจะช่วยในการอัพเกรดสกิลต่างๆที่เป็นประโยชน์ในการต่อสู้ของวีรบุรุษ\nโดยจะใช้แต้มกิจกรรมและแต้มการพิชิตที่กิลด์สะสมไว้\nและหัวหน้ากิลด์สามารถอัพเกรดสกิลหรือรีเซ็ตสกิลกิลด์ทั้งหมดที่รับมาได้"
TUTORIAL_SKIP_NAME_019,"การพิชิตกิลด์"
TUTORIAL_SKIP_DESC_019,"กิลด์จำนวนสูงสุด 4 กิลด์สามารถเข้าร่วมในการต่อสู้กับบอสในการพิชิตกิลด์\nมีระยะเวลาการขอการเข้าร่วมและระยะเวลาการพิชิตก่อนที่การต่อสู้จะเริ่มขึ้น และคุณสามารถเชิญสมาชิกกิลด์ของคุณมาเข้าร่วมการต่อสู้ได้\nคุณสามารถรับรางวัลการเข้าร่วมและรางวัลอื่นๆ ตามอันดับการพิชิตและอันดับซีซั่นเมื่อจบซีซั่น"
TUTORIAL_SKIP_NAME_020,"คลังสมบัติ"
TUTORIAL_SKIP_DESC_020,"คุณสามารถได้รับอุปกรณ์ในตำนานจำนวนมากจากคลังสมบัติ\nคุณสามารถเก็บรวบรวมผงทองคำแห่งราชินีทองคำเพื่อนำไปสร้างเป็นทองคำแท่งแห่งราชินีทองคำ ซึ่งคุณจะสามารถใช้เพื่อรับสิทธิ์การเข้าคลังสมบัติ\nคุณสามารถได้รับผงทองคำแห่งราชินีทองคำจากดันเจี้ยนที่ใช้ Stamina"
TUTORIAL_TREASURESPOT_1,"*แฮ่ก แฮ่ก* ข้าต้องบอกเรื่องนี้... ให้ราชินี"
TUTORIAL_TREASURESPOT_2,"หยุดเดี๋ยวนี้นะ!"
TUTORIAL_TREASURESPOT_3,"ทำไมมนุษย์กิ้งก่านั่นถึงได้... วิ่งหนีมายังสถานที่แบบนี้นะ"
TUTORIAL_TREASURESPOT_4,"น่าสงสัยมาก Izakerr หัวหน้าของพวกมันก็ตายไปแล้ว... เขากำลังไปที่ไหนกัน"
TUTORIAL_TREASURESPOT_5,"หยุดวิ่งนะ! ข้าจะจับเจ้าไปทำกิ้งก่าย่างซะ!"
TUTORIAL_TREASURESPOT_6,"ช่างเถอะ แค่ยอมแพ้ซะก็พอ"
TUTORIAL_TREASURESPOT_7,"อ่า... สหัสวรรษของเราจะมาพังไม่เป็นท่าแบบนี้ไม่ได้"
TUTORIAL_TREASURESPOT_8,"ย้าาาาาก!"
TUTORIAL_TREASURESPOT_9,"ว้าว! มันดีสำหรับการเผาผลาญจริงๆ นะเนี่ย"
TUTORIAL_TREASURESPOT_10,"ข้าคิดว่าเราไม่เจอข้อมูลอะไรที่นี่หรอก"
TUTORIAL_TREASURESPOT_11,"ในนามของเทพธิดา..."
TUTORIAL_TREASURESPOT_12,"ดูสิ! มีตัวหนังสือบางอย่างตรงที่มนุษย์กิ้งก่าเคยอยู่แน่ะ!"
TUTORIAL_TREASURESPOT_13,"Frey นี่เขียนในภาษาโบราณไม่ใช่เหรอ"
TUTORIAL_TREASURESPOT_14,"ขอข้าดูหน่อยนะ Kasel อืม... มันดูเหมือนภาษาเขียนโบราณจริงๆ นั่นแหละ"
TUTORIAL_TREASURESPOT_15,"แต่ข้าไม่เคยเห็นตัวหนังสือแบบนี้มาก่อนเลยนะ"
TUTORIAL_TREASURESPOT_16,"ช่วงเวลาแบบนี้แหละที่เจ้าต้องมี Archmage! Frey ขอข้าดูหน่อย"
TUTORIAL_TREASURESPOT_17,"อืม... ระบบการเขียนแบบนี้ใช้ในยุคทอง"
TUTORIAL_TREASURESPOT_18,"เมื่อนานมาแล้วในตอนที่ทะเลทราย Aegina แห่งนี้เคยเป็นมหาสมุทร..."
TUTORIAL_TREASURESPOT_19,"เจ้ารู้เรื่องนั้นได้ยังไง"
TUTORIAL_TREASURESPOT_20,"แน่ละว่าข้าเรียนรู้มันมาจากในหนังสือต้องห้ามจากอาจารย์ของข้า"
TUTORIAL_TREASURESPOT_21,"มันลำบากลำบนทีเดียวกับการงัดแงะล็อคและปลดผนึกเวทมนตร์พวกนั้นทั้งหมดเพื่อให้ข้าสามารถอ่านหนังสือนั่นได้"
TUTORIAL_TREASURESPOT_22,"...ยอดเยี่ยมไปเลย แล้วมันบอกว่ายังไงบ้างล่ะ"
TUTORIAL_TREASURESPOT_23,"ขอข้าดูหน่อยนะ ใช่แล้ว! มันบอกว่าที่ไหนสักแห่งแถวนี้คือคลังสมบัติของราชินีทองคำ"
TUTORIAL_TREASURESPOT_24,"ทุกอย่างที่ราชินีจุมพิต พวกมันจะกลายเป็นทอง... จริงเหรอเนี่ย"
TUTORIAL_TREASURESPOT_25,"ว้าว! ถ้านั่นเป็นความจริง พวกเราก็กำลังจะเจอสมบัติ!"
TUTORIAL_TREASURESPOT_26,"เดี๋ยวก่อน! คนที่ชิงทองไป พวกเขาจะต้องกลายเป็นทาสของเธอ..."
TUTORIAL_TREASURESPOT_27,"และมีความปรารถนาทองสำหรับสหัสวรรษของราชินีไปตลอดกาล... มันบอกไว้ว่าอย่างนั้น"
TUTORIAL_TREASURESPOT_28,"สหัสวรรษ... และความปรารถนาทอง... นั่นคือสิ่งที่เกิดขึ้นกับ Izakerr หรือเปล่า"
TUTORIAL_TREASURESPOT_29,"สรุปว่านี่คือพลังแห่งความมืดที่ควบคุม Izakerr ไว้สินะ"
TUTORIAL_TREASURESPOT_30,"ใช่แล้ว มันคือคำสาปที่ทำให้เขามีความโลภซึ่งไม่มีที่สิ้นสุด"
TUTORIAL_TREASURESPOT_31,"ตอนนี้ข้ารู้สึกสงสารเขานิดหน่อยแฮะ"
TUTORIAL_TREASURESPOT_32,"ไปสู่สุคตินะ..."
TUTORIAL_TREASURESPOT_33,"ไม่เป็นไรหรอก ตอนนี้เราก็ได้รู้เรื่องพลังมืดที่ก่อให้เกิดเรื่องนี้ขึ้นสักที"
TUTORIAL_TREASURESPOT_34,"ไม่ เดี๋ยวก่อน!"
TUTORIAL_TREASURESPOT_35,"มีอะไรเหรอ Roi"
TUTORIAL_TREASURESPOT_36,"มีสมบัติขนาดใหญ่โตมโหฬารอยู่แถวนี้"
TUTORIAL_TREASURESPOT_37,"แล้วเราก็กำลังปล่อยมันทิ้งไว้แบบนี้น่ะเหรอ"
TUTORIAL_TREASURESPOT_38,"อืม... เราควรเลิกออกนอกลู่นอกทางแล้วเตรียมตัวสำหรับการต่อสู้ครั้งถัดไปของเราไม่ดีกว่าเหรอ"
TUTORIAL_TREASURESPOT_39,"เราไม่สามารถไปตามล่าสมบัติได้หรอกนะ... ฮ่าฮ่า"
TUTORIAL_TREASURESPOT_40,"Kasel พูดถูก! เราไม่มีเวลาสำหรับเรื่องนั้นในตอนนี้!"
TUTORIAL_TREASURESPOT_41,"ข้าเห็นด้วย Roi... เราไม่ควรเสียเวลาจริงๆ"
TUTORIAL_TREASURESPOT_42,"พวกเจ้า... พูดว่าอะไร..."
TUTORIAL_TREASURESPOT_43,"นะเมื่อกี้..."
TUTORIAL_TREASURESPOT_44,"หืม"
TUTORIAL_TREASURESPOT_45,"ฮ่าฮ่า... ทำไม่ได้เหรอ ก็ได้ ขอข้าบอกหน่อยแล้วกันว่าเรากำลังเจอกับสถานการณ์แบบไหนอยู่"
TUTORIAL_TREASURESPOT_46,"ก่อนอื่นเลย Cleo เจ้า!"
TUTORIAL_TREASURESPOT_47,"เจ้ารู้บ้างหรือเปล่าว่าสารเร่งปฏิกิริยานั้นราคาเท่าไรตอนที่เจ้าใช้เวทมนตร์ไฟอย่างหน้ามืดตามัวน่ะ"
TUTORIAL_TREASURESPOT_48,"และเจ้าก็ใช้แต่สารเร่งปฏิกิริยาชั้นเลิศจากหอคอยแห่งปราชญ์เท่านั้น!"
TUTORIAL_TREASURESPOT_49,"เอาละ! แล้วก็เจ้า Frey"
TUTORIAL_TREASURESPOT_50,"เมื่อไรก็ตามที่เราเงินหมด... เจ้ามักจะพูดเสมอว่าทุกอย่างเป็นเจตจำนงของ Lua!"
TUTORIAL_TREASURESPOT_51,"ข้าไม่อยากจะลบหลู่ความศรัทธาของเจ้าหรืออะไรหรอกนะ แต่เรายังต้องกินต้องใช้!"
TUTORIAL_TREASURESPOT_52,"และ Kasel!"
TUTORIAL_TREASURESPOT_53,"เจ้าเคยรู้บ้างหรือเปล่า... ว่าเราจ่ายค่าอาหารของเจ้าไปเท่าไร"
TUTORIAL_TREASURESPOT_54,"นั่นมันเงินครึ่งนึงของเราเลยนะ! เจ้ามีหลุมดำในท้องของเจ้าหรือเปล่าเนี่ย!"
TUTORIAL_TREASURESPOT_55,"ข้าเข้าใจ เรามีเรื่องสำคัญต้องทำมากมาย แต่เราไปต่อได้ไม่ถึงไหนหรอกนะถ้าไม่มีเงินน่ะ"
TUTORIAL_TREASURESPOT_56,"ทีนี้พวกเจ้าเข้าใจหรือยังล่ะ"
TUTORIAL_TREASURESPOT_57,"ก็จริง... ขอโทษนะ ข้าผิดเอง"
TUTORIAL_TREASURESPOT_58,"แค่เงียบๆ แล้วตามข้ามาซะ"
TUTORIAL_TREASURESPOT_59,"ทั้งหมดนี้... คืออะไรเนี่ย ทอง... อาวุธ... และชุดเกราะ!"
TUTORIAL_TREASURESPOT_60,"อ๊ะ! ตรงนั้น! มีใครอยู่ตรงนั้นแน่ะ"
TUTORIAL_TREASURESPOT_61,"ทอง ทอง มาสร้างหอคอยด้วยทองกันเถอะ"
TUTORIAL_TREASURESPOT_62,"หอคอยทองคำ สูง สูงขึ้นไป สำหรับสหัสวรรษของราชินี"
TUTORIAL_TREASURESPOT_63,"ทองตรงนี้และทองตรงนั้น ทุกที่ที่ราชินีจุมพิต ทุกอย่างเป็นทอง"
TUTORIAL_TREASURESPOT_64,"นั่นมัน... มนุษย์กิ้งก่าใช่หรือเปล่า แต่เขาทำท่าทางแปลกจัง"
TUTORIAL_TREASURESPOT_65,"ไม่มีใครรู้ คลังสมบัติแห่งราชินีทองคำ"
TUTORIAL_TREASURESPOT_66,"ใช่! เมื่อราชินีจุมพิตข้า ข้าก็จะกลายเป็นมนุษย์กิ้งก่าทอง! ฮ่าฮ่าฮ่า!"
TUTORIAL_TREASURESPOT_67,"นี่! เจ้า! เจ้ามาทำอะไรที่นี่น่ะ"
TUTORIAL_TREASURESPOT_68,"อ๊าก! มนุษย์! มนุษย์! ผู้บุกรุก!"
TUTORIAL_TREASURESPOT_69,"ไม่นะ! ทองของราชินี! อาวุธ! สมบัติ! เจ้าเอาพวกมันไปไม่ได้!"
TUTORIAL_TREASURESPOT_70,"แจ้งสัญญาณเตือนภัย! มีผู้บุกรุก! รหัสสีแดง!"
TUTORIAL_TREASURESPOT_71,"เขา... กำลังพูดอะไรเนี่ย"
TUTORIAL_TREASURESPOT_72,"โอ้! ดูสิ... มีอาวุธและชุดเกราะเยอะแยะเลย! พวกมันดูคุณภาพดีด้วย!"
TUTORIAL_TREASURESPOT_73,"อะฮ้า! เราควรจะไล่ตามเขาไป หยุดนะ!"
TUTORIAL_TREASURESPOT_74,"Roi! อย่าทิ้งข้าสิ!"
TUTORIAL_TREASURESPOT_75,"ทุกอย่างคือเจตจำนงของ Lua... ไม่สิ... ทุกอย่างเป็นความผิดของเรา"
TUTORIAL_TREASURESPOT_76,"ทุกคน! รอข้าด้วยสิ!"
CONVERSATION_PORTAL_1,"เราคงต้องลากันตรงนี้แล้วล่ะ Kasel"
CONVERSATION_PORTAL_2,"เราจัดการ Bodakka ไปแล้ว แถมยังหาที่เก็บดินปืนเจอด้วย"
CONVERSATION_PORTAL_3,"ข้าต้องกลับไปยังปราสาทแล้วรายงาน"
CONVERSATION_PORTAL_4,"มีบางอย่างที่พระองค์ท่าน เจ้าหญิง ขอให้ข้าทำเป็นการส่วนตัว"
CONVERSATION_PORTAL_5,"Clause ดีจริงๆ ที่ได้เห็นเจ้ากลับมาอย่างปลอดภัย"
CONVERSATION_PORTAL_6,"พวกเรากลับมาด้วยกัน แต่ตอนนี้เจ้าต้องไปแล้ว"
CONVERSATION_PORTAL_7,"มีแต่ข้าเท่านั้นที่สามารถทำสิ่งนี้ได้ ข้ารู้ว่าข้าต้องไป"
CONVERSATION_PORTAL_8,"ข้าไม่แน่ใจว่าต้องใช้เวลานานแค่ไหน..."
CONVERSATION_PORTAL_9,"แต่ข้าจะทำให้ดีที่สุดเพื่อทำภารกิจนี้ที่ข้าได้รับให้สำเร็จลุล่วง"
CONVERSATION_PORTAL_10,"คราวหน้าที่เราได้พบกัน ข้าอยากแข็งแกร่งให้มากยิ่งขึ้นกว่าที่เป็นในวันนี้"
CONVERSATION_PORTAL_11,"ดูเจ้าสิ โตแล้วนะ"
CONVERSATION_PORTAL_12,"ข้าจะตามไปสมทบทันทีที่ข้าเสร็จจากเรื่องทางนี้แล้วนะ"
CONVERSATION_PORTAL_13,"ว่าไงนะ เจ้ากำลังกลับไปยังปราสาทเหรอ"
CONVERSATION_PORTAL_14,"เดี๋ยวก่อน!"
CONVERSATION_PORTAL_15,"ข้ามีธุระที่ Orvel ด้วยเหมือนกัน"
CONVERSATION_PORTAL_16,"ทันทีที่มาถึง Orvel เจ้าโง่ Roi นั่นก็ทำแผนข้าพังหมดเลย"
CONVERSATION_PORTAL_17,"ดี งั้นกลับไปกับพี่ชายของข้านี่กันเถอะ เราควรจะเตรียมพร้อม"
CONVERSATION_PORTAL_18,"เยี่ยมเลย ข้ารู้ว่าเจ้าเหนื่อย แต่ข้าเกรงว่าเราคงต้องรีบหน่อย"
CONVERSATION_PORTAL_19,"อะไรนะ เจ้าคิดที่จะเดินไปที่นั่นเหรอ"
CONVERSATION_PORTAL_20,"ไม่มีทางอื่นเลยเหรอ..."
CONVERSATION_PORTAL_21,"อ้ะ Cleo เจ้าบอกว่าเปิดประตูมิติได้งั้นเหรอ"
CONVERSATION_PORTAL_22,"ฮ่า แน่นอน เราสามารถกลับไปยังที่ที่เคยอยู่ได้ในพริบตา!"
CONVERSATION_PORTAL_23,"จอมเวทผู้ยิ่งใหญ่คนนี้สามารถพาเจ้าทุกคนไปยังปราสาทได้ภายในชั่วพริบตา!"
