KEY,French
SKILL_NAME_7510,Que justice soit rendue !!
SKILL_NAME_7511,Que justice soit rendue !! II
SKILL_NAME_7512,Que justice soit rendue !! III
SKILL_NAME_7513,Que justice soit rendue !! IV
SKILL_NAME_7520,Que la force soit avec moi !!
SKILL_NAME_7521,Que la force soit avec moi !! II
SKILL_NAME_7522,Que la force soit avec moi !! III
SKILL_NAME_7523,Que la force soit avec moi !! IV
SKILL_NAME_7530,Que votre souffrance prenne fin !!
SKILL_NAME_7531,Que votre souffrance prenne fin !! II
SKILL_NAME_7532,Que votre souffrance prenne fin !! III
SKILL_NAME_7533,Que votre souffrance prenne fin !! IV
SKILL_NAME_7540,Que la puissance de mes ancêtres vous éblouisse !!
SKILL_NAME_7541,Que la puissance de mes ancêtres vous éblouisse !! II
SKILL_NAME_7542,Que la puissance de mes ancêtres vous éblouisse !! III
SKILL_NAME_7543,Que la puissance de mes ancêtres vous éblouisse !! IV
SKILL_NAME_60007510,Que justice soit rendue !! [Lumière]
SKILL_NAME_60007511,Que justice soit rendue !! [Ténèbres]
SKILL_NAME_60007520,Que la force soit avec moi !! [Lumière]
SKILL_NAME_60007521,Que la force soit avec moi !! [Ténèbres]
SKILL_NAME_60007530,Que votre souffrance prenne fin !! [Lumière]
SKILL_NAME_60007531,Que votre souffrance prenne fin !! [Ténèbres]
SKILL_NAME_60007540,Que la puissance de mes ancêtres vous éblouisse !! [Lumière]
SKILL_NAME_60007541,Que la puissance de mes ancêtres vous éblouisse !! [Ténèbres]
SKILL_NAME_60007550,Dakaris [Lumière]
SKILL_NAME_60007551,Dakaris [Ténèbres]
SKILL_DESC_7510,"Inflige [ffc800]{1}[-] points de DEG M dans la zone adjacente à la cible et étourdit tous les ennemis se trouvant dans cette zone pendant [64ffff]{2}[-] sec. Restaure les PV des alliés se trouvant dans cette zone de [ffc800]{3}[-]. Cette compétence est immédiatement disponible et son temps de recharge est réduit de 100% jusqu'à 3 fois, lorsque vous activez la compétence : [Que la force soit avec moi !!] "
SKILL_DESC_7511,Augmente les DEG de [64ff64]{1}[-] %.
SKILL_DESC_7512,Augmente les DEG de [64ff64]{1}[-] %.
SKILL_DESC_7513,Augmente les DEG de [64ff64]{1}[-] %.
SKILL_DESC_7520,"Sur [64ffff]{1}[-] sec, restaure [ffc800]{2}[-] de PV, {3} charge(s) de PM et augmente le taux d'ATQ de [64ff64]{4}[-]. Lors de l'incantation de la compétence, si les PV du Héros sont au Max, génère un Bouclier Protecteur qui protège le Héros pour [ffc800]{5}[-] de DEG, et immunise le Héros aux Contrôles pendant [64ff64]{6}[-] sec. Si vous avez moins de 3 alliés au combat, cet effet s'applique à toute l'équipe."
SKILL_DESC_7521,Augmente le taux d'augmentation d'ATQ de [64ff64]{1}[-] %.
SKILL_DESC_7522,Augmente le taux d'augmentation d'ATQ de [64ff64]{1}[-] %.
SKILL_DESC_7523,Augmente le taux d'augmentation d'ATQ de [64ff64]{1}[-] %.
SKILL_DESC_7530,"Attaque aléatoirement les ennemis à 5 reprises et inflige au total [ffc800]{1}[-] de DEG M, et si l'ennemi est un non-Héros, inflige [ffc800]{2}[-] de DEG M supplémentaire. Si la compétence [Que la force soit avec moi !!] est active, cette attaque cible l'ennemi avec le plus de points d'ATQ."
SKILL_DESC_7531,Augmente les DEG de [64ff64]{1}[-] %.
SKILL_DESC_7532,Augmente les DEG de [64ff64]{1}[-] %.
SKILL_DESC_7533,Augmente les DEG de [64ff64]{1}[-] %.
SKILL_DESC_7540,"Restaure les PV de [ffc800]{2}[-] toutes les sec, et si les PV du Héros sont au Max, augmente le taux d'ATQ de [64ff64]{1}[-]. À la réception de DEG Fatals, consomme tous les PM et génère un Bouclier Protecteur qui protège le Héros pour [ffc800]{3}[-] de DEG, et immunise le Héros aux Contrôles pendant [64ff64]{4}[-] sec. Pendant la durée du Bouclier Protecteur, le Héros ne peut pas récupérer de PM."
SKILL_DESC_7541,Augmente le taux d'augmentation d'ATQ de [64ff64]{1}[-] %.
SKILL_DESC_7542,Augmente le taux d'augmentation d'ATQ de [64ff64]{1}[-] %.
SKILL_DESC_7543,Augmente le taux d'augmentation d'ATQ de [64ff64]{1}[-] %.
SKILL_DESC_60007510,Augmente la durée de l'étourdissement de 1 sec.
SKILL_DESC_60007511,Réduit le coût en mana de 1.
SKILL_DESC_60007520,Augmente la vitesse d'attaque de 500 pendant la durée de la compétence.
SKILL_DESC_60007521,Augmente la durée du bouclier de 5 sec.
SKILL_DESC_60007530,Confère au Héros une immunité contre les contrôles pendant l'incantation de la compétence.
SKILL_DESC_60007531,Augmente les DEG de 40%.
SKILL_DESC_60007540,Soins augmentés de 100%.
SKILL_DESC_60007541,"Si les PV du Héros sont au Max, récupère 300 Mana toutes les sec."
SKILL_DESC_60007550,"ATQ, DEF, PV +15% / Crit +100"
SKILL_DESC_60007551,"Au début de la 1ère bataille, le Héros obtient pendant 5 sec, le [Conseil des Ancêtres] qui augmente la Résistance aux Contrôles de 200. Si après les 5 sec, le Héros dispose encore du [Conseil des Ancêtres], dissipe les Effets Néfastes sur 3 alliés aléatoires et augmente leur DEF de 50%, pendant 10 sec. L'Effet de l'augmentation de DEF ne peut être dissipé."
SKILL_DESC_90000750,Réduit les DEG reçus de 10% et augmente la Résistance aux Contrôles de 100. Cet effet est doublé pendant 2 sec après le début de son incantation. 
SKILL_DESC_90000751,Réduit les DEG reçus de 12% et augmente la Résistance aux Contrôles de 120. Cet effet est doublé pendant 2 sec après le début de son incantation. 
SKILL_DESC_90000752,Réduit les DEG reçus de 14% et augmente la Résistance aux Contrôles de 140. Cet effet est doublé pendant 2 sec après le début de son incantation. 
SKILL_DESC_90000753,Réduit les DEG reçus de 17% et augmente la Résistance aux Contrôles de 170. Cet effet est doublé pendant 2 sec après le début de son incantation. 
SKILL_DESC_90000754,Réduit les DEG reçus de 21% et augmente la Résistance aux Contrôles de 210. Cet effet est doublé pendant 2 sec après le début de son incantation. 
SKILL_DESC_90000755,Réduit les DEG reçus de 25% et augmente la Résistance aux Contrôles de 250. Cet effet est doublé pendant 2 sec après le début de son incantation. 
SKILL_DESC_91007510,[Que justice soit rendue !!] Augmente les DEG de 50% et augmente la restauration des PV de 1% des PV Max des alliés se trouvant dans la zone.
SKILL_DESC_91007511,[Que justice soit rendue !!] Augmente les DEG de 50% et augmente la restauration des PV de 1.2% des PV Max des alliés se trouvant dans la zone.
SKILL_DESC_91007512,[Que justice soit rendue !!] Augmente les DEG de 50% et augmente la restauration des PV de 1.4% des PV Max des alliés se trouvant dans la zone.
SKILL_DESC_91007513,[Que justice soit rendue !!] Augmente les DEG de 50% et augmente la restauration des PV de 1.7% des PV Max des alliés se trouvant dans la zone.
SKILL_DESC_91007514,[Que justice soit rendue !!] Augmente les DEG de 50% et augmente la restauration des PV de 2.1% des PV Max des alliés se trouvant dans la zone.
SKILL_DESC_91007515,[Que justice soit rendue !!] Augmente les DEG de 50% et augmente la restauration des PV de 2.5% des PV Max des alliés se trouvant dans la zone.
SKILL_DESC_91007520,[Que la force soit avec moi !!] Réduit le temps de recharge de 5 sec et augmente les taux de Restauration des PV et de Récupération des PM de 20%.
SKILL_DESC_91007521,[Que la force soit avec moi !!] Réduit le temps de recharge de 5 sec et augmente les taux de Restauration des PV et de Récupération des PM de 24%.
SKILL_DESC_91007522,[Que la force soit avec moi !!] Réduit le temps de recharge de 5 sec et augmente les taux de Restauration des PV et de Récupération des PM de 29%.
SKILL_DESC_91007523,[Que la force soit avec moi !!] Réduit le temps de recharge de 5 sec et augmente les taux de Restauration des PV et de Récupération des PM de 35%.
SKILL_DESC_91007524,[Que la force soit avec moi !!] Réduit le temps de recharge de 5 sec et augmente les taux de Restauration des PV et de Récupération des PM de 42%.
SKILL_DESC_91007525,[Que la force soit avec moi !!] Réduit le temps de recharge de 5 sec et augmente les taux de Restauration des PV et de Récupération des PM de 50%.
SKILL_DESC_91007530,"[Que votre souffrance prenne fin !!] Augmente les DEG de 20% et lorsque vous tuez la cible avec cette compétence, elle est réutilisée automatiquement."
SKILL_DESC_91007531,"[Que votre souffrance prenne fin !!] Augmente les DEG de 24% et lorsque vous tuez la cible avec cette compétence, elle est réutilisée automatiquement."
SKILL_DESC_91007532,"[Que votre souffrance prenne fin !!] Augmente les DEG de 29% et lorsque vous tuez la cible avec cette compétence, elle est réutilisée automatiquement."
SKILL_DESC_91007533,"[Que votre souffrance prenne fin !!] Augmente les DEG de 35% et lorsque vous tuez la cible avec cette compétence, elle est réutilisée automatiquement."
SKILL_DESC_91007534,"[Que votre souffrance prenne fin !!] Augmente les DEG de 42% et lorsque vous tuez la cible avec cette compétence, elle est réutilisée automatiquement."
SKILL_DESC_91007535,"[Que votre souffrance prenne fin !!] Augmente les DEG de 50% et lorsque vous tuez la cible avec cette compétence, elle est réutilisée automatiquement."
SKILL_DESC_91007540,[Que la puissance de mes ancêtres vous éblouisse !!] Augmente le taux de Bouclier Protecteur de 20% et applique le Bouclier Protecteur à tous les alliés.
SKILL_DESC_91007541,[Que la puissance de mes ancêtres vous éblouisse !!] Augmente le taux de Bouclier Protecteur de 24% et applique le Bouclier Protecteur à tous les alliés.
SKILL_DESC_91007542,[Que la puissance de mes ancêtres vous éblouisse !!] Augmente le taux de Bouclier Protecteur de 29% et applique le Bouclier Protecteur à tous les alliés.
SKILL_DESC_91007543,[Que la puissance de mes ancêtres vous éblouisse !!] Augmente le taux de Bouclier Protecteur de 35% et applique le Bouclier Protecteur à tous les alliés.
SKILL_DESC_91007544,[Que la puissance de mes ancêtres vous éblouisse !!] Augmente le taux de Bouclier Protecteur de 42% et applique le Bouclier Protecteur à tous les alliés.
SKILL_DESC_91007545,[Que la puissance de mes ancêtres vous éblouisse !!] Augmente le taux de Bouclier Protecteur de 50% et applique le Bouclier Protecteur à tous les alliés.
SKILL_NAME_7110,"Tranche-le, Lame de Jugement !"
SKILL_NAME_7111,"Tranche-le, Lame de Jugement ! II"
SKILL_NAME_7112,"Tranche-le, Lame de Jugement ! III"
SKILL_NAME_7113,"Tranche-le, Lame de Jugement ! IV"
SKILL_NAME_7120,"Répands-toi, Brouillard Cristallisé !"
SKILL_NAME_7121,"Répands-toi, Brouillard Cristallisé ! II"
SKILL_NAME_7122,"Répands-toi, Brouillard Cristallisé ! III"
SKILL_NAME_7123,"Répands-toi, Brouillard Cristallisé ! IV"
SKILL_NAME_7130,"Épanouis-toi, Fleur Écarlate !"
SKILL_NAME_7131,"Épanouis-toi, Fleur Écarlate ! II"
SKILL_NAME_7132,"Épanouis-toi, Fleur Écarlate ! III"
SKILL_NAME_7133,"Épanouis-toi, Fleur Écarlate ! IV"
SKILL_NAME_7140,"Vos méfaits prennent fin, ici !"
SKILL_NAME_7141,"Vos méfaits prennent fin, ici ! II"
SKILL_NAME_7142,"Vos méfaits prennent fin, ici ! III"
SKILL_NAME_7143,"Vos méfaits prennent fin, ici ! IV"
SKILL_NAME_60007110,"Tranche-le, Lame de Jugement ! [Lumière]"
SKILL_NAME_60007111,"Tranche-le, Lame de Jugement ! [Ténèbres]"
SKILL_NAME_60007120,"Répands-toi, Brouillard Cristallisé ! [Lumière]"
SKILL_NAME_60007121,"Répands-toi, Brouillard Cristallisé ! [Ténèbres]"
SKILL_NAME_60007130,"Épanouis-toi, Fleur Écarlate ! [Lumière]"
SKILL_NAME_60007131,"Épanouis-toi, Fleur Écarlate ! [Ténèbres]"
SKILL_NAME_60007140,"Vos méfaits prennent fin, ici ! [Lumière]"
SKILL_NAME_60007141,"Vos méfaits prennent fin, ici ! [Ténèbres]"
SKILL_NAME_60007150,Kirze [Lumière]
SKILL_NAME_60007151,Kirze [Ténèbres]
SKILL_DESC_7110,"Inflige [ffc800]{1}[-] DEG M sur 7 attaques aux ennemis proches dans un rayon circulaire. Ensuite, inflige [ffc800]{2}[-] DEG M. aux ennemis situés en face et les renverse pendant [64ffff]{3}[-] sec."
SKILL_DESC_7111,Augmente les DEG infligés de [64ff64]{1}[-] %.
SKILL_DESC_7112,Augmente les DEG infligés de [64ff64]{1}[-] %.
SKILL_DESC_7113,Augmente les DEG infligés de [64ff64]{1}[-] %.
SKILL_DESC_7120,"Décharge la puissance des cristaux arcaniques dans le corps du Héros, et inflige [ffc800]{1}[-] DEG M. à tous les ennemis et les étourdit pendant [64ffff]{2}[-] sec. Lorsque le Héros active la compétence, elle se met en mode [fa96fa][Cristal Arcanique Éveillé][-] pendant [64ffff]{3}[-] sec. Ceci augmente la Vitesse d'ATQ de tous les alliés de [64ff64]{4}[-] et émet une onde de choc toutes les [64ffff]{5}[-] sec, qui inflige [ffc800]{6}[-] DEG M à tous les ennemis à portée, et les étourdit pendant [64ffff]{7}[-] sec."
SKILL_DESC_7121,Augmente les DEG infligés de [64ff64]{1}[-] %.
SKILL_DESC_7122,Augmente les DEG infligés de [64ff64]{1}[-] %.
SKILL_DESC_7123,Augmente les DEG infligés de [64ff64]{1}[-] %.
SKILL_DESC_7130,"Invoque un cristal arcanique et inflige [ffc800]{1}[-] DEG M aux ennemis situés en face en ligne droite. Peu après, explose le cristal arcanique et inflige [ffc800]{2}[-] DEG M supplémentaires aux ennemis et leur applique la [fa96fa][Malédiction de Cristal Arcanique][-] pendant [64ffff]{3}[-] sec. Ce dernier réduit la Vitesse d'ATQ des ennemis touchés de [ff6464]{4}[-] sec.\nChaque attaque de Héros aux ennemis affectés par la [fa96fa][Malédiction de Cristal Arcanique][-] leur applique une charge d'[fa96fa][Énergie de Cristal Arcanique][-]. La [fa96fa][Malédiction de Cristal Arcanique][-] explose après [64ffff]{5}[-] sec et inflige [ffc800]{6} DEG M + {7}[-] DEG M supplémentaires par charge d'Énergie de Cristal Arcanique."
SKILL_DESC_7131,Augmente les DEG infligés de [64ff64]{1}[-] %.
SKILL_DESC_7132,Augmente les DEG infligés de [64ff64]{1}[-] %.
SKILL_DESC_7133,Augmente les DEG infligés de [64ff64]{1}[-] %.
SKILL_DESC_7140,"Augmente le taux d'ATQ du Héros, de [64ff64]{1}[-], le Crit du Héros, de [64ff64]{2}[-]. Augmente la Durée de Contrôles appliqués aux Boss, par tous les alliés, de [64ff64]{3}[-]%."
SKILL_DESC_7141,Augmente le taux d'augmentation d'ATQ de [64ff64]{1}[-] %.
SKILL_DESC_7142,Augmente le taux d'augmentation d'ATQ de [64ff64]{1}[-] %.
SKILL_DESC_7143,Augmente le taux d'augmentation d'ATQ de [64ff64]{1}[-] %.
SKILL_DESC_60007110,Réduit le Temps de Recharge de {1}% pour chaque ennemi touché.
SKILL_DESC_60007111,Augmente les DEG infligés de 100% lorsqu'il n'y a qu'un seul ennemi.
SKILL_DESC_60007120,Augmente la durée de l'étourdissement par l'onde de choc aux ennemis non-Héros de {1} sec.
SKILL_DESC_60007121,Augmente les DEG infligés aux ennemis non-Héros de {1}% lorsque le Héros est en mode [Cristal Arcanique Éveillé].
SKILL_DESC_60007130,Augmente la Réduction de Vitesse d'ATQ de {1}.
SKILL_DESC_60007131,Applique 2 charges d'Énergie de Cristal Arcanique par attaque lorsqu'il n'y a qu'un seul ennemi.
SKILL_DESC_60007140,"Au début de chaque bataille, inflige {1}% de DEG supplémentaires aux ennemis non-Héros pendant 20 sec."
SKILL_DESC_60007141,Augmente les DEG infligés aux Boss de {1}%.
SKILL_DESC_60007150,"ATQ, DEF, PV +15% / Vitesse d'ATQ +100"
SKILL_DESC_60007151,Augmente la Vitesse d'ATQ du Héros de {1} pour chaque attaque et compétence. Cet effet peut se cumuler jusqu'à {2} fois.
SKILL_DESC_90000710,"Amplifie la puissance des cristaux arcaniques afin d'augmenter considérablement la portée de l'effet de [Épanouis-toi, Fleur Écarlate !]. De plus, chaque attaque et compétence ont 4% de chance d'infliger 500% du taux d'attaque en DEG M supplémentaires. Les DEG infligés aux Boss sont doublés."
SKILL_DESC_90000711,"Amplifie la puissance des cristaux arcaniques afin d'augmenter considérablement la portée de l'effet de [Épanouis-toi, Fleur Écarlate !]. De plus, chaque attaque et compétence ont 4% de chance d'infliger 600% du taux d'attaque en DEG M supplémentaires. Les DEG infligés aux Boss sont doublés."
SKILL_DESC_90000712,"Amplifie la puissance des cristaux arcaniques afin d'augmenter considérablement la portée de l'effet de [Épanouis-toi, Fleur Écarlate !]. De plus, chaque attaque et compétence ont 4% de chance d'infliger 720% du taux d'attaque en DEG M supplémentaires. Les DEG infligés aux Boss sont doublés."
SKILL_DESC_90000713,"Amplifie la puissance des cristaux arcaniques afin d'augmenter considérablement la portée de l'effet de [Épanouis-toi, Fleur Écarlate !]. De plus, chaque attaque et compétence ont 4% de chance d'infliger 860% du taux d'attaque en DEG M supplémentaires. Les DEG infligés aux Boss sont doublés."
SKILL_DESC_90000714,"Amplifie la puissance des cristaux arcaniques afin d'augmenter considérablement la portée de l'effet de [Épanouis-toi, Fleur Écarlate !]. De plus, chaque attaque et compétence ont 4% de chance d'infliger 1000% du taux d'attaque en DEG M supplémentaires. Les DEG infligés aux Boss sont doublés."
SKILL_DESC_90000715,"Amplifie la puissance des cristaux arcaniques afin d'augmenter considérablement la portée de l'effet de [Épanouis-toi, Fleur Écarlate !]. De plus, chaque attaque et compétence ont 4% de chance d'infliger 1250% du taux d'attaque en DEG M supplémentaires. Les DEG infligés aux Boss sont doublés."
SKILL_DESC_91007110,"Augmente les DEG infligés de 20% et réduit le coût en mana de 1 de [Tranche-le, Lame de Jugement !]"
SKILL_DESC_91007111,"Augmente les DEG infligés de 24% et réduit le coût en mana de 1 de [Tranche-le, Lame de Jugement !]"
SKILL_DESC_91007112,"Augmente les DEG infligés de 29% et réduit le coût en mana de 1 de [Tranche-le, Lame de Jugement !]"
SKILL_DESC_91007113,"Augmente les DEG infligés de 35% et réduit le coût en mana de 1 de [Tranche-le, Lame de Jugement !]"
SKILL_DESC_91007114,"Augmente les DEG infligés de 42% et réduit le coût en mana de 1 de [Tranche-le, Lame de Jugement !]"
SKILL_DESC_91007115,"Augmente les DEG infligés de 50% et réduit le coût en mana de 1 de [Tranche-le, Lame de Jugement !]"
SKILL_DESC_91007120,"Augmente la Vitesse d'ATQ de [Répands-toi, Brouillard Cristallisé !] de 100 et la durée de [Cristal Arcanique Éveillé] de 7 sec."
SKILL_DESC_91007121,"Augmente la Vitesse d'ATQ de [Répands-toi, Brouillard Cristallisé !] de 120 et la durée de [Cristal Arcanique Éveillé] de 7 sec."
SKILL_DESC_91007122,"Augmente la Vitesse d'ATQ de [Répands-toi, Brouillard Cristallisé !] de 140 et la durée de [Cristal Arcanique Éveillé] de 7 sec."
SKILL_DESC_91007123,"Augmente la Vitesse d'ATQ de [Répands-toi, Brouillard Cristallisé !] de 170 et la durée de [Cristal Arcanique Éveillé] de 7 sec."
SKILL_DESC_91007124,"Augmente la Vitesse d'ATQ de [Répands-toi, Brouillard Cristallisé !] de 210 et la durée de [Cristal Arcanique Éveillé] de 7 sec."
SKILL_DESC_91007125,"Augmente la Vitesse d'ATQ de [Répands-toi, Brouillard Cristallisé !] de 250 et la durée de [Cristal Arcanique Éveillé] de 7 sec."
SKILL_DESC_91007130,"Réduit le Temps de Recharge de [Épanouis-toi, Fleur Écarlate !] de 30% et pour chaque charge d'[Énergie de Cristal Arcanique] appliquée, vous avez 40% de chance d'appliquer 3 charges supplémentaires."
SKILL_DESC_91007131,"Réduit le Temps de Recharge de [Épanouis-toi, Fleur Écarlate !] de 30% et pour chaque charge d'[Énergie de Cristal Arcanique] appliquée, vous avez 48% de chance d'appliquer 3 charges supplémentaires."
SKILL_DESC_91007132,"Réduit le Temps de Recharge de [Épanouis-toi, Fleur Écarlate !] de 30% et pour chaque charge d'[Énergie de Cristal Arcanique] appliquée, vous avez 58% de chance d'appliquer 3 charges supplémentaires."
SKILL_DESC_91007133,"Réduit le Temps de Recharge de [Épanouis-toi, Fleur Écarlate !] de 30% et pour chaque charge d'[Énergie de Cristal Arcanique] appliquée, vous avez 70% de chance d'appliquer 3 charges supplémentaires."
SKILL_DESC_91007134,"Réduit le Temps de Recharge de [Épanouis-toi, Fleur Écarlate !] de 30% et pour chaque charge d'[Énergie de Cristal Arcanique] appliquée, vous avez 84% de chance d'appliquer 3 charges supplémentaires."
SKILL_DESC_91007135,"Réduit le Temps de Recharge de [Épanouis-toi, Fleur Écarlate !] de 30% et pour chaque charge d'[Énergie de Cristal Arcanique] appliquée, vous avez 100% de chance d'appliquer 3 charges supplémentaires."
SKILL_DESC_91007140,"Augmente le Crit de [Vos méfaits prennent fin, ici !] de 250 points supplémentaires et modifie l'augmentation de la Durée de Contrôles appliqués aux Boss à 30%."
SKILL_DESC_91007141,"Augmente le Crit de [Vos méfaits prennent fin, ici !] de 250 points supplémentaires et modifie l'augmentation de la Durée de Contrôles appliqués aux Boss à 32%."
SKILL_DESC_91007142,"Augmente le Crit de [Vos méfaits prennent fin, ici !] de 250 points supplémentaires et modifie l'augmentation de la Durée de Contrôles appliqués aux Boss à 34%."
SKILL_DESC_91007143,"Augmente le Crit de [Vos méfaits prennent fin, ici !] de 250 points supplémentaires et modifie l'augmentation de la Durée de Contrôles appliqués aux Boss à 37%."
SKILL_DESC_91007144,"Augmente le Crit de [Vos méfaits prennent fin, ici !] de 250 points supplémentaires et modifie l'augmentation de la Durée de Contrôles appliqués aux Boss à 41%."
SKILL_DESC_91007145,"Augmente le Crit de [Vos méfaits prennent fin, ici !] de 250 points supplémentaires et modifie l'augmentation de la Durée de Contrôles appliqués aux Boss à 45%."
SKILL_NAME_9710,Je vous ai percé à jour !
SKILL_NAME_9711,Je vous ai percé à jour ! II
SKILL_NAME_9712,Je vous ai percé à jour ! III
SKILL_NAME_9713,Je vous ai percé à jour ! IV
SKILL_NAME_9720,Je vais vous cribler de balles !
SKILL_NAME_9721,Je vais vous cribler de balles ! II
SKILL_NAME_9722,Je vais vous cribler de balles ! III
SKILL_NAME_9723,Je vais vous cribler de balles ! IV
SKILL_NAME_9730,Cachez-vous dans un trou à rat !
SKILL_NAME_9731,Cachez-vous dans un trou à rat ! II
SKILL_NAME_9732,Cachez-vous dans un trou à rat ! III
SKILL_NAME_9733,Cachez-vous dans un trou à rat ! IV
SKILL_NAME_9740,Je vais vous dompter !
SKILL_NAME_9741,Je vais vous dompter ! II
SKILL_NAME_9742,Je vais vous dompter ! III
SKILL_NAME_9743,Je vais vous dompter ! IV
SKILL_NAME_60009710,Je vous ai percé à jour ! [Lumière]
SKILL_NAME_60009711,Je vous ai percé à jour ! [Ténèbres]
SKILL_NAME_60009720,Je vais vous cribler de balles ! [Lumière]
SKILL_NAME_60009721,Je vais vous cribler de balles ! [Ténèbres]
SKILL_NAME_60009730,Cachez-vous dans un trou à rat ! [Lumière]
SKILL_NAME_60009731,Cachez-vous dans un trou à rat ! [Ténèbres]
SKILL_NAME_60009740,Je vais vous dompter ! [Lumière]
SKILL_NAME_60009741,Je vais vous dompter ! [Ténèbres]
SKILL_NAME_60009750,Hanus [Lumière]
SKILL_NAME_60009751,Hanus [Ténèbres]
SKILL_DESC_9710,"Après avoir lancé une grenade, tire avec la mitraillette et inflige [ffc800]{1}[-] DEG P à la cible ainsi qu'aux ennemis à portée. Obtient [64ffff]{2}[-] [fa96fa]balles[-]. Augmente de [ff6464]{4}[-]% les DEG P reçus par les ennemis touchés pendant [64ffff]{3}[-] sec et leur applique l'Aveuglement pendant [64ffff]{5}[-] sec. Les balles peuvent se cumuler jusqu'à {6}."
SKILL_DESC_9711,Augmente les DEG infligés de [64ff64]{1}[-] %.
SKILL_DESC_9712,Augmente les DEG infligés de [64ff64]{1}[-] %.
SKILL_DESC_9713,Augmente les DEG infligés de [64ff64]{1}[-] %.
SKILL_DESC_9720,"Tire à {1} reprises, avec sa mitraillette, aux ennemis dans une vaste zone à l'avant et inflige [ffc800]{2}[-] DEG P au total. Ensuite, si le Héros possède des [fa96fa]balles[-], à chaque tir de mitraillette, il en utilise [64ffff]{3}[-] jusqu'à ce qu'il n'en reste plus. Pendant ses tirs, les DEG reçus augmentent de [ff6464]{4}[-]%. À chaque {5} tirs avec la mitraillette, les DEG infligés par la compétence augmentent de [64ff64]{6}[-]%. L'augmentation des DEG infligés peut se cumuler jusqu'à {7} fois."
SKILL_DESC_9721,Augmente les DEG infligés de [64ff64]{1}[-] %.
SKILL_DESC_9722,Augmente les DEG infligés de [64ff64]{1}[-] %.
SKILL_DESC_9723,Augmente les DEG infligés de [64ff64]{1}[-] %.
SKILL_DESC_9730,Tire au mortier dans une zone éloignée à l'avant et inflige dans une vaste zone [ffc800]{1}[-] DEG P. Obtient [64ffff]{2}[-] [fa96fa]balles[-]. Étourdit les ennemis touchés pendant [64ffff]{3}[-] sec. Cette compétence ignore l'effet Blocage de la cible.
SKILL_DESC_9731,Augmente les DEG infligés de [64ff64]{1}[-] %.
SKILL_DESC_9732,Augmente les DEG infligés de [64ff64]{1}[-] %.
SKILL_DESC_9733,Augmente les DEG infligés de [64ff64]{1}[-] %.
SKILL_DESC_9740,"Hanus est immunisée aux effets de Vitesse d'ATQ. Augmente la Vitesse d'ATQ de tous les alliés de [64ff64]{1}+{2}% du taux d'ATQ de Hanus.[-]\nSi cet effet est activé durant la Bataille des Guildes, il est renforcé de [64ff64]{3}[-] fois.\n[Bataille des Guildes] - Le Raid de Guilde, la Conquête de Guilde, la Guerre des Guildes"
SKILL_DESC_9741,Augmente l'augmentation du taux d'ATQ de [64ff64]{1}[-] %.
SKILL_DESC_9742,Augmente l'augmentation du taux d'ATQ de [64ff64]{1}[-] %.
SKILL_DESC_9743,Augmente l'augmentation du taux d'ATQ de [64ff64]{1}[-] %.
SKILL_DESC_60009710,Dissipe les effets positifs de la cible.
SKILL_DESC_60009711,"Modifie le nombre de balles obtenues à {1} et à chaque obtention de balles, augmente le taux d'ATQ de {3}% pendant {2} sec. Cet effet peut se cumuler jusqu'à {4} fois."
SKILL_DESC_60009720,"Augmente la dépense de balles de {1}, mais les DEG Crit de Hanus augmentent de {2}% pendant qu'elle utilise des compétences qui nécessitent continuellement des balles."
SKILL_DESC_60009721,Dissipe l'effet d'augmentation des DEG infligés par l'ennemi.
SKILL_DESC_60009730,Ignore l'effet de réduction des DEG reçus de la cible lorsque la compétence est utilisée pendant la Guerre des Guildes.
SKILL_DESC_60009731,"Modifie le nombre de balles obtenues à {1} et à chaque obtention de balles, augmente la Pénétration DEF de {3} pendant {2} sec. Cet effet peut se cumuler jusqu'à {4} fois."
SKILL_DESC_60009740,"Au début de la bataille dans la Guerre des Guildes, les DEG reçus par tous les alliés sont réduits de {2}% pendant {1}sec."
SKILL_DESC_60009741,Récupère {2} balles toutes les {1} sec.
SKILL_DESC_60009750,"ATQ, DEF, PV +15% / DEG Crit +20%"
SKILL_DESC_60009751,"Au début de la bataille dans la Guerre des Guildes, réduit le mana de tous les ennemis de {1} et augmente leurs DEG reçus de {3}% pendant {2} sec."
SKILL_DESC_90000970,"Augmente les DEG Crit de Hanus de 20%, et lance [Malice Infiniment Futile, Missile autoguidé-HN] toutes les 20 sec. Ce missile inflige à une cible aléatoire des DEG P de 200% de son taux d'ATQ et lui applique l'un des effets suivants, pendant 3 sec : Étourdissement, Gel, Pétrification, Renversement, Réduction de la Vitesse d'ATQ de 250."
SKILL_DESC_90000971,"Augmente les DEG Crit de Hanus de 24%, et lance [Malice Infiniment Futile, Missile autoguidé-HN] toutes les 17 sec. Ce missile inflige à une cible aléatoire des DEG P de 240% de son taux d'ATQ et lui applique l'un des effets suivants, pendant 3 sec : Étourdissement, Gel, Pétrification, Renversement, Réduction de la Vitesse d'ATQ de 250."
SKILL_DESC_90000972,"Augmente les DEG Crit de Hanus de 29%, et lance [Malice Infiniment Futile, Missile autoguidé-HN] toutes les 14 sec. Ce missile inflige à une cible aléatoire des DEG P de 290% de son taux d'ATQ et lui applique l'un des effets suivants, pendant 3 sec : Étourdissement, Gel, Pétrification, Renversement, Réduction de la Vitesse d'ATQ de 250."
SKILL_DESC_90000973,"Augmente les DEG Crit de Hanus de 35%, et lance [Malice Infiniment Futile, Missile autoguidé-HN] toutes les 12 sec. Ce missile inflige à une cible aléatoire des DEG P de 350% de son taux d'ATQ et lui applique l'un des effets suivants, pendant 3 sec : Étourdissement, Gel, Pétrification, Renversement, Réduction de la Vitesse d'ATQ de 250."
SKILL_DESC_90000974,"Augmente les DEG Crit de Hanus de 42%, et lance [Malice Infiniment Futile, Missile autoguidé-HN] toutes les 10 sec. Ce missile inflige à une cible aléatoire des DEG P de 420% de son taux d'ATQ et lui applique l'un des effets suivants, pendant 3 sec : Étourdissement, Gel, Pétrification, Renversement, Réduction de la Vitesse d'ATQ de 250."
SKILL_DESC_90000975,"Augmente les DEG Crit de Hanus de 50%, et lance [Malice Infiniment Futile, Missile autoguidé-HN] toutes les 8 sec. Ce missile inflige à une cible aléatoire des DEG P de 500% de son taux d'ATQ et lui applique l'un des effets suivants, pendant 3 sec : Étourdissement, Gel, Pétrification, Renversement, Réduction de la Vitesse d'ATQ de 250."
SKILL_DESC_91009710,"[Je vous ai percé à jour !] Réduit le coût en mana de 1 orbe et augmente la durée de l'Aveuglement de 0,8 sec."
SKILL_DESC_91009711,[Je vous ai percé à jour !] Réduit le coût en mana de 1 orbe et augmente la durée de l'Aveuglement de 1 sec.
SKILL_DESC_91009712,"[Je vous ai percé à jour !] Réduit le coût en mana de 1 orbe et augmente la durée de l'Aveuglement de 1,2 sec."
SKILL_DESC_91009713,"[Je vous ai percé à jour !] Réduit le coût en mana de 1 orbe et augmente la durée de l'Aveuglement de 1,4 sec."
SKILL_DESC_91009714,"[Je vous ai percé à jour !] Réduit le coût en mana de 1 orbe et augmente la durée de l'Aveuglement de 1,7 sec."
SKILL_DESC_91009715,[Je vous ai percé à jour !] Réduit le coût en mana de 1 orbe et augmente la durée de l'Aveuglement de 2 sec.
SKILL_DESC_91009720,"[Je vais vous cribler de balles !] Récupère 20 balles et pour chaque tir de mitraillette, tout en dépensant des balles, augmente le taux d'ATQ de Hanus de {2}%. Cet effet peut se cumuler jusqu'à 100 fois."
SKILL_DESC_91009721,"[Je vais vous cribler de balles !] Récupère 20 balles et pour chaque tir de mitraillette, tout en dépensant des balles, augmente le taux d'ATQ de Hanus de {2}%. Cet effet peut se cumuler jusqu'à 100 fois."
SKILL_DESC_91009722,"[Je vais vous cribler de balles !] Récupère 20 balles et pour chaque tir de mitraillette, tout en dépensant des balles, augmente le taux d'ATQ de Hanus de {2}%. Cet effet peut se cumuler jusqu'à 100 fois."
SKILL_DESC_91009723,"[Je vais vous cribler de balles !] Récupère 20 balles et pour chaque tir de mitraillette, tout en dépensant des balles, augmente le taux d'ATQ de Hanus de {2}%. Cet effet peut se cumuler jusqu'à 100 fois."
SKILL_DESC_91009724,"[Je vais vous cribler de balles !] Récupère 20 balles et pour chaque tir de mitraillette, tout en dépensant des balles, augmente le taux d'ATQ de Hanus de {2}%. Cet effet peut se cumuler jusqu'à 100 fois."
SKILL_DESC_91009725,"[Je vais vous cribler de balles !] Récupère 20 balles et pour chaque tir de mitraillette, tout en dépensant des balles, augmente le taux d'ATQ de Hanus de {2}%. Cet effet peut se cumuler jusqu'à 100 fois."
SKILL_DESC_91009730,"[Cachez-vous dans un trou à rat !] Immunise Hanus aux Contrôles pendant la durée de la compétence et réduit le taux de Récupération de la cible touchée de 20%, pendant 5 sec."
SKILL_DESC_91009731,"[Cachez-vous dans un trou à rat !] Immunise Hanus aux Contrôles pendant la durée de la compétence et réduit le taux de Récupération de la cible touchée de 24%, pendant 5 sec."
SKILL_DESC_91009732,"[Cachez-vous dans un trou à rat !] Immunise Hanus aux Contrôles pendant la durée de la compétence et réduit le taux de Récupération de la cible touchée de 29%, pendant 5 sec."
SKILL_DESC_91009733,"[Cachez-vous dans un trou à rat !] Immunise Hanus aux Contrôles pendant la durée de la compétence et réduit le taux de Récupération de la cible touchée de 35%, pendant 5 sec."
SKILL_DESC_91009734,"[Cachez-vous dans un trou à rat !] Immunise Hanus aux Contrôles pendant la durée de la compétence et réduit le taux de Récupération de la cible touchée de 42%, pendant 5 sec."
SKILL_DESC_91009735,"[Cachez-vous dans un trou à rat !] Immunise Hanus aux Contrôles pendant la durée de la compétence et réduit le taux de Récupération de la cible touchée de 50%, pendant 5 sec."
SKILL_DESC_91009740,"[Je vais vous dompter !] Au début de la bataille dans la Guerre des Guildes, à la première utilisation de la compétence, réduit le coût en mana de 1 orbe pour toutes les compétences. Augmente le taux d'ATQ de 10% et DEG Crit de 20% de tous les alliés pendant 10 sec."
SKILL_DESC_91009741,"[Je vais vous dompter !] Au début de la bataille dans la Guerre des Guildes, à la première utilisation de la compétence, réduit le coût en mana de 1 orbe pour toutes les compétences. Augmente le taux d'ATQ de 12% et DEG Crit de 24% de tous les alliés pendant 10 sec."
SKILL_DESC_91009742,"[Je vais vous dompter !] Au début de la bataille dans la Guerre des Guildes, à la première utilisation de la compétence, réduit le coût en mana de 1 orbe pour toutes les compétences. Augmente le taux d'ATQ de 14% et DEG Crit de 29% de tous les alliés pendant 10 sec."
SKILL_DESC_91009743,"[Je vais vous dompter !] Au début de la bataille dans la Guerre des Guildes, à la première utilisation de la compétence, réduit le coût en mana de 1 orbe pour toutes les compétences. Augmente le taux d'ATQ de 17% et DEG Crit de 35% de tous les alliés pendant 10 sec."
SKILL_DESC_91009744,"[Je vais vous dompter !] Au début de la bataille dans la Guerre des Guildes, à la première utilisation de la compétence, réduit le coût en mana de 1 orbe pour toutes les compétences. Augmente le taux d'ATQ de 21% et DEG Crit de 42% de tous les alliés pendant 10 sec."
SKILL_DESC_91009745,"[Je vais vous dompter !] Au début de la bataille dans la Guerre des Guildes, à la première utilisation de la compétence, réduit le coût en mana de 1 orbe pour toutes les compétences. Augmente le taux d'ATQ de 25% et DEG Crit de 50% de tous les alliés pendant 10 sec."
SKILL_NAME_9810,Frémissez !
SKILL_NAME_9819,Agenouille-toi.
SKILL_NAME_9820,Affronte ma puissance.
SKILL_NAME_9825,Affronte ma puissance.
SKILL_NAME_9830,Contemple mon pouvoir omnipotent !
SKILL_NAME_9837,"Meurs, maintenant."
SKILL_NAME_9840,"Le Roi du Désert, c'est moi."
SKILL_NAME_60009810,Frémissez ! / Agenouille-toi. [Lumière]
SKILL_NAME_60009811,Frémissez ! / Agenouille-toi. [Ténèbres]
SKILL_NAME_60009820,Affronte ma puissance. [Lumière]
SKILL_NAME_60009821,Affronte ma puissance. [Ténèbres]
SKILL_NAME_60009830,"Contemple mon pouvoir omnipotent ! / Meurs, maintenant. [Lumière]"
SKILL_NAME_60009831,"Contemple mon pouvoir omnipotent ! / Meurs, maintenant. [Ténèbres]"
SKILL_NAME_60009840,"Le Roi du Désert, c'est moi. [Lumière]"
SKILL_NAME_60009841,"Le Roi du Désert, c'est moi. [Ténèbres]"
SKILL_NAME_60009850,Cain [Lumière]
SKILL_NAME_60009851,Cain [Ténèbres]
SKILL_DESC_9810,"Cain soigne l'allié aux PV les plus bas de [ffc800]{1}[-] PV. Il lui accorde [Bénédiction du Dieu-Roi] pour réduire tous les DEG reçus de [64ff64]{3}[-]% et immunise contre les Contrôles, pendant [64ffff]{2}[-] sec. Après [64ffff]{2}[-] sec, il dissipe les effets négatifs qui pèsent sur la cible, ainsi que sur les alliés à portée qui l'entourent, et soigne [ffc800]{4}[-] PV. [Bénédiction du Dieu-Roi] ne peut ête dissipée."
SKILL_DESC_9819,"Cain inflige [ffc800]{1}[-] points de DEG P à l'ennemi ayant l'ATQ la plus élevée, et utilise [Scellage du tyran] pour réduire la Vitesse d'ATQ de la cible de [ff6464]{3}[-] et l'empêche de bénéficer des effets positifs, pendant [64ffff]{2}[-] sec. Après [64ffff]{2}[-] sec, il inflige [ffc800]{4}[-] points de DEG P à la cible et aux ennemis à portée qui l'entourent, et applique Étourdissement pendant {5} sec. [Scellage du tyran] ne peut être dissipé."
SKILL_DESC_9811,Augmente la Récupération et les DEG de [64ff64]{1}[-] %.
SKILL_DESC_9812,Augmente la Récupération et les DEG de [64ff64]{1}[-] %.
SKILL_DESC_9813,Augmente la Récupération et les DEG de [64ff64]{1}[-] %.
SKILL_DESC_9820,"Cain devient [Tyran] et attaque continuellement la cible ennemie pour infliger [ffc800]{1}[-] points de DEG P à chaque coup. À l'état de [Tyran], les compétences [Frémissez !] [Contemple mon pouvoir omnipotent !] deviennent respectivement [Agenouille-toi.] [Meurs, maintenant.], et Cain est immunisé contre les Contrôles. Lorsque les compétences sont réutilisées, Cain redevient [Dieu-Roi].\n[Grâce du Dieu-Roi] À l'état de Dieu-Roi, les DEG reçus par tous les alliés sont réduits de [ffc800]{2}[-]%.\n[Prestige du Tyran] À l'état de Tyran, les DEG reçus par les tous les ennemis sont augmentés de [ffc800]{3}[-]%."
SKILL_DESC_9825,Cain redevient [Dieu-Roi].
SKILL_DESC_9821,Augmente les DEG de [64ff64]{1}[-] %.
SKILL_DESC_9822,Augmente les DEG de [64ff64]{1}[-] %.
SKILL_DESC_9823,Augmente les DEG de [64ff64]{1}[-] %.
SKILL_DESC_9830,"Augmente de {3} fois toutes les DEF des alliés à proximité de [ffc800]{2}[-], pendant [64ffff]{1}[-] sec. L'augmentation du taux de DEF peut être cumulé jusqu'à {3} fois. Si les effets sont activés pour les alliés bénéficiant de {3} augmentations du taux de DEF, augmente l'ATQ de la cible de [64ff64]{5}[-] et lui confère une immunité contre les Contrôles pendant [64ffff]{4}[-] sec."
SKILL_DESC_9837,"En plaçant à l'avant [Porte de l'Enfer] pendant {1} sec, inflige à {2} reprises aux ennemis à portée un total de [ffc800]{3}[-] points de DEG P et les attire au centre. Cause ensuite l'explosion de [Porte de l'Enfer] pour infliger [ffc800]{4}[-] points de DEG P et appliquer l'Étourdissement pendant [64ffff]{5}[-] sec."
SKILL_DESC_9831,Le taux d'augmentation d'ATQ et les DEG infligés augmentent de [64ff64]{1}[-] %.
SKILL_DESC_9832,Le taux d'augmentation d'ATQ et les DEG infligés augmentent de [64ff64]{1}[-] %.
SKILL_DESC_9833,Le taux d'augmentation d'ATQ et les DEG infligés augmentent de [64ff64]{1}[-] %.
SKILL_DESC_9840,"Au début de chaque combat, accorde une charge de [Roi du Désert], qui ne peut être dissipée. Pour chaque charge de [Roi du Désert], augmente les effets de [Grâce du Dieu-Roi] et [Prestige du Tyran] de [64ff64]{1}[-]%, et récupère {2} PM par sec et augmente l'ATQ de [64ff64]{3}[-]. Lorsque plus de {4} charges de [Roi du Désert] sont cumulées, les DEG infligés au Boss augmentent de [64ff64]{5}[-]%. [Roi du Désert] peut être cumulé jusqu'à {6} charges au maximum."
SKILL_DESC_9841,Le taux d'augmentation d'ATQ augmente de [64ff64]{1}[-] %.
SKILL_DESC_9842,Le taux d'augmentation d'ATQ augmente de [64ff64]{1}[-] %.
SKILL_DESC_9843,Le taux d'augmentation d'ATQ augmente de [64ff64]{1}[-] %.
SKILL_DESC_60009810,"Les effets de [Frémissez !] sont appliqués à 3 alliés, et tous les effets qui devraient s'activer après {1} sec ne sont pas activés."
SKILL_DESC_60009811,"Les effets de [Agenouille-toi.] sont appliqués à 3 alliés, et tous les effets qui devraient s'activer après {1} sec ne sont pas activés."
SKILL_DESC_60009820,Chaque charge de [Roi du Désert] augmente les DEG infligés par cette compétence de {1}%.
SKILL_DESC_60009821,"Réduit le temps de recharge de {1} sec et en mode bataille-auto, peut redevenir Dieu-Roi après s'être transformé en Tyran."
SKILL_DESC_60009830,Augmente la durée des effets de [Contemple mon pouvoir omnipotent !] pendant {1} sec.
SKILL_DESC_60009831,"Réduit le coût en mana de [Meurs, maintenant.] de 1 orbe de PM."
SKILL_DESC_60009840,L'augmentation des DEG infligés au Boss passe à {1}%.
SKILL_DESC_60009841,La récupération des PM par sec passe à {1}.
SKILL_DESC_60009850,"ATQ, DEF, PV +15% / PV +10%"
SKILL_DESC_60009851,"Au début de chaque combat, consomme {1}% de ses PV actuels pour augmenter les ATQ de tous les alliés de {3}% pendant {2} sec. Si les alliés sont moins de 3, réduit aussi les DEG reçus de tous les alliés de {4}%."
SKILL_DESC_90000980,"Les attaques automatiques et les compétences accordent des effets supplémentaires selon l'état du Héros.\nÀ l'état de [Dieu-Roi], applique l'Étourdissement à la cible pendant {2} sec, avec une probabilité de {1}%.\nÀ l'état de [Tyran], augmente les DEG P reçus par la cible de {4}%, pendant {3} sec."
SKILL_DESC_91009810,[Frémissez !] Augmente l'effet de la réduction de DEG reçus de {1}% supplémentaires. \n[Agenouille-toi.] Réduit le coût en mana de 1 orbe de PM.
SKILL_DESC_91009820,"[Affronte ma puissance.] Augmente les DEG infligés de {1}% et à l'état de Tyran, augmente les DEG infligés de {2}%."
SKILL_DESC_91009830,"[Contemple mon pouvoir omnipotent !] Augmente le taux d'augmentation d'ATQ de {1}%.\n[Meurs, maintenant.] Augmente les DEG reçus de la cible touchée par la compétence de {3}% pendant {2} sec."
SKILL_DESC_91009840,"[Le Roi du Désert, c'est moi.] Augmente le taux d'augmentation d'ATQ de {1}%. Lorsque le Héros possède plus de {2} charges de [Roi du désert], augmente la récupération des PV de tous les alliés de {3}%."
SKILL_NAME_4810,Feu ! Appareil générateur de l'Ultrason !
SKILL_NAME_4820,"Résonne en harmonie, Matimaruma !"
SKILL_NAME_4830,"Vous n'avez jamais vu une telle arme, n'est-ce pas ?"
SKILL_NAME_4840,Marche des Batailles
SKILL_NAME_60004810,Feu ! Appareil générateur de l'Ultrason ! [Lumière]
SKILL_NAME_60004811,Feu ! Appareil générateur de l'Ultrason ! [Ténèbres]
SKILL_NAME_60004820,"Résonne en harmonie, Matimaruma ! [Lumière]"
SKILL_NAME_60004821,"Résonne en harmonie, Matimaruma ! [Ténèbres]"
SKILL_NAME_60004830,"Vous n'avez jamais vu une telle arme, n'est-ce pas ? [Lumière]"
SKILL_NAME_60004831,"Vous n'avez jamais vu une telle arme, n'est-ce pas ? [Ténèbres]"
SKILL_NAME_60004840,Marche des Batailles [Lumière]
SKILL_NAME_60004841,Marche des Batailles [Ténèbres]
SKILL_NAME_60004850,Rehartna [Lumière]
SKILL_NAME_60004851,Rehartna [Ténèbres]
SKILL_DESC_4810,Attaque à {1} reprises et inflige [ffc800]{2}[-] DEG P au total aux ennemis en face en ligne droite. Chaque coup porté les étourdit pendant [64ffff]{3}[-] sec et réduit leur taux d'ATQ de [ff6464]{5}[-]% pendant [64ffff]{4}[-] sec.
SKILL_DESC_4811,Augmente les DEG infligés de [64ff64]{1}[-] %.
SKILL_DESC_4820,"Soigne immédiatement [ffc800]{1}[-] PV de l'allié aux PV les plus bas et génère un bouclier protecteur qui absorbe [ffc800]{3}[-] points de DEG pendant [64ffff]{2}[-] sec. De plus, le bouclier protecteur immuse le bénéficiaire contre tous les contrôles. Pendant la durée de l'effet, les alliés situés à proximité du bouclier protecteur récupèrent [ffc800]{4}[-] PV toutes les secondes et leur DEF augmente de [64ff64]{5}[-] points. Les ennemis situés à proximité du bouclier protecteur reçoivent [ffc800]{6}[-] points de DEG toutes les secondes et leur Vitesse d'ATQ est réduite de [ff6464]{7}[-] points."
SKILL_DESC_4821,Augmente le Bouclier protecteur de [64ff64]{1}[-] %.
SKILL_DESC_4830,"Réduit le temps de recharge de toutes les compétences de {1} alliés aléatoires de [64ffff]{2}[-] sec et restaure leur PM de [64ff64]{4}[-] toutes les secondes, pendant [64ffff]{3}[-] sec. Augmente également leur taux d'ATQ de [64ff64]{5}[-]. À chaque utilisation de la compétence, l'augmentation du taux d'ATQ augmente de [64ff64]{6}[-] points supplémentaires."
SKILL_DESC_4831,Augmente le taux d'augmentation d'ATQ de [64ff64]{1}[-] %.
SKILL_DESC_4840,"Au début de chaque bataille, soigne les PV de tous les alliés de [ffc800]{1}[-] points et augmente le taux de récupération de [64ff64]{2}[-]%. L'augmentation du taux de récupération est cumulable jusqu'à {3} fois et ne peut être dissipée."
SKILL_DESC_4841,Augmente la Récupération de [64ff64]{1}[-]%.
SKILL_DESC_60004810,Augmente le coût en mana de 1 et dissipe les effets positifs de la cible.
SKILL_DESC_60004811,Réduit la Pénétration DEF de la cible touchée de {2} pendant {1} sec.
SKILL_DESC_60004820,Réduit le coût de mana de 1.
SKILL_DESC_60004821,Augmente les DEG P reçus par les ennemis à portée de {1}% pendant la durée de la compétence.
SKILL_DESC_60004830,L'effet de la compétence s'étend maintenant sur {1} alliés.
SKILL_DESC_60004831,Réduit le temps de recharge de {1} sec.
SKILL_DESC_60004840,"Au début de chaque bataille, récupère {1} PM."
SKILL_DESC_60004841,Augmente les DEG crit de tous les alliés de {1}% par charge cumulée.
SKILL_DESC_60004850,"ATQ, DEF, PV +15% / Résistance aux Contrôles +100"
SKILL_DESC_60004851,"À chaque fois que le Héros utilise une compétence, augmente le taux d'ATQ de {1} alliés aléatoires de {2}% et la DEF de {3}%. Cet effet est cumulable jusqu'à {4} fois et ne peut être dissipé."
SKILL_DESC_90000480,"À chaque {1}e utilisation de compétence, dissipe les effets négatifs sur tous les alliés et réduit leurs DEG reçus de {3}% pendant {2} sec."
SKILL_DESC_91004810,"[Feu ! Appareil générateur de l'Ultrason !] Pendant la durée de la compétence, immunise contre les Contrôles et réduit le mana de la cible ennemie de {1} à chaque coup porté."
SKILL_DESC_91004820,"[Résonne en harmonie, Matimaruma !] Augmente la Résistance Crit des alliés à proximité de {1} et restaure leur mana de {2} toutes les secondes."
SKILL_DESC_91004830,"[Vous n'avez jamais vu une telle arme, n'est-ce pas ?] Réduit le temps de recharge de toutes les compétences de {1} sec supplémentaires et immunise la cible aux Contrôles pendant {2} sec."
SKILL_DESC_91004840,[Marche des Batailles] Augmente le nombre max de charge cumulable à {1} et les DEG infligés au boss de {2}% par charge.
SKILL_DESC_93004800,"Invoque l'âme de Matimaruma, le Chant de l'Ouvre-Chemin, ce qui augmente le taux d'ATQ de tous les alliés de [64ff64]{2}[-]% pendant [64ffff]{1}[-] sec. Après [64ffff]{1}[-] sec, inflige aux ennemis en face en ligne droite [ffc800]{3}[-] DEG P et les renverse pendant [64ffff]{4}[-] sec."
SKILL_DESC_93004801,Augmente la Vitesse d'ATQ de tous les alliés de {1} pendant la durée de la compétence.
SKILL_DESC_93004802,Augmente les DEG P infligés aux ennemis de {2}% pendant {1} sec. 
