KEY,Spanish
SKILL_NAME_7510,¡¡Haga el Juicio!!
SKILL_NAME_7511,¡¡Haga el Juicio!! II
SKILL_NAME_7512,¡¡Haga el Juicio!! III
SKILL_NAME_7513,¡¡Haga el Juicio!! IV
SKILL_NAME_7520,¡¡Tomaré Prestado su Poder!!
SKILL_NAME_7521,¡¡Tomaré Prestado su Poder!! II
SKILL_NAME_7522,¡¡Tomaré Prestado su Poder!! III
SKILL_NAME_7523,¡¡Tomaré Prestado su Poder!! IV
SKILL_NAME_7530,¡¡Ponle Fin al Sufrimiento!!
SKILL_NAME_7531,¡¡Ponle Fin al Sufrimiento!! II
SKILL_NAME_7532,¡¡Ponle Fin al Sufrimiento!! III
SKILL_NAME_7533,¡¡Ponle Fin al Sufrimiento!! IV
SKILL_NAME_7540,¡¡Demostraré el Poder de mis Antepasados!!
SKILL_NAME_7541,¡¡Demostraré el Poder de mis Antepasados!! II
SKILL_NAME_7542,¡¡Demostraré el Poder de mis Antepasados!! III
SKILL_NAME_7543,¡¡Demostraré el Poder de mis Antepasados!! IV
SKILL_NAME_60007510,¡¡Haga el Juicio!! [Luz]
SKILL_NAME_60007511,¡¡Haga el Juicio!! [Oscuridad]
SKILL_NAME_60007520,¡¡Tomaré Prestado su Poder!! [Luz]
SKILL_NAME_60007521,¡¡Tomaré Prestado su Poder!! [Oscuridad]
SKILL_NAME_60007530,¡¡Póngale Fin al Sufrimiento!! [Luz]
SKILL_NAME_60007531,¡¡Póngale Fin al Sufrimiento!! [Oscuridad]
SKILL_NAME_60007540,¡¡Demostraré el Poder de mis Antepasados!! [Luz]
SKILL_NAME_60007541,¡¡Demostraré el Poder de mis Antepasados!! [Oscuridad]
SKILL_NAME_60007550,Dakaris [Luz]
SKILL_NAME_60007551,Dakaris [Oscuridad]
SKILL_DESC_7510,"Ataca al enemigo y sus alrededores, causa daño mágico de [ffc800]{1}[-] y los aturde por [64ffff]{2}[-]segundos. Recupera la salud de los aliados por [ffc800]{3}[-]. Cuando [¡¡Tomaré Prestado su Poder!!] está activado el tiempo de espera para la reutilización de esta habilidad será reiniciado, se podrá usar esta habilidad tres veces sin tiempo de reutilización."
SKILL_DESC_7511,El daño incrementa un [64ff64]{1}[-] %.
SKILL_DESC_7512,El daño incrementa un [64ff64]{1}[-] %.
SKILL_DESC_7513,El daño incrementa un [64ff64]{1}[-] %.
SKILL_DESC_7520,"Recupera su salud por [ffc800]{2}[-] durante [64ffff]{1}[-] segundos, {3} casillas de mana e incrementa su ataque por [64ff64]{4}[-]. Si la salud está llena al activarse, absorbe [ffc800]{5}[-] de daño y crea un escudo inmune a efectos de estado por [64ff64]{6}[-] segundos. Si hay menos de tres aliados, los efectos aparecerán en todos."
SKILL_DESC_7521,Incrementa el aumento de ataque en un [64ff64]{1}[-] %.
SKILL_DESC_7522,Incrementa el aumento de ataque en un [64ff64]{1}[-] %.
SKILL_DESC_7523,Incrementa el aumento de ataque en un [64ff64]{1}[-] %.
SKILL_DESC_7530,"Ataca a un enemigo aleatorio 5 veces dándole un daño mágico de [ffc800]{1}[-], con un [ffc800]{2}[-] adicional si el oponente no es un héroe. Si [¡¡Tomaré Prestado su Poder!!] está activado, ataca al enemigo con mayor poder de ataque primero."
SKILL_DESC_7531,El daño incrementa un [64ff64]{1}[-] %.
SKILL_DESC_7532,El daño incrementa un [64ff64]{1}[-] %.
SKILL_DESC_7533,El daño incrementa un [64ff64]{1}[-] %.
SKILL_DESC_7540,"Con salud llena, aumenta su poder de ataque en un [64ff64]{1}[-], de lo contrario recupera su salud por [ffc800]{2}[-] cada segundo. Cuando esté en peligro de morir, absorbe [ffc800]{3}[-] de daño y usa toda su mana creando un escudo inmune a efectos de estado por [64ff64]{4}[-] segundos. Mientras dure el escudo, no se podrá recuperar mana."
SKILL_DESC_7541,Incrementa el aumento de ataque en un [64ff64]{1}[-] %.
SKILL_DESC_7542,Incrementa el aumento de ataque en un [64ff64]{1}[-] %.
SKILL_DESC_7543,Incrementa el aumento de ataque en un [64ff64]{1}[-] %.
SKILL_DESC_60007510,Aumenta la duración de aturdimiento por 1 segundo.
SKILL_DESC_60007511,Reduce el costo de mana por 1.
SKILL_DESC_60007520,"Al activarse, la velocidad de ataque incrementa en 500."
SKILL_DESC_60007521,Incrementa el tiempo de duración del escudo por 5 segundos.
SKILL_DESC_60007530,Inmunidad a efectos de estado mientras dura la habilidad.
SKILL_DESC_60007531,Incrementa el daño en un 40%.
SKILL_DESC_60007540,La cantidad de cura aumentó en un 100%.
SKILL_DESC_60007541,"Si su salud está llena, recupera 300 mana cada segundo."
SKILL_DESC_60007550,"Poder de ataque, defensa, salud+15% / Probabilidad de crítico +100"
SKILL_DESC_60007551,"En los primeros 5 segundos de la batalla inicial, obtiene [Consejo de los Antepasados], que incrementará la resistencia a efectos de estado en 200. Si conserva [Consejo de los Antepasados] después de los 5 segundos, efectos dañinos de 3 aliados al azar serán eliminados y la defensa incrementará un 50% durante 10 segundos. No se puede cancelar el incremento de defensa."
SKILL_DESC_90000750,El daño recibido disminuye un 10% y la resistencia a efectos de estado incrementa por 100. Este efecto incrementa el doble por 2 segundos al usar la habilidad.
SKILL_DESC_90000751,El daño recibido disminuye un 12% y la resistencia a efectos de estado incrementa por 120. Este efecto incrementa el doble por 2 segundos al usar la habilidad.
SKILL_DESC_90000752,El daño recibido disminuye un 14% y la resistencia a efectos de estado incrementa por 140. Este efecto incrementa el doble por 2 segundos al usar la habilidad.
SKILL_DESC_90000753,El daño recibido disminuye un 17% y la resistencia a efectos de estado incrementa por 170. Este efecto incrementa el doble por 2 segundos al usar la habilidad.
SKILL_DESC_90000754,El daño recibido disminuye un 21% y la resistencia a efectos de estado incrementa por 210. Este efecto incrementa el doble por 2 segundos al usar la habilidad.
SKILL_DESC_90000755,El daño recibido disminuye un 25% y la resistencia a efectos de estado incrementa por 250. Este efecto incrementa el doble por 2 segundos al usar la habilidad.
SKILL_DESC_91007510,[¡¡Haga el Juicio!!] Aumenta el daño 50% y recupera un 1% adicional de la salud máxima del aliado curado.
SKILL_DESC_91007511,[¡¡Haga el Juicio!!] Aumenta el daño 50% y recupera un 1.2% adicional de la salud máxima del aliado curado.
SKILL_DESC_91007512,[¡¡Haga el Juicio!!] Aumenta el daño 50% y recupera un 1.4% adicional de la salud máxima del aliado curado.
SKILL_DESC_91007513,[¡¡Haga el Juicio!!] Aumenta el daño 50% y recupera un 1.7% adicional de la salud máxima del aliado curado.
SKILL_DESC_91007514,[¡¡Haga el Juicio!!] Aumenta el daño 50% y recupera un 2.1% adicional de la salud máxima del aliado curado.
SKILL_DESC_91007515,[¡¡Haga el Juicio!!] Aumenta el daño 50% y recupera un 2.5% adicional de la salud máxima del aliado curado.
SKILL_DESC_91007520,[¡¡Tomaré Prestado su Poder!!] El tiempo de reutilización reduce por 5 segundos y aumenta la tasa de curación y la recuperación de mana un 20%.
SKILL_DESC_91007521,[¡¡Tomaré Prestado su Poder!!] El tiempo de reutilización reduce por 5 segundos y aumenta la tasa de curación y la recuperación de mana un 24%.
SKILL_DESC_91007522,[¡¡Tomaré Prestado su Poder!!] El tiempo de reutilización reduce por 5 segundos y aumenta la tasa de curación y la recuperación de mana un 29%.
SKILL_DESC_91007523,[¡¡Tomaré Prestado su Poder!!] El tiempo de reutilización reduce por 5 segundos y aumenta la tasa de curación y la recuperación de mana un 35%.
SKILL_DESC_91007524,[¡¡Tomaré Prestado su Poder!!] El tiempo de reutilización reduce por 5 segundos y aumenta la tasa de curación y la recuperación de mana un 42%.
SKILL_DESC_91007525,[¡¡Tomaré Prestado su Poder!!] El tiempo de reutilización reduce por 5 segundos y aumenta la tasa de curación y la recuperación de mana un 50%.
SKILL_DESC_91007530,[¡¡Ponle Fin al Sufrimiento!!] Incrementa el daño un 20% y usa la habilidad una vez más al matar al enemigo.
SKILL_DESC_91007531,[¡¡Ponle Fin al Sufrimiento!!] Incrementa el daño un 24% y usa la habilidad una vez más al matar al enemigo.
SKILL_DESC_91007532,[¡¡Ponle Fin al Sufrimiento!!] Incrementa el daño un 29% y usa la habilidad una vez más al matar al enemigo.
SKILL_DESC_91007533,[¡¡Ponle Fin al Sufrimiento!!] Incrementa el daño un 35% y usa la habilidad una vez más al matar al enemigo.
SKILL_DESC_91007534,[¡¡Ponle Fin al Sufrimiento!!] Incrementa el daño un 42% y usa la habilidad una vez más al matar al enemigo.
SKILL_DESC_91007535,[¡¡Ponle Fin al Sufrimiento!!] Incrementa el daño un 50% y usa la habilidad una vez más al matar al enemigo.
SKILL_DESC_91007540,[¡¡Demostraré el Poder de mis Antepasados!!] El escudo aumenta 20% y se aplica a todos los aliados.
SKILL_DESC_91007541,[¡¡Demostraré el Poder de mis Antepasados!!] El escudo aumenta 24% y se aplica a todos los aliados.
SKILL_DESC_91007542,[¡¡Demostraré el Poder de mis Antepasados!!] El escudo aumenta 29% y se aplica a todos los aliados.
SKILL_DESC_91007543,[¡¡Demostraré el Poder de mis Antepasados!!] El escudo aumenta 35% y se aplica a todos los aliados.
SKILL_DESC_91007544,[¡¡Demostraré el Poder de mis Antepasados!!] El escudo aumenta 42% y se aplica a todos los aliados.
SKILL_DESC_91007545,[¡¡Demostraré el Poder de mis Antepasados!!] El escudo aumenta 50% y se aplica a todos los aliados.
SKILL_NAME_7110,¡Cuchilla del Juicio!
SKILL_NAME_7111,¡Cuchilla del Juicio! II
SKILL_NAME_7112,¡Cuchilla del Juicio! III
SKILL_NAME_7113,¡Cuchilla del Juicio! IV
SKILL_NAME_7120,¡Niebla de Cristal!
SKILL_NAME_7121,¡Niebla de Cristal! II
SKILL_NAME_7122,¡Niebla de Cristal! III
SKILL_NAME_7123,¡Niebla de Cristal! IV
SKILL_NAME_7130,¡Flor Escarlata!
SKILL_NAME_7131,¡Flor Escarlata! II
SKILL_NAME_7132,¡Flor Escarlata! III
SKILL_NAME_7133,¡Flor Escarlata! IV
SKILL_NAME_7140,¡Alto a los Crímenes!
SKILL_NAME_7141,¡Alto a los Crímenes! II
SKILL_NAME_7142,¡Alto a los Crímenes! III
SKILL_NAME_7143,¡Alto a los Crímenes! IV
SKILL_NAME_60007110,¡Cuchilla del Juicio! [Luz]
SKILL_NAME_60007111,¡Cuchilla del Juicio! [Oscuridad]
SKILL_NAME_60007120,¡Niebla de Cristal! [Luz]
SKILL_NAME_60007121,¡Niebla de Cristal! [Oscuridad]
SKILL_NAME_60007130,¡Flor Escarlata! [Luz]
SKILL_NAME_60007131,¡Flor Escarlata! [Oscuridad]
SKILL_NAME_60007140,¡Alto a los Crímenes! [Luz]
SKILL_NAME_60007141,¡Alto a los Crímenes! [Oscuridad]
SKILL_NAME_60007150,Kirze [Luz]
SKILL_NAME_60007151,Kirze [Oscuridad]
SKILL_DESC_7110,Causa un daño mágico total de [ffc800]{1}[-] 7 veces a los enemigos en las cercanías en rango circular. Seguidamente causa daño mágico de [ffc800]{2}[-] a los enemigos al frente y los derriba durante [64ffff]{3}[-] segundos. 
SKILL_DESC_7111,El daño incrementa un [64ff64]{1}[-] %.
SKILL_DESC_7112,El daño incrementa un [64ff64]{1}[-] %.
SKILL_DESC_7113,El daño incrementa un [64ff64]{1}[-] %.
SKILL_DESC_7120,"La fuerza de los cristales arcanos dentro de su cuerpo estalla, causando un daño mágico de [ffc800]{1}[-] a todos los enemigos y aturdiéndolos durante [64ffff]{2}[-] segundos. Durante [64ffff]{3}[-] segundos podrás usar el modo [fa96fa][Despertar de Cristales Arcanos][-] e incrementar la velocidad de ataque de tus aliados en [64ff64]{4}[-], cada [64ffff]{5}[-] segundos crea una onda de choque, causa [ffc800]{6}[-] de daño mágico a los enemigos en las cercanías y los aturde durante [64ffff]{7}[-] segundos."
SKILL_DESC_7121,El daño incrementa un [64ff64]{1}[-] %.
SKILL_DESC_7122,El daño incrementa un [64ff64]{1}[-] %.
SKILL_DESC_7123,El daño incrementa un [64ff64]{1}[-] %.
SKILL_DESC_7130,"Invoca cristales arcanos y causa [ffc800]{1}[-] de daño mágico a los enemigos en línea recta al frente. Después, los explota y causa un daño mágico adicional de [ffc800]{2}[-]. Durante [64ffff]{3}[-] segundos podrás usar el modo [fa96fa][Maldición del Cristal Arcano][-] que reducirá la velocidad de ataque de los enemigos en [ff6464]{4}[-].\nSi atacas enemigos en modo [fa96fa][Maldición del Cristal Arcano][-], acumulas [fa96fa][Energía del Cristal Arcano][-]. [fa96fa][Maldición del Cristal Arcano][-] explota tras [64ffff]{5}[-] segundos y causa {7}[-] de daño mágico por cada [ffc800]{6} + acumulación de Energía de Cristal Arcano."
SKILL_DESC_7131,El daño incrementa un [64ff64]{1}[-] %.
SKILL_DESC_7132,El daño incrementa un [64ff64]{1}[-] %.
SKILL_DESC_7133,El daño incrementa un [64ff64]{1}[-] %.
SKILL_DESC_7140,"Incrementa tu ataque en [64ff64]{1}[-] y probabilidad de daño crítico en [64ff64]{2}[-], la duración de efectos de estado que tus aliados tengan en los jefes incrementa un [64ff64]{3}[-]%."
SKILL_DESC_7141,El incremento de ataque aumenta un [64ff64]{1}[-] %.
SKILL_DESC_7142,El incremento de ataque aumenta un [64ff64]{1}[-] %.
SKILL_DESC_7143,El incremento de ataque aumenta un [64ff64]{1}[-] %.
SKILL_DESC_60007110,Tiempo de reutilización se reduce un {1}% por cada enemigo que reciba daño.
SKILL_DESC_60007111,El daño incrementa un 100% cuando hay solamente 1 enemigo.
SKILL_DESC_60007120,La duración del aturdimiento de la onda de choque aumenta {1} segundo para los enemigos que no son héroes.
SKILL_DESC_60007121,En modo [Despertar de Cristales Arcanos] el daño causado a los enemigos que no son héroes incrementa un {1}%.
SKILL_DESC_60007130,La reducción de velocidad de ataque incrementa en {1}.
SKILL_DESC_60007131,Cuando queda solamente 1 enemigo acumula el doble de Energía del Cristal Arcano.
SKILL_DESC_60007140,Al inicio de cada batalla incrementa el daño causado a los enemigos que no son héroes un {1}% durante 20 segundos.
SKILL_DESC_60007141,El daño causado a jefes incrementa un {1}%.
SKILL_DESC_60007150,"Ataque, Defensa, Salud +15% / Velocidad de Ataque +100"
SKILL_DESC_60007151,La velocidad de ataque incrementa en {1} cada vez al atacar con ataques comunes y habilidades. Este efecto se puede acumular un máximo de {2}veces.
SKILL_DESC_90000710,"Amplifica el poder de los cristales arcanos e incrementa el alcance del efecto de [¡Flor Escarlata!]. Además, al atacar con ataques comunes y habilidades hay un 4% de probabilidad de causar daño mágico adicional del 500% del ataque. Duplica el daño causado a los jefes. "
SKILL_DESC_90000711,"Amplifica el poder de los cristales arcanos e incrementa el alcance del efecto de [¡Flor Escarlata!]. Además, al atacar con ataques comunes y habilidades hay un 4% de probabilidad de causar daño mágico adicional del 600% del ataque. Duplica el daño causado a los jefes. "
SKILL_DESC_90000712,"Amplifica el poder de los cristales arcanos e incrementa el alcance del efecto de [¡Flor Escarlata!]. Además, al atacar con ataques comunes y habilidades hay un 4% de probabilidad de causar daño mágico adicional del 720% del ataque. Duplica el daño causado a los jefes. "
SKILL_DESC_90000713,"Amplifica el poder de los cristales arcanos e incrementa el alcance del efecto de [¡Flor Escarlata!]. Además, al atacar con ataques comunes y habilidades hay un 4% de probabilidad de causar daño mágico adicional del 860% del ataque. Duplica el daño causado a los jefes. "
SKILL_DESC_90000714,"Amplifica el poder de los cristales arcanos e incrementa el alcance del efecto de [¡Flor Escarlata!]. Además, al atacar con ataques comunes y habilidades hay un 4% de probabilidad de causar daño mágico adicional del 1000% del ataque. Duplica el daño causado a los jefes. "
SKILL_DESC_90000715,"Amplifica el poder de los cristales arcanos e incrementa el alcance del efecto de [¡Flor Escarlata!]. Además, al atacar con ataques comunes y habilidades hay un 4% de probabilidad de causar daño mágico adicional del 1250% del ataque. Duplica el daño causado a los jefes. "
SKILL_DESC_91007110,[¡Cuchilla del Juicio!] Incrementa el daño causado un 20% y la cantidad de mana utilizada se reduce en 1.
SKILL_DESC_91007111,[¡Cuchilla del Juicio!] Incrementa el daño causado un 24% y la cantidad de mana utilizada se reduce en 1.
SKILL_DESC_91007112,[¡Cuchilla del Juicio!] Incrementa el daño causado un 29% y la cantidad de mana utilizada se reduce en 1.
SKILL_DESC_91007113,[¡Cuchilla del Juicio!] Incrementa el daño causado un 35% y la cantidad de mana utilizada se reduce en 1.
SKILL_DESC_91007114,[¡Cuchilla del Juicio!] Incrementa el daño causado un 42% y la cantidad de mana utilizada se reduce en 1.
SKILL_DESC_91007115,[¡Cuchilla del Juicio!] Incrementa el daño causado un 50% y la cantidad de mana utilizada se reduce en 1.
SKILL_DESC_91007120,[¡Niebla de Cristal!] Incrementa la velocidad de ataque adicionalmente en 100 y la duración de [Despertar de Cristales Arcanos] en 7 segundos.
SKILL_DESC_91007121,[¡Niebla de Cristal!] Incrementa la velocidad de ataque adicionalmente en 120 y la duración de [Despertar de Cristales Arcanos] en 7 segundos.
SKILL_DESC_91007122,[¡Niebla de Cristal!] Incrementa la velocidad de ataque adicionalmente en 140 y la duración de [Despertar de Cristales Arcanos] en 7 segundos.
SKILL_DESC_91007123,[¡Niebla de Cristal!] Incrementa la velocidad de ataque adicionalmente en 170 y la duración de [Despertar de Cristales Arcanos] en 7 segundos.
SKILL_DESC_91007124,[¡Niebla de Cristal!] Incrementa la velocidad de ataque adicionalmente en 210 y la duración de [Despertar de Cristales Arcanos] en 7 segundos.
SKILL_DESC_91007125,[¡Niebla de Cristal!] Incrementa la velocidad de ataque adicionalmente en 250 y la duración de [Despertar de Cristales Arcanos] en 7 segundos.
SKILL_DESC_91007130,[¡Flor Escarlata!] El tiempo de reutilización se reduce en 30% y al acumular [Energía del Cristal Arcano] hay un 40% de probabilidad de acumular 3 más.
SKILL_DESC_91007131,[¡Flor Escarlata!] El tiempo de reutilización se reduce en 30% y al acumular [Energía del Cristal Arcano] hay un 48% de probabilidad de acumular 3 más.
SKILL_DESC_91007132,[¡Flor Escarlata!] El tiempo de reutilización se reduce en 30% y al acumular [Energía del Cristal Arcano] hay un 58% de probabilidad de acumular 3 más.
SKILL_DESC_91007133,[¡Flor Escarlata!] El tiempo de reutilización se reduce en 30% y al acumular [Energía del Cristal Arcano] hay un 70% de probabilidad de acumular 3 más.
SKILL_DESC_91007134,[¡Flor Escarlata!] El tiempo de reutilización se reduce en 30% y al acumular [Energía del Cristal Arcano] hay un 84% de probabilidad de acumular 3 más.
SKILL_DESC_91007135,[¡Flor Escarlata!] El tiempo de reutilización se reduce en 30% y al acumular [Energía del Cristal Arcano] hay un 100% de probabilidad de acumular 3 más.
SKILL_DESC_91007140,[¡Alto a los Crímenes!] La probabilidad de daño crítico incrementa adicionalmente en 250 y el efecto de incremento de los efectos de estado cambia a 30%.
SKILL_DESC_91007141,[¡Alto a los Crímenes!] La probabilidad de daño crítico incrementa adicionalmente en 250 y el efecto de incremento de los efectos de estado cambia a 32%.
SKILL_DESC_91007142,[¡Alto a los Crímenes!] La probabilidad de daño crítico incrementa adicionalmente en 250 y el efecto de incremento de los efectos de estado cambia a 34%.
SKILL_DESC_91007143,[¡Alto a los Crímenes!] La probabilidad de daño crítico incrementa adicionalmente en 250 y el efecto de incremento de los efectos de estado cambia a 37%. 
SKILL_DESC_91007144,[¡Alto a los Crímenes!] La probabilidad de daño crítico incrementa adicionalmente en 250 y el efecto de incremento de los efectos de estado cambia a 41%. 
SKILL_DESC_91007145,[¡Alto a los Crímenes!] La probabilidad de daño crítico incrementa adicionalmente en 250 y el efecto de incremento de los efectos de estado cambia a 45%. 
SKILL_NAME_9710,¡Puedo Verlo Todo!
SKILL_NAME_9711,¡Puedo Verlo Todo! II
SKILL_NAME_9712,¡Puedo Verlo Todo! III
SKILL_NAME_9713,¡Puedo Verlo Todo! IV
SKILL_NAME_9720,¡Te Dejaré Lleno de Agujeros! 
SKILL_NAME_9721,¡Te Dejaré Lleno de Agujeros! II
SKILL_NAME_9722,¡Te Dejaré Lleno de Agujeros! III
SKILL_NAME_9723,¡Te Dejaré Lleno de Agujeros! IV
SKILL_NAME_9730,¡Intenta Esconderte en un Nido de Ratas! 
SKILL_NAME_9731,¡Intenta Esconderte en un Nido de Ratas! II
SKILL_NAME_9732,¡Intenta Esconderte en un Nido de Ratas! III
SKILL_NAME_9733,¡Intenta Esconderte en un Nido de Ratas! IV
SKILL_NAME_9740,¡Te Entrenaré!
SKILL_NAME_9741,¡Te Entrenaré! II
SKILL_NAME_9742,¡Te Entrenaré! III
SKILL_NAME_9743,¡Te Entrenaré! IV
SKILL_NAME_60009710,¡Puedo Verlo Todo! [Luz]
SKILL_NAME_60009711,¡Puedo Verlo Todo! [Oscuridad]
SKILL_NAME_60009720,¡Te Dejaré Lleno de Agujeros! [Luz]
SKILL_NAME_60009721,¡Te Dejaré Lleno de Agujeros! [Oscuridad]
SKILL_NAME_60009730,¡Intenta Esconderte en un Nido de Ratas! [Luz]
SKILL_NAME_60009731,¡Intenta Esconderte en un Nido de Ratas! [Oscuridad]
SKILL_NAME_60009740,¡Te Entrenaré! [Luz]
SKILL_NAME_60009741,¡Te Entrenaré! [Oscuridad]
SKILL_NAME_60009750,Hanus [Luz]
SKILL_NAME_60009751,Hanus [Oscuridad]
SKILL_DESC_9710,"Dispara con una metralleta después de aventar una granada, causa un daño físico de [ffc800]{1}[-] al objetivo y sus alrededores y tú obtienes [64ffff]{2}[-] [fa96fa]balas[-]. El daño físico que recibe el enemigo afectado aumenta un [ff6464]{4}[-]% durante [64ffff]{3}[-] segundos y se enceguece por [64ffff]{5}[-] segundos. Las balas se acumulan un máximo de {6}."
SKILL_DESC_9711,Incrementa el daño un [64ff64]{1}[-]%.
SKILL_DESC_9712,Incrementa el daño un [64ff64]{1}[-]%.
SKILL_DESC_9713,Incrementa el daño un [64ff64]{1}[-]%.
SKILL_DESC_9720,"Dispara {1} veces su ametralladora hacia los enemigos frontales en un gran rango y causa un total de [ffc800]{2}[-] daño físico. Si tienes [fa96fa]balas[-], atacas usando [64ffff]{3}[-] cada vez hasta que se acaben todas. En este estado incrementa el daño recibido un [ff6464]{4}[-]%. Cada vez que se dispara {5} veces con la ametralladora, el daño de esta habilidad incrementa [64ff64]{6}[-]%. El efecto de incremento de daño se puede acumular un máximo de {7} veces."
SKILL_DESC_9721,Incrementa el daño un [64ff64]{1}[-]%.
SKILL_DESC_9722,Incrementa el daño un [64ff64]{1}[-]%.
SKILL_DESC_9723,Incrementa el daño un [64ff64]{1}[-]%.
SKILL_DESC_9730,"Dispara un mortero en un área frontal lejos de sí mismo, causa un daño físico de [ffc800]{1}[-] en un área extensa y obtiene [64ffff]{2}[-] [fa96fa]balas[-]. El enemigo afectado es aturdido por [64ffff]{3}[-] segundos. Esta habilidad ignora los efectos de bloqueo del objetivo."
SKILL_DESC_9731,Incrementa el daño un [64ff64]{1}[-]%.
SKILL_DESC_9732,Incrementa el daño un [64ff64]{1}[-]%.
SKILL_DESC_9733,Incrementa el daño un [64ff64]{1}[-]%.
SKILL_DESC_9740,"La velocidad de ataque de Hanus no se ve afectada, incrementa el ataque de todos los aliados en [64ff64]{1} + el ataque de Hanus un {2}%[-].\n\nSi el efecto es utilizado en batallas del clan, se multiplica por [64ff64]{3}[-].\n[Batallas del Clan] – Raid del Clan, Conquistas del Clan, Arena del Clan"
SKILL_DESC_9741,Incrementa el aumento de ataque un [64ff64]{1}[-]%.
SKILL_DESC_9742,Incrementa el aumento de ataque un [64ff64]{1}[-]%.
SKILL_DESC_9743,Incrementa el aumento de ataque un [64ff64]{1}[-]%.
SKILL_DESC_60009710,Cancela los efectos positivos del enemigo.
SKILL_DESC_60009711,Obtendrás {1} balas y durante {2} segundos incrementa tu ataque un {3}%. El efecto de incremento de ataque puede ser acumulado hasta {4} veces.
SKILL_DESC_60009720,"Incrementa el consumo de balas en {1}, pero incrementa el daño de golpes críticos de Hanus un {2}% al usar balas consecutivamente."
SKILL_DESC_60009721,Elimina el efecto de incremento de daño recibido por los enemigos.
SKILL_DESC_60009730,Ignora el efecto de reducción de daño del oponente cuando se usa en la Arena del Clan.
SKILL_DESC_60009731,Obtendrás {1} balas y durante {2} segundos incrementa tu penetración de defensa en {3}. El efecto de incremento de penetración de defensa puede ser acumulado hasta {4} veces.
SKILL_DESC_60009740,"Al inicio de las batallas del clan, reduce el daño recibido por los aliados un {2}% durante {1} segundos."
SKILL_DESC_60009741,Obtendrás {2} balas cada {1} segundos.
SKILL_DESC_60009750,"Ataque, Defensa, Salud + 15% / Daño de Golpes Críticos + 20%"
SKILL_DESC_60009751,"Al inicio de las batallas del clan, reduce el mana de todos los enemigos en {1} e incrementa todos los daños recibidos en {3}% durante {2} segundos."
SKILL_DESC_90000970,"Incrementa el daño de golpes críticos de Hanus un 20%, dispara [HN-Misiles Teledirigidos, Broma Insignificante] cada 20 segundos, causa un daño físico equivalente al 200% del ataque a enemigos aleatorios, y causa uno entre los efectos de Aturdir, Congelar, Petrificar, Derribar y Reducción de la velocidad de ataque en 250 durante 3 segundos."
SKILL_DESC_90000971,"Incrementa el daño de golpes críticos de Hanus un 24%, dispara [HN-Misiles Teledirigidos, Broma Insignificante] cada 17 segundos, causa un daño físico equivalente al 240% del ataque a enemigos aleatorios, y causa uno entre los efectos de Aturdir, Congelar, Petrificar, Derribar y Reducción de la velocidad de ataque en 250 durante 3 segundos."
SKILL_DESC_90000972,"Incrementa el daño de golpes críticos de Hanus un 29%, dispara [HN-Misiles Teledirigidos, Broma Insignificante] cada 14 segundos, causa un daño físico equivalente al 290% del ataque a enemigos aleatorios, y causa uno entre los efectos de Aturdir, Congelar, Petrificar, Derribar y Reducción de la velocidad de ataque en 250 durante 3 segundos."
SKILL_DESC_90000973,"Incrementa el daño de golpes críticos de Hanus un 35%, dispara [HN-Misiles Teledirigidos, Broma Insignificante] cada 12 segundos, causa un daño físico equivalente al 350% del ataque a enemigos aleatorios, y causa uno entre los efectos de Aturdir, Congelar, Petrificar, Derribar y Reducción de la velocidad de ataque en 250 durante 3 segundos."
SKILL_DESC_90000974,"Incrementa el daño de golpes críticos de Hanus un 42%, dispara [HN-Misiles Teledirigidos, Broma Insignificante] cada 10 segundos, causa un daño físico equivalente al 420% del ataque a enemigos aleatorios, y causa uno entre los efectos de Aturdir, Congelar, Petrificar, Derribar y Reducción de la velocidad de ataque en 250 durante 3 segundos."
SKILL_DESC_90000975,"Incrementa el daño de golpes críticos de Hanus un 50%, dispara [HN-Misiles Teledirigidos, Broma Insignificante] cada 8 segundos, causa un daño físico equivalente al 500% del ataque a enemigos aleatorios, y causa uno entre los efectos de Aturdir, Congelar, Petrificar, Derribar y Reducción de la velocidad de ataque en 250 durante 3 segundos."
SKILL_DESC_91009710,"[¡Puedo Verlo Todo!] Reduce el consumo de mana en 1, e incrementa la duración de ceguera en 0.8 segundos."
SKILL_DESC_91009711,"[¡Puedo Verlo Todo!] Reduce el consumo de mana en 1, e incrementa la duración de ceguera en 1 segundos."
SKILL_DESC_91009712,"[¡Puedo Verlo Todo!] Reduce el consumo de mana en 1, e incrementa la duración de ceguera en 1.2 segundos."
SKILL_DESC_91009713,"[¡Puedo Verlo Todo!] Reduce el consumo de mana en 1, e incrementa la duración de ceguera en 1.4 segundos."
SKILL_DESC_91009714,"[¡Puedo Verlo Todo!] Reduce el consumo de mana en 1, e incrementa la duración de ceguera en 1.7 segundos."
SKILL_DESC_91009715,"[¡Puedo Verlo Todo!] Reduce el consumo de mana en 1, e incrementa la duración de ceguera en 2 segundos."
SKILL_DESC_91009720,"[¡Te Dejaré Lleno de Agujeros!] Obtendrás 20 balas, e incrementa el ataque de Hanus un {2}% al usar balas, cada vez que se dispara su ametralladora. Este efecto se puede acumular un máximo de 100 veces."
SKILL_DESC_91009721,"[¡Te Dejaré Lleno de Agujeros!] Obtendrás 20 balas, e incrementa el ataque de Hanus un {2}% al usar balas, cada vez que se dispara su ametralladora. Este efecto se puede acumular un máximo de 100 veces."
SKILL_DESC_91009722,"[¡Te Dejaré Lleno de Agujeros!] Obtendrás 20 balas, e incrementa el ataque de Hanus un {2}% al usar balas, cada vez que se dispara su ametralladora. Este efecto se puede acumular un máximo de 100 veces."
SKILL_DESC_91009723,"[¡Te Dejaré Lleno de Agujeros!] Obtendrás 20 balas, e incrementa el ataque de Hanus un {2}% al usar balas, cada vez que se dispara su ametralladora. Este efecto se puede acumular un máximo de 100 veces."
SKILL_DESC_91009724,"[¡Te Dejaré Lleno de Agujeros!] Obtendrás 20 balas, e incrementa el ataque de Hanus un {2}% al usar balas, cada vez que se dispara su ametralladora. Este efecto se puede acumular un máximo de 100 veces."
SKILL_DESC_91009725,"[¡Te Dejaré Lleno de Agujeros!] Obtendrás 20 balas, e incrementa el ataque de Hanus un {2}% al usar balas, cada vez que se dispara su ametralladora. Este efecto se puede acumular un máximo de 100 veces."
SKILL_DESC_91009730,[¡Intenta Esconderte en un Nido de Ratas!] Durante su uso obtendrás inmunidad a los efectos de estado y reduce la recuperación de los oponentes que reciben daño un 20% durante 5 segundos. 
SKILL_DESC_91009731,[¡Intenta Esconderte en un Nido de Ratas!] Durante su uso obtendrás inmunidad a los efectos de estado y reduce la recuperación de los oponentes que reciben daño un 24% durante 5 segundos.
SKILL_DESC_91009732,[¡Intenta Esconderte en un Nido de Ratas!] Durante su uso obtendrás inmunidad a los efectos de estado y reduce la recuperación de los oponentes que reciben daño un 29% durante 5 segundos.
SKILL_DESC_91009733,[¡Intenta Esconderte en un Nido de Ratas!] Durante su uso obtendrás inmunidad a los efectos de estado y reduce la recuperación de los oponentes que reciben daño un 35% durante 5 segundos.
SKILL_DESC_91009734,[¡Intenta Esconderte en un Nido de Ratas!] Durante su uso obtendrás inmunidad a los efectos de estado y reduce la recuperación de los oponentes que reciben daño un 42% durante 5 segundos.
SKILL_DESC_91009735,[¡Intenta Esconderte en un Nido de Ratas!] Durante su uso obtendrás inmunidad a los efectos de estado y reduce la recuperación de los oponentes que reciben daño un 50% durante 5 segundos.
SKILL_DESC_91009740,"[¡Te Entrenaré!] Al inicio de las batallas del clan, reduce la cantidad de mana necesaria para el uso de habilidades en 1 casilla, incrementa el ataque de todos los aliados un 10%, y el daño de golpes críticos un 20% durante 10 segundos. Esta habilidad solo puede ser utilizada 1 vez."
SKILL_DESC_91009741,"[¡Te Entrenaré!] Al inicio de las batallas del clan, reduce la cantidad de mana necesaria para el uso de habilidades en 1 casilla, incrementa el ataque de todos los aliados un 12%, y el daño de golpes críticos un 24% durante 10 segundos. Esta habilidad solo puede ser utilizada 1 vez."
SKILL_DESC_91009742,"[¡Te Entrenaré!] Al inicio de las batallas del clan, reduce la cantidad de mana necesaria para el uso de habilidades en 1 casilla, incrementa el ataque de todos los aliados un 14%, y el daño de golpes críticos un 29% durante 10 segundos. Esta habilidad solo puede ser utilizada 1 vez."
SKILL_DESC_91009743,"[¡Te Entrenaré!] Al inicio de las batallas del clan, reduce la cantidad de mana necesaria para el uso de habilidades en 1 casilla, incrementa el ataque de todos los aliados un 17%, y el daño de golpes críticos un 35% durante 10 segundos. Esta habilidad solo puede ser utilizada 1 vez."
SKILL_DESC_91009744,"[¡Te Entrenaré!] Al inicio de las batallas del clan, reduce la cantidad de mana necesaria para el uso de habilidades en 1 casilla, incrementa el ataque de todos los aliados un 21%, y el daño de golpes críticos un 42% durante 10 segundos. Esta habilidad solo puede ser utilizada 1 vez."
SKILL_DESC_91009745,"[¡Te Entrenaré!] Al inicio de las batallas del clan, reduce la cantidad de mana necesaria para el uso de habilidades en 1 casilla, incrementa el ataque de todos los aliados un 25%, y el daño de golpes críticos un 50% durante 10 segundos. Esta habilidad solo puede ser utilizada 1 vez."
SKILL_NAME_9810,¡Horrorícense!
SKILL_NAME_9819,Arrodíllense
SKILL_NAME_9820,Demostraré Mi Poder
SKILL_NAME_9825,Demostraré Mi Poder
SKILL_NAME_9830,¡Miren Mi Poder Omnipotente!
SKILL_NAME_9837,Ahora Mueran
SKILL_NAME_9840,Yo Soy el Rey del Desierto
SKILL_NAME_60009810,¡Horrorícense! / Arrodíllense [Luz]
SKILL_NAME_60009811,¡Horrorícense! / Arrodíllense [Oscuridad]
SKILL_NAME_60009820,Demostraré Mi Poder [Luz]
SKILL_NAME_60009821,Demostraré Mi Poder [Oscuridad]
SKILL_NAME_60009830,¡Miren Mi Poder Omnipotente! / Ahora Mueran [Luz]
SKILL_NAME_60009831,¡Miren Mi Poder Omnipotente! / Ahora Mueran [Oscuridad]
SKILL_NAME_60009840,Yo Soy el Rey del Desierto [Luz]
SKILL_NAME_60009841,Yo Soy el Rey del Desierto [Oscuridad]
SKILL_NAME_60009850,Cain [Luz]
SKILL_NAME_60009851,Cain [Oscuridad]
SKILL_DESC_9810,"Cain recupera la salud del aliado con menos salud en [ffc800]{1}[-], otorga la [Bendición del Rey Dios] reduciendo el ataque recibido un [64ff64]{3}[-]% durante [64ffff]{2}[-] segundos y otorga inmunidad a efectos de estado. Después de [64ffff]{2}[-] segundos elimina los efectos positivos de los enemigos y sus alrededores y recupera salud en [ffc800]{4}[-]. La [Bendición del Rey Dios] no puede ser cancelada."
SKILL_DESC_9819,Cain ataca al enemigo con mayor fuerza de ataque causándole un daño físico de [ffc800]{1}[-] y usa [El Sello del Tirano] para reducir en [ff6464]{3}[-] la velocidad de ataque del enemigo y no permitir que influyan efectos positivos en él por [64ffff]{2}[-]segundos. Después de [64ffff]{2}[-]segundos les causa [ffc800]{4}[-] de daño físico al enemigo y sus alrededores y los aturde por {5}segundos. El [El Sello del Tirano] no puede ser cancelado.
SKILL_DESC_9811,El daño y la tasa de curación incrementan un [64ff64]{1}[-] %.
SKILL_DESC_9812,El daño y la tasa de curación incrementan un [64ff64]{1}[-] %.
SKILL_DESC_9813,El daño y la tasa de curación incrementan un [64ff64]{1}[-] %.
SKILL_DESC_9820,Cain se convierte en [Tirano] y ataca continuamente al enemigo causando [ffc800]{1}[-] de daño físico por ataque. Las habilidades de Cain en forma de [Tirano] cambian de [¡Horrorícense!] y [¡Miren Mi Poder Omnipotente!] a [Arrodíllense] y [Ahora Mueran] y se vuelve inmune a efectos de estado. Regresa a ser el [Rey Dios] al volver a usar las habilidades.\n[Compasión del Rey Dios] El daño recibido por los aliados disminuye un [ffc800]{2}[-]% cuando Cain es rey dios.\n[Prestigio del Tirano] El daño recibido por los enemigos incrementa un [ffc800]{3}[-]% cuando Cain es tirano.
SKILL_DESC_9825,Cain regresa a ser el [Rey Dios].
SKILL_DESC_9821,El daño y la tasa de curación incrementan un [64ff64]{1}[-] %.
SKILL_DESC_9822,El daño y la tasa de curación incrementan un [64ff64]{1}[-] %.
SKILL_DESC_9823,El daño y la tasa de curación incrementan un [64ff64]{1}[-] %.
SKILL_DESC_9830,"Aumenta {3} veces la defensa de todos los aliados alrededor por [ffc800]{2}[-] durante [64ffff]{1}[-] segundos. Este efecto se acumula un máximo de {3} veces, y si el efecto se ejerce en un aliado con {3} acumulaciones, aumenta su ataque en [64ff64]{5}[-] por [64ffff]{4}[-] segundos y lo convierte en inmune a efectos de estado."
SKILL_DESC_9837,"Instala la [Puerta del Infierno] al frente por {1} segundos causando un daño físico total de [ffc800]{3}[-] por {2} veces y reuniéndolos al centro. Después, explota la [Puerta del Infierno] causando un daño físico de [ffc800]{4}[-] y aturdiéndolos por [64ffff]{5}[-] segundos."
SKILL_DESC_9831,El aumento de ataque y daño incrementan un [64ff64]{1}[-] %.
SKILL_DESC_9832,El aumento de ataque y daño incrementan un [64ff64]{1}[-] %.
SKILL_DESC_9833,El aumento de ataque y daño incrementan un [64ff64]{1}[-] %.
SKILL_DESC_9840,"Al inicio de cada batalla se obtiene una acumulación de [Rey del Desierto] que no puede ser eliminada. Añade un [64ff64]{1}[-]% a los efectos de [Misericordia del Rey Dios] y [El Carisma del Tirano] por cada acumulación de [Rey del Desierto], recupera {2} de mana por segundo, e incrementa el ataque en [64ff64]{3}[-]. Si se acumulan más de {4} de [Rey del Desierto] el daño causado a los jefes incrementará un [64ff64]{5}[-]%. [Rey del Desierto] tiene un máximo de {6} acumulaciones."
SKILL_DESC_9841,El aumento de ataque incrementa un [64ff64]{1}[-] %.
SKILL_DESC_9842,El aumento de ataque incrementa un [64ff64]{1}[-] %.
SKILL_DESC_9843,El aumento de ataque incrementa un [64ff64]{1}[-] %.
SKILL_DESC_60009810,[¡Horrorícense!] hace efecto en 3 aliados y todos los efectos que aparecen después de {1}segundo se cancelan.
SKILL_DESC_60009811,[Arrodíllense] hace efecto en 3 enemigos y todos los efectos que aparecen después de {1}segundo se cancelan.
SKILL_DESC_60009820,Por cada acumulación de [Rey del Desierto] incrementa el daño de las habilidades un {1}%.
SKILL_DESC_60009821,Reduce el tiempo de reutilización {1} segundo y permite que regrese a ser rey dios después de convertirse en tirano en la batalla automática.
SKILL_DESC_60009830,El tiempo de duración del efecto de [¡Miren Mi Poder Omnipotente!] aumenta {1} segundo.
SKILL_DESC_60009831,[Ahora Mueran] Reduce en 1 el uso de mana.
SKILL_DESC_60009840,El aumento de ataque que recibe el jefe cambia a {1}%.
SKILL_DESC_60009841,La cantidad de mana recuperada por segundo cambia a {1}.
SKILL_DESC_60009850,"Ataque, Defensa, Salud + 15% / Salud + 10%"
SKILL_DESC_60009851,"Al inicio de cada batalla usa {1}% de su salud actual para incrementar el ataque de todos los aliados un {3}% por {2}segundos. Si son menos de 3 aliados, el daño que reciben disminuye un {4}%."
SKILL_DESC_90000980,Al hacer ataque comunes o con habilidades se atribuyen efectos adicionales de acuerdo a su estado.\n[Rey Dios] Aturde al enemigo por {2}segundos con {1}% de probabilidad.\n[Tirano] Incrementa un {4}% el daño que recibe el enemigo por {3}segundos.
SKILL_DESC_91009810,[¡Horrorícense!] Incrementa todos los efectos de reducción de daño de la habilidad un {1}%. \n[Arrodíllense] Disminuye el consumo de mana en 1.
SKILL_DESC_91009820,[Demostraré Mi Poder] Incrementa el daño un {1}% y el daño que causa en el estado de tirano aumenta un {2}%.
SKILL_DESC_91009830,[¡Miren Mi Poder Omnipotente!] El aumento de ataque incrementa un {1}%.\n[Ahora Mueran] Incrementa el daño físico hacia los enemigos un {3}% por {2} segundos.
SKILL_DESC_91009840,[Yo Soy el Rey del Desierto] El aumento de ataque incrementa un {1}% y cuando posee más de {2} acumulaciones de [Rey del Desierto] aumenta la tasa de recuperación de todos los aliados en {3}%.
