KEY,Japanese
BASE_RESULT_TYPE.SUCCESS,リクエストされた命令が処理されました。ネットワーク環境が不安定です。再度お試しください。
BASE_RESULT_TYPE.FAIL,ネットワーク環境が不安定なため、正常に処理できませんでした。しばらくしてからお試しください。
BASE_RESULT_TYPE.SESSION_ERROR,長時間操作がなかったため、サーバーとの接続が切れました。ゲームを再起動してください。
BASE_RESULT_TYPE.ACCOUNT_ERROR,アカウントが正しくありません
BASE_RESULT_TYPE.UNHANDLED,このリクエストは処理できません
BASE_RESULT_TYPE.EXCEPTION,エラーが発生しました
BASE_RESULT_TYPE.HTTP_ERROR,WEBリクエスト中にエラーが発生しました
BASE_RESULT_TYPE.PARSING_ERROR,データの読み込みに失敗しました。
RESULT_TYPE.SUCCESS,リクエストされた命令が処理されました。ネットワーク環境が不安定です。再度お試しください。
RESULT_TYPE.FAIL,ネットワーク環境が不安定なため、正常に処理できませんでした。しばらくしてからお試しください。
RESULT_TYPE.LEVEL_DATA_NOT_FOUND,レベル情報が見つかりません
RESULT_TYPE.CANNOT_UPGRADE_MORE,これ以上は強化できません
RESULT_TYPE.NOT_ENOUGH_GOLD,ゴールドが足りません
RESULT_TYPE.NOT_ENOUGH_GEM,ルビーが足りません
RESULT_TYPE.INSUFFICIENT_ITEM,素材アイテムが足りません
RESULT_TYPE.GRADE_DATA_NOT_FOUND,ランク情報が見つかりません
RESULT_TYPE.CANNOT_UPGRADE_YET,まだ強化できません
RESULT_TYPE.REQ_GOLD_NOT_FOUND,必要なゴールド情報が見つかりません
RESULT_TYPE.REQ_ITEM_DATA_NOT_FOUND,必要な素材アイテム情報が見つかりません
RESULT_TYPE.SESSION_ERROR,長時間操作がなかったため、サーバーとの接続が切れました。ゲームを再起動してください。
RESULT_TYPE.ACCOUNT_ERROR,アカウントが正しくありません
RESULT_TYPE.UNHANDLED,処理できませんでした
RESULT_TYPE.HTTP_ERROR,WEBリクエストに失敗しました
RESULT_TYPE.PARSING_ERROR,レスポンス構文が正しくありません
RESULT_TYPE.HERO_NOT_FOUND,この英雄は所持していません
RESULT_TYPE.EQUIP_DATA_NOT_FOUND,装備情報が見つかりません
RESULT_TYPE.EQUIP_NOT_OWNED,装備を所持していません
RESULT_TYPE.EQUIP_NOT_FOUND,存在しない装備です
RESULT_TYPE.EQUIPPED,装着中の装備です
RESULT_TYPE.EQUIP_CODE_NOT_FOUND,装備コードが見つかりません
RESULT_TYPE.MAX_JOIN_REQUEST,入会申請数の上限に達しました。\n一部の申請を取り消してからやり直してください。
RESULT_TYPE.MAX_GUILD_MAX_JOIN_REQUEST,ギルド入会申請数の上限に達しました
RESULT_TYPE.MATERIAL_EQUIP_ITEM_PRICE_ERROR,必要価格が正しくありません
RESULT_TYPE.NO_UPGRADABLE_MATERIAL_EQUIP_ITEM,装備素材が正しくありません
RESULT_TYPE.NOT_OWNED_MATERIAL_EQUIP_ITEM,装備素材を所持していません
RESULT_TYPE.NOT_ENOUGH_TEAM_LEVEL,チームレベルが低いです
RESULT_TYPE.MAX_MEMBER,ギルドメンバー数の上限に達しました
RESULT_TYPE.INVALID_RANK,ギルドメンバーの権限が正しくありません
RESULT_TYPE.GUILD_JOIN_NOT_REQUESTED,入会申請情報が見つかりません
RESULT_TYPE.NAME_DUPLICATED,すでに使用されている名前です
RESULT_TYPE.GUILD_MEMBER_EXIST,まだギルドメンバーが残っています
RESULT_TYPE.ALREADY_REGISTERED_MERCENARY,この英雄は、すでに傭兵登録されています
RESULT_TYPE.MAX_MERCENARY,傭兵登録数の上限に達しました
RESULT_TYPE.NOT_REGISTERED_MERCENARY,この傭兵は登録されていません
RESULT_TYPE.ALREADY_JOINED,すでにギルドに所属しています
RESULT_TYPE.LOG_NOT_FOUND,戦闘記録が存在しません
RESULT_TYPE.INVALID_PLUNDER_RESULT,戦闘記録が正しくありません
RESULT_TYPE.ALREADY_CHASED,すでに追撃しました
RESULT_TYPE.INVALID_CHAPTER_INDEX,任務エリアが正しくありません
RESULT_TYPE.COLLECT_NODE_NOT_FOUND,任務対象エリアが見つかりません
RESULT_TYPE.COLLECT_ENDED,すでに採集が終わりました
RESULT_TYPE.DEAD_HERO_EXIST,死亡した英雄は略奪ができません
RESULT_TYPE.USER_CHASE_INFO_NOT_FOUND,追撃情報が見つかりません
RESULT_TYPE.COLLECT_INFO_NOT_FOUND,遠征任務情報が見つかりません
RESULT_TYPE.INVALID_TEAM_SLOT,正しくない遠征任務パーティです
RESULT_TYPE.ALREADY_HARVESTED,すでに任務が完了しました
RESULT_TYPE.MAX_DAILY_QUICK_COMPLETE_COLLECT,[今すぐ完了]の上限に達しました
RESULT_TYPE.COLLECT_NOT_ENDED,まだ、任務を終了していません。
RESULT_TYPE.RECORD_NOT_FOUND,このリプレイ記録は存在しません
RESULT_TYPE.ALREADY_DEFEND_REWARDED,すでに略奪防御報酬を受け取りました
RESULT_TYPE.MAX_PLUNDER_DEFEND_REWARD,1日の略奪防御報酬回数がMAXになりました
RESULT_TYPE.CHAPTER_NOT_COMPLETED,まだ、この章をクリアしていません。
RESULT_TYPE.VIP_LEVEL_DATA_NOT_FOUND,VIPレベルデータが見つかりません
RESULT_TYPE.MAX_RES_COLLECT_TEAM,現在、すべてのチームが任務中です。
RESULT_TYPE.NOW_COLLECTING,現在、チームは任務中です。
RESULT_TYPE.INVALID_HERO_INDEX,すでに任務中か存在しない英雄です
RESULT_TYPE.CHAPTER_NOT_FOUND,この章は存在しません
RESULT_TYPE.DUNGEON_NOT_FOUND,このダンジョンは存在しません
RESULT_TYPE.EMPTY_HERO_INDICES,英雄を追加してください
RESULT_TYPE.CANNOT_PLAY_DUNGEON,ダンジョンをプレイできません
RESULT_TYPE.NOT_ENOUGH_STAMINA,スタミナが足りません
RESULT_TYPE.NOT_ENOUGH_PLAY_KEY,鍵が足りません
RESULT_TYPE.INVALID_DIFF,正しくない難易度です
RESULT_TYPE.VERIFY_FAILED,確認に失敗しました。
RESULT_TYPE.CHECK_FAILED,チェックに失敗しました。
RESULT_TYPE.USER_CAMPAIGN_INFO_NOT_FOUND,ネットワーク環境の問題により、サーバーでユーザーの情報処理が遅延しています。しばらくしてから再度お試しください。
RESULT_TYPE.WRONG_CHAPTER_INDEX,利用できないコンテンツです。
RESULT_TYPE.WRONG_DUNGEON_INDEX,利用できないコンテンツです。
RESULT_TYPE.INVALID_STAR,星情報が正しくありません
RESULT_TYPE.ENCHANT_RESULT_NOT_FOUND,再鑑定情報がありません
RESULT_TYPE.EQUIP_ITEM_SLOT_INDEX_MISMATCH,再鑑定の対象が異なります
RESULT_TYPE.OPTION_SLOT_INDEX_MISMATCH,再鑑定を行う効果スロットが異なります
RESULT_TYPE.OPTION_INDEX_MISMATCH,再鑑定を行う効果の結果が異なります
RESULT_TYPE.PREV_OPTION_INDEX_MISMATCH,書き込む効果が現在の施行とは異なります
RESULT_TYPE.INVALID_OPTION_SLOT,正しくない効果スロットです
RESULT_TYPE.RANDOM_OPTION_DATA_ERROR,正しくないランダム効果情報です
RESULT_TYPE.NO_HERO,英雄がありません
RESULT_TYPE.HERO_DATA_NOT_FOUND,英雄情報がありません
RESULT_TYPE.ALREADY_OTHER_HERO_EQUIPPED,すでに他の英雄が装着中です
RESULT_TYPE.ITEM_DATA_NOT_FOUND,アイテム情報がありません
RESULT_TYPE.EQUIP_ITEM_DATA_NOT_FOUND,装備情報が見つかりません
RESULT_TYPE.EQUIP_TAG_ERROR,装備のタグが正しくありません
RESULT_TYPE.TOO_LOW_GRADE,ランクが低いです
RESULT_TYPE.TOO_LOW_LEVEL,レベルが低いです
RESULT_TYPE.LOCKED_PART_INDEX,ロックされた装備スロットです
RESULT_TYPE.EQUIP_PART_ERROR,装着できない装備スロットです
RESULT_TYPE.REMOVE_FAILED,解除に失敗しました
RESULT_TYPE.INVALID_HERO_PART_INDEX,正しくない装備スロットです
RESULT_TYPE.ALREADY_UNLOCKED,すでに開放されています
RESULT_TYPE.UNLOCK_FAILED,開放に失敗しました
RESULT_TYPE.EQUIP_ITEM_NOT_FOUND,装備がありません
RESULT_TYPE.UNEQUIP_FAILED,装備解除に失敗しました
RESULT_TYPE.STAT_DATA_NOT_FOUND,ステータス情報がありません
RESULT_TYPE.EMPTY_MATERIAL_EQUIP_ITEM,素材が空いています
RESULT_TYPE.INVALID_MATERIAL_EQUIP_ITEM,正しくない素材装備です
RESULT_TYPE.FRIEND_NOT_FOUND,ユーザーがありません
RESULT_TYPE.REQUEST_MYSELF,自分に申請できません
RESULT_TYPE.CANNOT_SEARCH_MYSELF,自分を検索できません
RESULT_TYPE.GACHA_DATA_NOT_FOUND,ガチャ情報がありません
RESULT_TYPE.WRONG_GACHA_INDEX,正しくないガチャ番号です
RESULT_TYPE.WRONG_GACHA_COUNT,正しくないガチャ数です
RESULT_TYPE.NO_MERCENARIES,傭兵がいません
RESULT_TYPE.NO_GUILD,ギルドがありません
RESULT_TYPE.INVAILID_RANK,正しくないランキングです
RESULT_TYPE.GUILD_MAX_JOIN_REQUEST,ギルドの最大申請数を超えました
RESULT_TYPE.TRIAL_DUNGEON_DATA_NOT_FOUND,試練のダンジョン情報がありません
RESULT_TYPE.NOT_PLAYER_HERO,この英雄は所持していません
RESULT_TYPE.ITEM_NOT_OWNED,このアイテムは所持していません
RESULT_TYPE.ITEM_TYPE_MISMATCH,アイテムの種類が異なります
RESULT_TYPE.POTION_DATA_NOT_FOUND,ポーション情報がありません
RESULT_TYPE.INVALID_ACTION,正しくない動作です
RESULT_TYPE.RECIPE_DATA_NOT_FOUND,レシピ情報がありません
RESULT_TYPE.MATERIAL_DATA_NOT_FOUND,素材情報がありません
RESULT_TYPE.NOT_ENOUGH_MATERIAL,素材が十分ではありません
RESULT_TYPE.MATCH_RESULT_NOT_FOUND,マッチ結果がありません
RESULT_TYPE.MATCH_UID_MISMATCH,マッチ番号が一致しません
RESULT_TYPE.MATCHING_DISABLED,決闘結果を集計中です。
RESULT_TYPE.NOT_ENOUGH_SWORD,入場に必要な素材がないため、入場できません。
RESULT_TYPE.MATCH_USER_NOT_FOUND,参加したユーザー情報がありません
RESULT_TYPE.NPC_INFO_NOT_FOUND,NPC情報がありません
RESULT_TYPE.WAIT_MORE,ネットワーク環境の問題により、サーバーで戦闘情報処理が遅延しています。確認ボタンをもう一度タップしてください。
RESULT_TYPE.NOT_ENOUGH_CHEESE,チーズが足りません
RESULT_TYPE.USER_PLUNDER_INFO_NOT_FOUND,略奪情報がありません
RESULT_TYPE.COLLECT_NODE_DATA_NOT_FOUND,採集ノード情報がありません
RESULT_TYPE.PLAYER_NOT_FOUND,ユーザーがありません
RESULT_TYPE.V_I_P_LEVEL_DATA_NOT_FOUND,VIPレベル情報がありません
RESULT_TYPE.SHOP_DATA_NOT_FOUND,ショップ情報がありません
RESULT_TYPE.SHOP_ITEM_DATA_NOT_FOUND,ショップのアイテム情報がありません
RESULT_TYPE.PLAYER_SHOP_ITEM_NOT_FOUND,ユーザーのショップアイテム情報がありません
RESULT_TYPE.SOLD_OUT,すでに販売されました。
RESULT_TYPE.INVALID_COST,正しくない価格です
RESULT_TYPE.NO_ITEM_DATA,アイテム情報がありません
RESULT_TYPE.NOT_OWNED,所有していません
RESULT_TYPE.INVALID_ITEM_COUNT,正しくないアイテム数です
RESULT_TYPE.NOT_ENOUGH_STONE,強化結晶が足りません
RESULT_TYPE.HERO_LEVEL_LIMIT,英雄のレベルが足りません
RESULT_TYPE.SKILL_LEVEL_NOT_FOUND,スキルレベル情報がありません
RESULT_TYPE.SKILL_PRICE_NOT_FOUND,スキル価格情報がありません
RESULT_TYPE.TEAM_LEVEL_LIMIT,英雄のレベルを超えることはできません
RESULT_TYPE.SKILL_NOT_FOUND,スキルがありません
RESULT_TYPE.REQ_GOLD_ERROR,必要なゴールドが正しくありません
RESULT_TYPE.STAR_DATA_NOT_FOUND,スター情報が正しくありません
RESULT_TYPE.NO_TARGET_ACCOUNT_ID,対象ユーザーの番号がありません
RESULT_TYPE.VERSION_ERROR,バージョンが正しくありません
RESULT_TYPE.MATCH_NOT_FOUND,マッチがありません
RESULT_TYPE.EQUIP_ITEM_FULL,装備がいっぱいになりました
RESULT_TYPE.INVALID_GUILD_LEVEL,正しくないギルドレベルです
RESULT_TYPE.ALREADY_JOIN_REQUESTED,すでに参加申請中です
RESULT_TYPE.MIN_REGISTER_TIME_NOT_ELAPSED,最小登録時間が経過していません
RESULT_TYPE.RESULT_ITEM_DATA_NOT_FOUND,結果アイテム情報がありません
RESULT_TYPE.RESULT_EQUIP_ITEM_DATA_NOT_FOUND,結果装備情報がありません
RESULT_TYPE.MISSION_NOT_COMPLETED,ミッションをクリアしていません
RESULT_TYPE.TYPE_ERROR,タイプが正しくありません
RESULT_TYPE.INFO_ERROR,情報が正しくありません
RESULT_TYPE.ACCOUNT_IDS_ERROR,アカウント番号が正しくありません
RESULT_TYPE.NOT_ENOUGH_PVP_COIN,PVPコインが足りません
RESULT_TYPE.EMPTY_NICK,ニックネームが空いています。
RESULT_TYPE.INVALID_NICK,使用できないニックネームです
RESULT_TYPE.ALREADY_EXIST,すでに存在するニックネームです
RESULT_TYPE.TOO_SHORT_NICK,ニックネームが長いです
RESULT_TYPE.TOO_LONG_NICK,ニックネームが短いです
RESULT_TYPE.CENSORED_WORD,禁止されている単語が含まれています
RESULT_TYPE.NOT_ENOUGH_CHALLENGE_CHANCE,これ以上、チャレンジできません。
RESULT_TYPE.NOT_ENOUGH_DUNGEON_KEY,ダンジョン入場のための鍵が足りません
RESULT_TYPE.NOT_OPENED_DUNGEON,ダンジョンが解放されていません
RESULT_TYPE.REQ_GEM_ERROR,必要なルビーがありません
RESULT_TYPE.WAITER_NOT_FOUND,待機中の情報が見つかりません
RESULT_TYPE.MISSION_NOT_CLEARED,ミッションをクリアしていません
RESULT_TYPE.DUNGEON_DATA_NOT_FOUND,ダンジョン情報がありません
RESULT_TYPE.NO_AVAILABLE_SERVER,利用できるサーバーがありません
RESULT_TYPE.UNEQUIP_OLD_FAILED,既存の装備を解除できません
RESULT_TYPE.EQUIP_FAILED,装着に失敗しました
RESULT_TYPE.NO_SHOP_DATA,ショップ情報が見つかりません
BASE_RESULT_TYPE.TIMEOUT,サーバーからの応答がありません
BASE_RESULT_TYPE.SEQUENCE_ERROR,ネットワーク環境の問題により、サーバーでユーザーの情報処理が遅延しています。しばらくしてから再度お試しください。
BASE_RESULT_TYPE.INTERNAL_ERROR,内部エラー
BASE_RESULT_TYPE.EMPTY_HOST,ホストがありません
RESULT_TYPE.ACHIEVEMENT_NOT_CLEARED,まだアチーブメントを達成していません
RESULT_TYPE.INVALID_STEP,配布済みの報酬です
RESULT_TYPE.NO_PRIVILEGE,権限がありません
RESULT_TYPE.INVALID_HOST,正しくないホストです
RESULT_TYPE.MASTER_NOT_FOUND,ルームマスターがいません
RESULT_TYPE.MULTIPLAY_INFO_NOT_FOUND,パーティプレイ情報がありません
RESULT_TYPE.WRONG_MEMBER,正しくない構成員です
RESULT_TYPE.ALREADY_REWARD_CALCULATED,すでに報酬が決まりました
RESULT_TYPE.LINKED_DUNGEON_NOT_FOUND,接続中のダンジョンがありません
RESULT_TYPE.ALREADY_COMPLETED,すでに完了しました
RESULT_TYPE.DUNGEON_TYPE_ERROR,正しくないダンジョンタイプです
RESULT_TYPE.CANNOT_VISIT_DUNGEON,訪問できないダンジョンです
RESULT_TYPE.INVALID_TRIAL_HERO,正しくない試練のダンジョンの英雄です
RESULT_TYPE.WORLD_MAP_EVENT_NOT_FOUND,ワールドマップイベントがありません
RESULT_TYPE.EVENT_DUNGEON_INDEX_MISMATCH,正しくないイベントダンジョン番号です
RESULT_TYPE.NOT_ENOUGH_MULTIPLAY_MEMBERS,メンバーが足りません
RESULT_TYPE.NOT_CALCULATED,決まっていません
RESULT_TYPE.ALREADY_REWARDED,すでに報酬が配布されました
RESULT_TYPE.NOT_SAME_DEVELOPER_PAYLOAD,決済情報(DeveloperPayload)が一致しないため、決済が取り消されました。
RESULT_TYPE.NOT_SAME_PRODUCT_ID,決済情報(ProductId)が一致しないため、決済が取り消されました。
RESULT_TYPE.WRONG_PURCHASE_STATUS,正しくない決済情報(PurchaseStatus)により、決済が取り消されました。
RESULT_TYPE.VERIFICATION_FAILED,決済検証が失敗したため、決済が取り消されました。
RESULT_TYPE.INVALID_CONSUMPTION_STATE,正しくない決済情報(ConsumptionState)により、決済が取り消されました。
RESULT_TYPE.NOT_MONTHLY_ENDED,まだ、月額商品を購入できません。
RESULT_TYPE.HAVE_PLAY_CHANCE,現在、チャレンジできるチャンスがあるため、購入に失敗しました。
RESULT_TYPE.INVALID_DUNGEON_INDEX,正しくないダンジョン番号です
RESULT_TYPE.CANNOT_AWAKEN_YET,まだ、覚醒できません。
RESULT_TYPE.CANNOT_AWAKEN_MORE,これ以上、覚醒できません。
RESULT_TYPE.RUNE_ITEM_NOT_OWNED,所持していないルーンアイテムです
RESULT_TYPE.SAME_RUNE_EQUIPPED,同じルーンを装着中です
RESULT_TYPE.ALEADY_OCCUPIED,すでに割り当てられました
RESULT_TYPE.PRESERVE_PRICE_ERROR,保存価格が正しくありません
RESULT_TYPE.RUNE_ITEM_DATA_NOT_FOUND,ルーンアイテム情報がありません
RESULT_TYPE.RUNE_DATA_NOT_FOUND,ルーン情報がありません
RESULT_TYPE.PART_TYPE_ERROR,正しくないパーツです
RESULT_TYPE.NO_EQUIPPED_RUNE,装着していないルーンです
RESULT_TYPE.HERO_ALREADY_EXIST,英雄がすでに存在します
RESULT_TYPE.SKILL_NOT_LEARNED,スキルを習得していません
RESULT_TYPE.INVALID_SKILL_EXTEND,正しくないスキル拡張です
RESULT_TYPE.NOT_ENOUGH_ITEM,アイテムが足りません
RESULT_TYPE.BOOK_ITEM_DATA_NOT_FOUND,書籍アイテム情報がありません
RESULT_TYPE.SKILL_ALREADY_LEARNED,すでに習得したスキルです
RESULT_TYPE.MAX_PURIFIED,MAXに浄化されました
RESULT_TYPE.MAX_HERO_STAR,英雄がMAX覚醒状態です
RESULT_TYPE.NO_AWAKE_MATERIAL,覚醒素材がありません
RESULT_TYPE.PURIFY_DATA_NOT_FOUND,浄化データがありません
RESULT_TYPE.INVALID_PURIFY_DATA,正しくない浄化データです
RESULT_TYPE.TRANSCEND_SKILL_LEVEL_DATA_NOT_FOUND,スキル超越データがありません
RESULT_TYPE.MAX_TRANSCEND_SKILL_LEVEL,スキルの超越がMAXになりました
RESULT_TYPE.TRANSCEND_SKILL_LEVEL_PRICE_DATA_NOT_FOUND,スキル超越価格がありません
RESULT_TYPE.NOT_MAX_HERO_STAR,英雄が最大覚醒状態ではありません
RESULT_TYPE.INVALID_TRANSCEND_COUNT,正しくない超越数です
RESULT_TYPE.GRADE_TOO_LOW,ランクが低いです
RESULT_TYPE.CREATURE_DATA_NOT_FOUND,英雄情報がありません
RESULT_TYPE.UPGRADE_BOOK_DATA_NOT_FOUND,強化書情報がありません
RESULT_TYPE.MATCH_PLAYER_NOT_FOUND,対戦相手がいません
RESULT_TYPE.INVALID_SHOP_DATA,正しくないショップ情報です
RESULT_TYPE.NOT_GUILD_MEMBER,ギルドメンバーではありません
RESULT_TYPE.NOT_ENOUGH_GUILD_POINT,ギルドポイントが足りません
RESULT_TYPE.INVALID_SHOP_ITEM_LIST_INDEX,正しくないショップリスト番号です
RESULT_TYPE.INVALID_ITEM_TYPE,アイテムの種類が正しくありません
RESULT_TYPE.HERO_SHOP_SLOT_EXCEEDED,英雄ショップのスロットがMAXを超えました。
RESULT_TYPE.INVALID_HERO_SHOP_SLOT,英雄ショップのスロットが正しくありません
RESULT_TYPE.NO_SHOP_ITEM_INFO,ショップのアイテム情報がありません
RESULT_TYPE.NO_SHOP_ITEM_DATA,ショップのアイテムデータがありません
RESULT_TYPE.NO_SELL_COUNT,販売数がありません
RESULT_TYPE.ALREADY_OPENED_CLASS,すでに開放されたクラスです
RESULT_TYPE.NOT_OPENED_CLASS_DUNGEON,該当のクラスのダンジョンが解放されていません
RESULT_TYPE.ALREADY_GET_CHALLENGE,すでにチャレンジしました
RESULT_TYPE.ALREADY_HAVE_MATERIAL,すでに素材を所持しています
RESULT_TYPE.INVALID_HERO_CLASS,正しくないクラスです
RESULT_TYPE.TUTORIAL_DATA_NOT_FOUND,チュートリアルデータがありません
RESULT_TYPE.RETRY,リトライ
RESULT_TYPE.NOT_IMPLEMENTED_METHOD,実装されていない方式です
RESULT_TYPE.INVALID_QUEST_INDEX,正しくないクエスト番号です
RESULT_TYPE.QUEST_INFO_NOT_FOUND,クエスト情報が見つかりません
RESULT_TYPE.QUEST_NOT_CLEARED,クエストを完了していません
RESULT_TYPE.NOT_COMPLETED,完了していません
RESULT_TYPE.EMPTY_DUNGEON_INDICES,ダンジョン番号が空いています
RESULT_TYPE.EVENT_INDEX_COUNT_MISMATCH,イベント番号の数が一致しません
RESULT_TYPE.MAX_DAILY_COUNT,1日回数超過
RESULT_TYPE.ALREADY_VISITED,すでに訪問しました
RESULT_TYPE.INVALID_MATERIAL_ITEM,正しくない素材アイテムです
RESULT_TYPE.INVALID_REQ_ITEM_EXP_DATA,必要アイテム経験値が正しくありません
RESULT_TYPE.SAME_BOOSTER_APPLIED,同じブースト効果が存在します
RESULT_TYPE.PACKAGE_DATA_NOT_FOUND,パッケージ商品データがありません
RESULT_TYPE.INVALID_ITEM_INDEX,正しくないアイテム番号です
RESULT_TYPE.INVALID_ITEM_DATA,正しくないアイテムデータです
RESULT_TYPE.INVALID_ACCOUNT_ID,正しくないアカウント番号です
RESULT_TYPE.REWARD_TIME_ENDED,報酬受取期間が過ぎました
RESULT_TYPE.CHECKING_INTEGRITY,戦闘結果を処理しています。しばらくしてからお試しください。
RESULT_TYPE.BATTLE_SERVER_NOT_FOUND,現在、ネットワークが不安定です。接続状況を確認してから再度ゲームを実行してください。
RESULT_TYPE.TOWER_DATA_NOT_FOUND,塔の情報がありません
RESULT_TYPE.TOWER_FLOOR_DATA_NOT_FOUND,この階層の情報がありません
RESULT_TYPE.CANNOT_ENTER_TOWER_FLOOR,この階層には入場できません
RESULT_TYPE.TOWER_CHAPTER_MISMATCH,塔の章が一致しません
RESULT_TYPE.TOWER_DUNGEON_MISMATCH,塔のダンジョンが一致しません
RESULT_TYPE.TOWER_TEAM_LEVEL_LIMIT,チームレベルが低胃のため、この階層には入場できません
RESULT_TYPE.TOWER_REQ_DUNGEON_NOT_COMPLETED,塔に入場するために必要なダンジョンをクリアしていません
RESULT_TYPE.NOT_ENOUGH_TOWER_COST,塔に入場するための財貨が足りません
RESULT_TYPE.DIED_HERO_CACHE,死亡した英雄です
RESULT_TYPE.MISSING_BATTLE_LOG,戦闘ログが入力されていません
RESULT_TYPE.MISSING_CREATURE_INFO,英雄情報が入力されていません
RESULT_TYPE.REQUEST_INTEGRITY_CHECK_ERROR,整合性リクエスト中にエラーが発生しました
RESULT_TYPE.MISSING_TOWER_CREATURE_INFO,塔の英雄情報が入力されていません
RESULT_TYPE.PARSING_TOWER_CREATURE_INFO_ERROR,塔の英雄情報を読み込むことができません
RESULT_TYPE.EMPTY_TOWER_ENTER_HEROES,塔に入場した英雄情報が入力されていません
RESULT_TYPE.TOWER_NOT_PLAYED,進行していない塔です
RESULT_TYPE.PLAYER_TOWER_NOT_FOUND,進行中の塔の情報が見つかりません
RESULT_TYPE.CANNOT_RESET_MORE,これ以上、リセットできません。
RESULT_TYPE.NOT_ENOUGH_COST,財貨が足りません
RESULT_TYPE.CLOSED_DUNGEON,ロックされたダンジョンです
RESULT_TYPE.OPENED_DUNGEON,開放されたダンジョンです
RESULT_TYPE.QUEST_DATA_NOT_FOUND,クエストデータがありません
RESULT_TYPE.NOT_ACCEPTABLE,受諾できません
RESULT_TYPE.CANNOT_GIVEUP,あきらめることはできません
RESULT_TYPE.NOT_REWARDABLE,報酬を受け取れません
RESULT_TYPE.EQUIP_FULL,装備がいっぱいになりました
RESULT_TYPE.VIPLEVEL_DATA_NOT_FOUND,VIPデータがありません
RESULT_TYPE.MISSING_LANGUAGE,言語が入力されていません
RESULT_TYPE.CANNOT_LINK_GUEST,ゲストに連動できません
RESULT_TYPE.ALREADY_LINKED_ID,このソーシャルアカウントは、すでに他のKing's Raidアカウントと連動しています。
RESULT_TYPE.SERVER_CLOSING,現在、配信前の準備中です。しばらくお待ち下さい。
RESULT_TYPE.INVALID_SHOP_INDEX,正しくないショップ番号です
RESULT_TYPE.EXCEEDED_PURCHASABLE_COUNT,購入回数を超えました
RESULT_TYPE.INVALID_REWARD_DATA,正しくない報酬データです
RESULT_TYPE.TOWER_NPC_NOT_FOUND,塔にNPCは存在しません
RESULT_TYPE.TOWER_NPC_SLOT_NOT_FOUND,この階層にはNPCがありません
RESULT_TYPE.TOWER_NPC_INFO_NOT_FOUND,この階層にはNPC情報がありません
RESULT_TYPE.WRONG_TOWER_REWARD_NO,塔の報酬番号が正しくありません
RESULT_TYPE.WRONG_DIFFICULTY,正しくない難易度です
RESULT_TYPE.DIFFICULTY_MISMATCH,難易度が一致しません
RESULT_TYPE.MISSING_BATTLE_TYPE,戦闘タイプが入力されていません
RESULT_TYPE.NOT_YET_CLEARED,まだ完了していません
RESULT_TYPE.INVALID_DUNGEON_DIFFICULTY,正しくないダンジョン難易度です
RESULT_TYPE.WRONG_DUNGEON_DIFFICULTY,正しくないダンジョン難易度です
RESULT_TYPE.MAX_UNDERGROUND_PRISON_KEY,鍵がいっぱいです
RESULT_TYPE.EQUIP_GRADE_DATA_NOT_FOUND,装備ランクデータがありません
RESULT_TYPE.NOT_FOR_SALE,販売できません
RESULT_TYPE.EQUIP_CREATURE_ERROR,装着する英雄がいません
RESULT_TYPE.UPGRADE_DATA_NOT_FOUND,強化データがありません
RESULT_TYPE.MATERIAL_ITEM_INDEX_MISMATCH,素材アイテム番号が一致しません
RESULT_TYPE.MATERIAL_ITEM_COUNT_MISMATCH,素材アイテム数が一致しません
RESULT_TYPE.NOT_ENOUGH_MATERIAL_ITEM,素材が足りません
RESULT_TYPE.INVALID_REQ_GOLD,必要なゴールドが足りません
RESULT_TYPE.NO_UPGRADABLE_OPTION_SLOT,強化できない効果スロットです
RESULT_TYPE.INVALID_ITEM_CODE,正しくないアイテムコードです
RESULT_TYPE.INVALID_EQUIP_STAR_RATE,正しくないスター確率です
RESULT_TYPE.MY_FRIEND_FULL,私の友だちリストがいっぱいです
RESULT_TYPE.TARGET_FRIEND_FULL,相手の友だちリストがいっぱいです
RESULT_TYPE.TARGET_FRIEND_WAIT_FULL,相手の申請リストがいっぱいです
RESULT_TYPE.ENHANCE_ITEM_INDEX_ERROR,超越石の番号が正しくありません
RESULT_TYPE.NOT_ENOUGH_ENHANCE_ITEM,超越石の数が足りません
RESULT_TYPE.CANNOT_ENHANCE_MORE,これ以上、超越できません。
RESULT_TYPE.AWAKE_CHALLENGE_DATA_ERROR,覚醒石の情報が見つかりません
RESULT_TYPE.AWAKE_ITEM_DATA_ERROR,覚醒石のアイテムデータが見つかりません
RESULT_TYPE.NOT_ENOUGH_AWAKE_ITEM,覚醒石の数が足りません
RESULT_TYPE.HERO_SELECT_DATA_NOT_FOUND,英雄選択データが見つかりません
RESULT_TYPE.INVALID_HERO_EXP,英雄の経験値が正しくありません
RESULT_TYPE.HERO_NOT_OWNED,所有していない英雄です
RESULT_TYPE.MAX_HERO_LEVEL,英雄のレベルがMAXです
RESULT_TYPE.MAIL_NOT_FOUND,ポストがありません
RESULT_TYPE.MISSING_COUPON_CODE,シリアルコードが入力されていません
RESULT_TYPE.MISSING_COUNTRY_CODE,国家コードが入力されていません
RESULT_TYPE.COUPON_NOT_FOUND,シリアルコードが正しくありません
RESULT_TYPE.ALREADY_RECEIVED,すでに受け取りました
RESULT_TYPE.COUNTRY_CODE_MISMATCH,国家コードが一致しません
RESULT_TYPE.COUPON_EXPIRED,期限が切れたため、使用できません
RESULT_TYPE.PROMOTION_NOT_FOUND,プロモーション情報が見つかりません
RESULT_TYPE.ALREADY_USED_PROMOTION,参加済みのプロモーションです
RESULT_TYPE.REWARD_NOT_SELECTED,報酬が選択されていません
RESULT_TYPE.INVALID_REWARD_INDEX,正しくない報酬番号です
RESULT_TYPE.ALREADY_PURCHASED,すでに購入しました
RESULT_TYPE.NOT_ENOUGH_MILEAGE,マイレージが足りません
RESULT_TYPE.NOT_ENOUGH_ROYAL_POINT,王室ポイントが足りません
RESULT_TYPE.NOT_ENCRYPTED,暗号化されていません
RESULT_TYPE.SALT_ERROR,ネットワーク接続連結状態が不安定なため、認証番号を受信できません
RESULT_TYPE.NO_SECURE_KEY,NO_SECURE_KEY
RESULT_TYPE.SALT_NOT_DECRYPTED,SALT_NOT_DECRYPTED
RESULT_TYPE.KEY_NOT_DECRYPTED,KEY_NOT_DECRYPTED
RESULT_TYPE.SALT_MISMATCH,SALT_MISMATCH
RESULT_TYPE.LOGIN_ID_NOT_DECRYPTED,LOGIN_ID_NOT_DECRYPTED
RESULT_TYPE.DECRYPT_FAIL,DECRYPT_FAIL
BASE_RESULT_TYPE.OFFLINE,ネットワークに接続していません
RESULT_TYPE.INVALID_GACHA_REQUEST,装備召喚中にエラーが発生しました。\nもう一度お試しください。
RESULT_TYPE.MATCHING_ABORTED,マッチングが取り消されました
RESULT_TYPE.PROGRESSING,すでに進行中です
RESULT_TYPE.BUY_DISABLED,現在、決済することはできません
RESULT_TYPE.MAX_FRIENDSHIP_POINT,友情ポイントがいっぱいになりました
RESULT_TYPE.NOT_ENOUGH_FRIENDSHIP_POINT,友情ポイントが足りません
RESULT_TYPE.NOT_RAID_TYPE,レイドタイプではありません
RESULT_TYPE.MISSING_RAID_INDEX,ネットワーク環境の問題により、サーバーでユーザーの情報処理が遅延しています。しばらくしてから再度お試しください。
RESULT_TYPE.RAID_DATA_NOT_FOUND,レイドデータがありません
RESULT_TYPE.RAID_NOT_STARTED,レイドは開始していません
RESULT_TYPE.RAID_NOT_PROGRESSING,レイドは進行していません
RESULT_TYPE.RAID_MUST_MULTIPLAY,マルチプレイタイプではありません
RESULT_TYPE.RAID_CHAPTER_MISMATCH,章が一致しません
RESULT_TYPE.RAID_DUNGEON_MISMATCH,ダンジョンが一致しません
RESULT_TYPE.GUILD_RAID_ROOM_CREATED,ギルドレイドルームが作成されました
RESULT_TYPE.NOT_ENOUGH_ENTER_RAID_COUNT,ギルドレイド入場回数が足りません
RESULT_TYPE.INVALID_GUILD_RAID_INDEX,正しくないギルドレイドインデックスです
RESULT_TYPE.NOT_ENOUGH_ACTIVITY_POINT,活動スコアが足りません
RESULT_TYPE.PREVIOUS_RAID_NOT_COMPLETED,以前のレイドが進行中です
RESULT_TYPE.ALREADY_GUILD_RAID_OPENED,ギルドレイドは開催されていません
RESULT_TYPE.PLAYER_RAID_NOT_FOUND,ユーザーのレイド情報がありません
RESULT_TYPE.PLAYER_DUNGEON_NOT_FOUND,ユーザーのダンジョン情報がありません
RESULT_TYPE.DUNGEON_NOT_PLAYED,ダンジョンをプレイした記録がありません
RESULT_TYPE.DUNGEON_PLAY_ENABLE,プレイ可能な回数が残っています
RESULT_TYPE.ALREADY_HAVE,すでに所持中の英雄です
RESULT_TYPE.HERO_NOT_EXIST,英雄が存在しません
RESULT_TYPE.CANNOT_RECRUIT,宿屋でスカウトできない英雄です
RESULT_TYPE.HERO_INDEX_MISMATCH,該当の情報と英雄情報が一致しません
RESULT_TYPE.ALREADY_RECRUITED,すでに所持中の英雄です
RESULT_TYPE.HERO_NOT_EXIST_IN_FRIENDLY_TABLE,友情を貯められない英雄です
RESULT_TYPE.HERO_FRIENDLY_POINT_MAX,これ以上、友情を貯められない状態です
RESULT_TYPE.ACTION_NOT_READY,まだ、その行動はできません
RESULT_TYPE.ACTION_NOT_EXIST,存在しない行動です
RESULT_TYPE.COST_MISMATCH,行動のための資源が足りません
RESULT_TYPE.FRIENDLY_POINT_MISMATCH,親密度が足りないため、スカウトできません。
RESULT_TYPE.COOL_TIME_MISMATCH,まだ、時間になっていません
RESULT_TYPE.CANNOT_RECRUIT_HERO,スカウトできる英雄がいません
RESULT_TYPE.IN_FRIENDLY_STATE,すでに友情を貯めています
RESULT_TYPE.NO_FRIENDS,友だちがいません
RESULT_TYPE.ALREADY_SENT_FRIENDSHIP_POINT,すでに友情ポイントを送りました
RESULT_TYPE.EMPTY_NAME,名前が空いています
RESULT_TYPE.INVALID_NAME,正しくない名前です
RESULT_TYPE.TOO_SHORT_NAME,名前が短いです
RESULT_TYPE.TOO_LONG_NAME,名前が長いです
RESULT_TYPE.INIT_COOL_TIME_NOT_ELAPSED,リセット時間が経過していません
RESULT_TYPE.ALREADY_GUILD_SKILL_INIT,すでにギルドスキルをリセットしました
RESULT_TYPE.MAX_GUILD_LEVEL,ギルドレベルがMAXです
RESULT_TYPE.MAX_SKILL_LEVEL,MAXスキルレベルです
RESULT_TYPE.LOW_TEAM_LEVEL,チームレベルが低いです
BASE_RESULT_TYPE.INTERNAL_SERVER_ERROR,サーバーエラーです
BASE_RESULT_TYPE.DISABLED,非活性化状態です
RESULT_TYPE.NOT_ALLOWED,許容されていません
RESULT_TYPE.NO_ACCOUNT_ID,アカウント番号がありません
RESULT_TYPE.NOT_FOUND,見つかりません
RESULT_TYPE.MISSING_TOWER_INDEX,塔が指定されていません
RESULT_TYPE.NO_MAX_STAR_HERO,MAXスター強化英雄がありません
RESULT_TYPE.TOWER_REQ_CHAPTER_NOT_COMPLETED,入場に必要な章をクリアしていません
RESULT_TYPE.RAID_LEVEL_MISMATCH,レイドレベルが一致しません
RESULT_TYPE.CONTENTS_DISABLED,このコンテンツは解放されていません
RESULT_TYPE.GUILD_RAID_ROOM_NOT_FOUND,ギルドレイドの待機室はありません
RESULT_TYPE.NOT_GUILD_RAID_ROOM_MEMBER,ギルドレイドの待機室のメンバーではありません
RESULT_TYPE.INVALID_GULD_RAID_MEMBER_RANK,ギルドレイドに参加可能なランクではありません
RESULT_TYPE.NOT_ENOUGH_ENTER_GUILD_RAID_COUNT,ギルドレイド入場回数が足りません
RESULT_TYPE.MISSING_WORLD_BOSS_INDEX,ワールドボスのインデックスがありません
RESULT_TYPE.WORLD_BOSS_NOT_EXIST,ワールドボスがありません
RESULT_TYPE.WORLD_BOSS_NOT_ACTIVE,ワールドボスが活性化していません
RESULT_TYPE.WORLD_BOSS_NOT_FOUND,ワールドボスが見つかりません
RESULT_TYPE.MISSING_WORLD_BOSS_CREATURE_INFO,ワールドボスモンスター情報がありません
RESULT_TYPE.PARSING_WORLD_BOSS_CREATURE_INFO_ERROR,ワールドボスモンスター情報の読み込みに失敗しました。
RESULT_TYPE.WORLD_BOSS_HP_ERROR,エラーの発生により、ワールドボスのスコアが正常に登録されませんでした。アプリを再起動しても問題が解決できない場合はカスタマーセンターまでお問い合わせください。
RESULT_TYPE.NOT_CLEARED,クリアしていません
RESULT_TYPE.PURCHASE_INFO_NOT_FOUND,購入情報がありません
RESULT_TYPE.INTERNAL_SERVER_ERROR,サーバーエラーです
RESULT_TYPE.NOT_DAILY_ENDED,まだ、購入可能な期間ではありません。
RESULT_TYPE.NEED_COMPLETE_IN_APP_PURCHASE,アプリ内で購入の手続きを完了してください
RESULT_TYPE.OTHER_DAILY_EFFECTIVE,すでに同じ種類の商品期間が適用されています
RESULT_TYPE.RESTORE_DATA_NOT_FOUND,復旧情報がありません
RESULT_TYPE.MATERIAL_COUNT_ERROR,素材数が正しくありません
RESULT_TYPE.LOW_HERO_LEVEL,英雄レベルが低いです
RESULT_TYPE.PRICE_ERROR,価格が正しくありません
RESULT_TYPE.COST_TYPE_ERROR,価格の種類が正しくありません
RESULT_TYPE.EXCEEDED_MAX_MATERIAL_EQUIP_ITEMS,MAX装備素材数を超えました
RESULT_TYPE.HERO_EQUIPPED_MATERIAL_EQUIP_ITEM,英雄が装着した装備は、素材として使用できません。
RESULT_TYPE.INVALID_GACHA_DATA,正しくないガチャデータです
RESULT_TYPE.NO_RECV_FRIENDSHIP_POINT,受け取る友情ポイントがありません
RESULT_TYPE.MAX_DAILY_REMOVE_FRIENDS,1日の友だち削除回数を超えました
RESULT_TYPE.GULLD_JOIN_REQUEST_PROCESSING,ギルド入会申請を処理中です
RESULT_TYPE.INVALID_GUILD_RANK,権限がありません
RESULT_TYPE.INVALID_GUILD_INTRODUCE,正しくないギルド紹介文です
RESULT_TYPE.TOO_LONG_GUILD_INTRODUCE,ギルド紹介が長いです
RESULT_TYPE.INVALID_GUILD_NOTICE,正しくないギルドのお知らせです
RESULT_TYPE.TOO_LONG_GUILD_NOTICE,ギルドのお知らせが長いです
RESULT_TYPE.GUILD_JOIN_REQUEST_EXIST,ギルド入会申請があるため、変更できません
RESULT_TYPE.ALREADY_EXIST_NAME,すでに存在する名前です
RESULT_TYPE.MAX_CONTRIBUTED_GEM,現在、貢献度がMAXです
RESULT_TYPE.NO_CONTRIBUTE_COUNT,ギルド寄付回数がありません
RESULT_TYPE.INVALID_GUILD_ID,正しくないギルド番号です
RESULT_TYPE.INVALID_TARGET_RANK,正しくないギルドランクです
RESULT_TYPE.INVALID_SKILL_LEVEL,UPしたいギルドスキルレベルが有效ではありません
RESULT_TYPE.GUILD_JOIN_REQUEST_PROCESSING,ギルド入会申請を処理中です
RESULT_TYPE.NOT_ELAPSED_GUILD_REQUEST_COOL_TIME,ギルド退会から{1}時間が経っていないため、ギルド創設/入会はできません。
RESULT_TYPE.NO_GUILD_SKILL_LEVEL_UP_REQUEST,ギルドスキルレベル申請データがありません
RESULT_TYPE.ALREADY_GUILD_SKILL_LEVEL_UP_REQUESTED,すでにギルドスキルレベルUPを申請しました
RESULT_TYPE.ALREADY_BID,すでに入札したアイテムです
RESULT_TYPE.ALREADY_CREATED_ROOM,ギルドレイドルームが作成されました
RESULT_TYPE.NOT_ROOM_MASTER,待機室のルームマスターではありません
RESULT_TYPE.ROOM_NOT_FOUND,待機室がありません
RESULT_TYPE.NOT_ENOUGH_GUILD_ACTIVITY_POINT,ギルド活動ポイントが足りません
RESULT_TYPE.TRANSCEND_ITEM_INDEX_ERROR,正しくない超越アイテムです
RESULT_TYPE.NOT_ENOUGH_TRANSCEND_ITEM,超越アイテム数が足りません
RESULT_TYPE.CANNOT_TRANSCEND_MORE,これ以上、超越できません。
RESULT_TYPE.NOT_ENOUGH_PURIFIED,浄化されていません
RESULT_TYPE.WRONG_SLOT_INDEX,正しくないスロット番号です
RESULT_TYPE.NOT_SELECTABLE_SLOT_INDEX,選択できないスロットです
RESULT_TYPE.CRAFT_SLOT_PRICE_DATA_NOT_FOUND,製作スロットの価格情報がありません
RESULT_TYPE.INVALID_PRICE,正しくない価格です
RESULT_TYPE.NO_FLASK_ITEM,フラスコアイテムがありません
RESULT_TYPE.FLASK_DATA_NOT_FOUND,フラスコデータがありません
RESULT_TYPE.CRAFT_DATA_NOT_FOUND,製作データがありません
RESULT_TYPE.NOT_CRAFT_SLOT_INDEX,製作スロット番号ではありません
RESULT_TYPE.NOT_YET_CRAFTED,まだ製作されていません
RESULT_TYPE.ALREADY_USING_FLASK,すでにフラスコを装着中です
RESULT_TYPE.HERO_NOT_SELECTABLE,英雄を選択できません
RESULT_TYPE.HERO_FRAGMENT_DATA_ERROR,英雄の欠片情報が正しくありません
RESULT_TYPE.NO_HEROES,英雄がいません
RESULT_TYPE.INVALID_HERO,正しくない英雄です
RESULT_TYPE.MATCHING_BLOCKED,一時的なマッチングエラー状態です
RESULT_TYPE.ALREADY_RESET,すでにリセットされました
RESULT_TYPE.INVALID_RESET_COST,正しくないリセット価格です
RESULT_TYPE.NOT_ENOUGH_RESET_COST,リセット費用が十分ではありません
RESULT_TYPE.SCENARIO_QUEST_DATA_NOT_FOUND,シナリオクエストデータがありません
RESULT_TYPE.NOT_ENOUGH_PROGRESS,進行過程が不十分です
RESULT_TYPE.NOT_CLIENT_ONLY,クライアント専用ではありません
RESULT_TYPE.INVALID_PAY_SHOP_TYPE,正しくない特別ショップの種類です
RESULT_TYPE.INVALID_SHOP_ITEM_DATA,正しくないショップアイテムデータです
RESULT_TYPE.SHOP_RESTOCK_INFO_NOT_FOUND,ショップの再入庫情報が正しくありません
RESULT_TYPE.SIGNED_OUT,退会しました
RESULT_TYPE.NO_CACHE,キャッシュがありません
RESULT_TYPE.BLOCKED,制限状態です
RESULT_TYPE.LOW_VERSION,バージョンが低いです
RESULT_TYPE.INVALID_STAMINA_TYPE,正しくないスタミナです
RESULT_TYPE.MAX_STAMINA,MAXスタミナです
RESULT_TYPE.GUILD_MASTER_CANNOT_SIGN_OUT,ギルドマスターは退会できません
RESULT_TYPE.DBSELECT_ERROR,データベースエラーです
RESULT_TYPE.DBUPDATE_ERROR,データベースエラーです
RESULT_TYPE.INVALID_GIVE_ITEM_RESULT,アイテムを配布できません
RESULT_TYPE.ALREADY_PASSED_ORDER_ID,配布済みの領収証番号です
RESULT_TYPE.SERVER_BUSY,ご依頼の購入は、ただいま検証中です。
RESULT_TYPE.ALREADY_FINISHED,すでに配布処理された領収証番号です
RESULT_TYPE.PRODUCT_ID_NOT_EXIST,存在しない商品IDです
RESULT_TYPE.DBINSERT_ERROR,データベースエラーです
RESULT_TYPE.IAPINFO_NOT_FOUND,購入情報が見つかりません
RESULT_TYPE.AWAKE_DATA_NOT_FOUND,超越データが見つかりません
RESULT_TYPE.ALREADY_COMPLETED_CRAFT_ITEM,すでに製作が完了したアイテムです
RESULT_TYPE.DUPLICATED_HERO,重複された英雄です
RESULT_TYPE.NOT_COMPLETED_DUNGEON,クリアしていないダンジョンです
RESULT_TYPE.GOOGLE_RETRY_NEEDED,Googleの再試行が必要です
RESULT_TYPE.APPLE_RETRY_NEEDED,IOSの再試行が必要です
RESULT_TYPE.NOT_HERO_TANSCENDED,超越していない英雄です
RESULT_TYPE.NOT_ENOUGH_TRANSCEND,超越段階が足りません
RESULT_TYPE.WRONG_REMAIN_TIME,残りの時間が正しくありません
RESULT_TYPE.HERO_TRIAL_ALREADY_COMPLETED,すでに試練をクリアしました
RESULT_TYPE.ALREADY_HAVE_COSTUME,すでにこのコスチュームを所持しています
RESULT_TYPE.COSTUME_DATA_NOT_FOUND,コスチュームデータがありません
RESULT_TYPE.COSTUME_NOT_OPENED,このコスチュームは開放されていません
RESULT_TYPE.HERO_AWAKE_DATA_NOT_FOUND,超越データが見つかりません
RESULT_TYPE.COSTUME_IS_DEFAULT,すでに所持中のコスチュームです
RESULT_TYPE.NOT_CORRECT_HERO,このコスチュームを着用できる英雄ではありません
RESULT_TYPE.COSTUME_NOT_OWNED,所持していないコスチュームです
RESULT_TYPE.CANNOT_SET_COSTUME,コスチュームを着用できません
RESULT_TYPE.ALREADY_COSTUMED,すでにコスチュームを着用しています
RESULT_TYPE.NOT_EQUIP_COSTUME,コスチュームを着用していません
RESULT_TYPE.LOCKED_EQUIP_ITEM_EXISTS,ロックされた装備が存在します
RESULT_TYPE.ALREADY_LOCKED,ロック中の装備アイテムです
RESULT_TYPE.ALREADY_UN_LOCKED,すでにロックが解除された装備アイテムです
RESULT_TYPE.NOT_ENOUGH_RAID_POINT,レイドポイントが足りません
RESULT_TYPE.MULTIPLAY_NOT_ENDED,戦闘を完了していません
RESULT_TYPE.NOT_BREAKABLE_ITEM_EXISTS,分解できないアイテムが存在します
RESULT_TYPE.LOCKED_ITEM_EXISTS,ロックされたアイテムが存在します
RESULT_TYPE.NOT_FREE_KEEP_RUNE,現在のルーンの保存には、ルビーが必要です。
RESULT_TYPE.FREE_KEEP_RUNE,現在のルーンの保存には、ルビーは必要ありません。
RESULT_TYPE.CANNOT_RESTOCK,商品リストを読み込みできません
RESULT_TYPE.ALREADY_COMPLETED_GUILD_RAID,すでにクリアしたギルドレイドです
RESULT_TYPE.NOT_CURRENT_GUILD_RAID_DUNGEON,すでにクリアしたエリアです
RESULT_TYPE.PLAYING_GUILD_RAID_EXIST,他のギルドメンバーは戦闘中です
RESULT_TYPE.GUILD_RAID_NOT_OPENED,開放されていないギルドレイドです
RESULT_TYPE.GUILD_RAID_DUNGEON_DATA_NOT_FOUND,ダンジョンが見つかりません
RESULT_TYPE.GUILD_RAID_INFO_NOT_FOUND,戦闘が正常に動作していません。再度お試しください。
RESULT_TYPE.GUILD_RAID_CANCELED,ギルドレイドが取り消されました
RESULT_TYPE.NOT_RENEW_EQUIP_ITEM,再研磨するアイテムが選択されていません
RESULT_TYPE.NO_RENEW_OPTION_SLOT,再研磨できないアイテムです
RESULT_TYPE.GUILD_RAID_CHAPTER_DATA_NOT_FOUND,ギルドレイドの章が見つかりません
RESULT_TYPE.NOT_GUILD_MASTER,ギルドマスターではありません
RESULT_TYPE.ALREADY_OPEN,すでに開放されたレイドです
RESULT_TYPE.NOT_OPENABLE_TIME,開放可能な時間ではありません
RESULT_TYPE.INVALID_GUILD_RAID_OPEN_DURATION,正しくないギルドレイド開放時間です
RESULT_TYPE.PARSING_CREATURE_INFO_ERROR,英雄情報の読み込みに失敗しました
RESULT_TYPE.NOT_GUILD_RAID_PLAYING_ACCOUNT,ギルドレイド進行中ではありません
RESULT_TYPE.INVALID_CREATURE_WAVE_SLOT_INDEX,正しくない英雄スロットです
RESULT_TYPE.ALIVE_ENEMY_EXIST,生きている敵が存在します
RESULT_TYPE.ALL_HEROES_DIED,すべての英雄が死亡しました
RESULT_TYPE.ONE_STORE_RETRY_NEEDED,One Storeの再試行が必要です
RESULT_TYPE.NO_OLD_OPTION_INDEX,既存の効果がありません
RESULT_TYPE.NO_RENEW_OPTION_RESULT_INDEX,新しい効果の結果がありません
RESULT_TYPE.INVALID_CONFIRM_OPTION_INDEX,正しくない効果番号です
RESULT_TYPE.OPTION_SLOT_MISMATCH,効果スロットが一致しません
RESULT_TYPE.EMPTY_PRICE,価格がありません
RESULT_TYPE.INVAID_PRICE,正しくない価格です
RESULT_TYPE.NO_AVAILABLE_OPTION,使用可能な効果がありません
RESULT_TYPE.SAME_EVENT_CALENDAR,同じイベントカレンダーです
RESULT_TYPE.ITEM_DESTROYED,アイテムがなくなりました
RESULT_TYPE.ITEM_NOT_FOUND,アイテムがありません
RESULT_TYPE.WRONG_ITEM_COUNT,正しくないアイテム数です
RESULT_TYPE.INVALID_OPEN_DURATION,正しくない開放時間です
RESULT_TYPE.ADDED_GUILD_RAID_INFO_IS_NULL,ギルドレイド情報がありません
RESULT_TYPE.INVALID_DIFFICULTY,正しくない難易度です
RESULT_TYPE.CAMPAIGN_INFO_NOT_FOUND,ネットワーク環境の問題により、サーバーでユーザーの戦闘記録処理が遅延しています。しばらくしてから再度お試しください。
RESULT_TYPE.NOT_GUILD_RAID,ギルドレイドではありません
RESULT_TYPE.NOT_PLAYING_ACCOUNT,プレイ中のアカウントではありません
RESULT_TYPE.INVALID_ACTION_VALUE,正しくない値です
RESULT_TYPE.INVALID_CHAPTER_DUNGEON,章またはダンジョンインデックスが正しくありません
RESULT_TYPE.INVALID_SELECT_ITEM_COUNT,選択したアイテムの数が正しくありません
RESULT_TYPE.ITEM_NOT_EXIST,選択したアイテムがありません
RESULT_TYPE.ITEM_NOT_SELECTED,アイテムが選択されていません
RESULT_TYPE.ALREADY_HAS_HERO,すでに英雄を保有しています
RESULT_TYPE.INVALID_ROOM_INFO,正しくないルーム情報です
RESULT_TYPE.ROOM_NOT_EXIST,存在しないルームです
RESULT_TYPE.NOT_DELEGATE_ACCOUNT_ID,委任するユーザーがいません
RESULT_TYPE.ROOM_FULL,ルームがいっぱいです
RESULT_TYPE.ROOM_IN_BATTLE,戦闘中のルームです
RESULT_TYPE.NOT_JOINED_RAID_ROOM,ルームに参加していません
RESULT_TYPE.INVALID_ROOM_NO,ルーム番号が正しくありません
RESULT_TYPE.ALREADY_JOINED_BROADCAST_ROOM,すでに参加した配信です
RESULT_TYPE.NOT_JOINED_BROADCAST_ROOM,配信に参加中ではありません
RESULT_TYPE.WORLD_BOSS_RANK_ERROR,ワールドボスランキングエラーです
RESULT_TYPE.WORLD_BOSS_CANCELED,ダメージ数値が異常に高いため、戦闘を終了します。
RESULT_TYPE.WORLD_BOSS_SEASON_CHANGED,他のワールドボスが出現しました
RESULT_TYPE.STARTED_WORLD_BOSS_NOT_FOUND,ワールドボスを開始できません
RESULT_TYPE.WORLD_BOSS_DATA_NOT_FOUND,ワールドボスの情報が見つかりません
RESULT_TYPE.CANNOT_SEARCH_MY_FRIEND,友だちを検索できません
RESULT_TYPE.BOOSTER_DATA_NOT_FOUND,ブースト情報がありません
RESULT_TYPE.PATCH_NOTE_NOT_FOUND,パッチノートがありません
RESULT_TYPE.SAME_PATCH_NOTE,同じパッチノートです
RESULT_TYPE.HP_NOT_FOUND,モンスターHPの読み込みに失敗しました
RESULT_TYPE.KICKED_FROM_ROOM,ルームから追放されたユーザーです
RESULT_TYPE.MASTER_BANNED,ルームマスターがブロックしたユーザーです
RESULT_TYPE.KICK_MEMBER_NOT_EXIST,追放するユーザーがいません
RESULT_TYPE.INTERNAL_ERROR,サーバーエラーです
RESULT_TYPE.BAN_ACCOUNT_FULL,ブロックユーザー数の上限に達しました
RESULT_TYPE.ALREADY_ADDED_ACCOUNT,すでに追加されているユーザーです
RESULT_TYPE.BAN_ACCOUNT_NOT_EXIST,存在しないユーザーです
RESULT_TYPE.FAVORITE_ACCOUNT_FULL,お気に入りのユーザー数がMAXです
RESULT_TYPE.FAVORITE_ACCOUNT_NOT_EXIST,存在しないユーザーです
RESULT_TYPE.NOT_ENOUGH_WORLD_BOSS_POINT,ワールドボスポイントが足りません
RESULT_TYPE.NOT_ENOUGH_EVENT_POINT,イベントポイントが足りません
RESULT_TYPE.ROOM_SERVER_INTERNAL_ERROR,ルームサーバーエラーです
RESULT_TYPE.ALREADY_EXIST_GUILD_NAME,すでに存在するギルド名です
RESULT_TYPE.MAX_FRIENDLY_POINT,親密度がいっぱいになりました
RESULT_TYPE.CANNOT_GIVE_GIFT_NPC,プレゼントできません
RESULT_TYPE.FRIENDLY_POINT_INFO_NOT_FOUND,親密度情報がありません
RESULT_TYPE.FRIENDLY_POINT_DATA_NOT_FOUND,親密度データがありません
RESULT_TYPE.INVALID_FRIENDLY_POINT_STEP,親密度の段階が正しくありません
RESULT_TYPE.NOT_ENOUGH_FRIENDLY_POINT,親密度が足りません
RESULT_TYPE.NEXT_TIER_EQUIP_ITEM_NOT_FOUND,進化されるアイテム情報がありません
RESULT_TYPE.INVALID_NEXT_TIER_STEP,正しくない進化アイテム情報です
RESULT_TYPE.MAX_TIER_ITEM,進化するアイテムは、現在、MAXティアです
RESULT_TYPE.MATERIAL_ITEM_DATA_NOT_FOUND,必要な素材アイテムデータがありません
RESULT_TYPE.UPGRADE_TIER_NOT_FOUND,装備進化データがありません
RESULT_TYPE.NOT_EQUIP_MAX_STAR,進化させる装備の星数がMAXではありません
RESULT_TYPE.WORLD_BOSS_DAILY_REWARDING,1日の精算中です
RESULT_TYPE.CANNOT_BUY_NO_EVENT,イベント中ではありません
RESULT_TYPE.CANNOT_RESTOCK_NO_EVENT,イベントが終了したため、再入庫できません
RESULT_TYPE.EVENT_DUNGEON_DATA_NOT_FOUND,イベントダンジョンデータがありません
RESULT_TYPE.EVENT_DUNGEON_CLOSED,イベントダンジョンが終了しました
RESULT_TYPE.WITHDRAW_PENALTY,ギルド制限期間中は、利用できません。
RESULT_TYPE.EQUIP_ENCHANT_OPTION_ITEM_DATA_NOT_FOUND,インチャント効果情報がありません
RESULT_TYPE.NOT_ENOUGH_EVENT_DUNGEON_POINT,イベントポイントが足りません
RESULT_TYPE.GUILD_CONTENTS_RESTRICTED,ギルド制限期間中は、この商品を購入できません
RESULT_TYPE.ITEM_EXPIRED,期限切れのアイテムです
RESULT_TYPE.WRONG_WORLD_BOSS_CHAPTER,ワールドボスの戦闘可能時間ではありません。
RESULT_TYPE.WRONG_WORLD_BOSS_DUNGEON,ワールドボスの戦闘可能時間ではありません。
RESULT_TYPE.CREATURE_STAR_DATA_NOT_FOUND,英雄の覚醒情報がありません
RESULT_TYPE.RANK_ERROR,正しくないランキングです
RESULT_TYPE.CANCELED,取り消されました
RESULT_TYPE.NOT_ENOUGH_EVENT_DUNGEON_POINT2,イベントポイントが足りません
RESULT_TYPE.NOT_ENOUGH_EVENT_DUNGEON_POINT3,イベントポイントが足りません
RESULT_TYPE.NOT_ENOUGH_GLORY_POINT,オナーメダルが足りません
RESULT_TYPE.NOT_AVAILABLE_HERO,使用できない英雄です
RESULT_TYPE.INVAILD_ACHIEVEMENT_INDEX,受け取れない報酬です
RESULT_TYPE.CHALLENGE_RAID_NOT_OPENED,チャレンジレイドの入場期限が切れたため、進行できません。
RESULT_TYPE.CENSORED_WORD_NAME,使用できない名前です
RESULT_TYPE.NOT_OPENED_ROOM,このルームは非公開であるため、参加できません。
RESULT_TYPE.ROOM_LEFT,ネットワークが途切れたため、ルームがなくなりました
RESULT_TYPE.CHALLENGE_RAID_DATA_NOT_FOUND,チャレンジレイドデータが存在しません
RESULT_TYPE.NO_EVENT_DUNGEON_DATA,イベントダンジョンデータが存在しません
RESULT_TYPE.NO_RESET_COUNT,リセット回数が存在しません
RESULT_TYPE.NO_RESET_CURRENCY_TYPE,リセット財貨が存在しません
RESULT_TYPE.NO_RESET_AMOUNT,リセット費用が存在しません
RESULT_TYPE.INVALID_ACHIEVEMENT_INDEX,正しくないアチーブメント番号です
RESULT_TYPE.NOT_ENOUGH_EVENT_GIFT,イベントプレゼントが足りません
RESULT_TYPE.MISSING_EVENT_WORLD_BOSS_INDEX,イベントワールドボス番号がありません
RESULT_TYPE.EVENT_WORLD_BOSS_NOT_EXIST,イベントワールドボスがありません
RESULT_TYPE.EVENT_WORLD_BOSS_NOT_ACTIVE,イベントワールドボスがロックされています
RESULT_TYPE.EVENT_WORLD_BOSS_DATA_NOT_FOUND,イベントワールドボスデータがありません
RESULT_TYPE.WRONG_EVENT_WORLD_BOSS_CHAPTER,イベントワールドボスの戦闘可能時間ではありません
RESULT_TYPE.WRONG_EVENT_WORLD_BOSS_DUNGEON,イベントワールドボスの戦闘可能時間ではありません
RESULT_TYPE.EVENT_WORLD_BOSS_CANCELED,イベントワールドボスが取り消されました
RESULT_TYPE.EVENT_WORLD_BOSS_SEASON_CHANGED,イベントワールドボスのシーズンが変更されました
RESULT_TYPE.STARTED_EVENT_WORLD_BOSS_NOT_FOUND,開始したイベントワールドボス情報がありません
RESULT_TYPE.EVENT_WORLD_BOSS_HP_ERROR,イベントワールドボスのHPが正しくありません
RESULT_TYPE.EVENT_WORLD_BOSS_NOT_PLAYABLE_TIME,イベントワールドボスの戦闘可能時間ではありません
RESULT_TYPE.CHALLENGE_RAID_SCORE_ERROR,チャレンジレイドのスコアが正しくありません
RESULT_TYPE.EVENT_WORLD_BOSS_LEVEL_CHANGED,イベントワールドボスのレベルが変更されました。
RESULT_TYPE.CRAFT_DATA_NOT_OPENED,製作情報がありません
RESULT_TYPE.NOT_ENOUGH_SKILL_POINT,超越ポイントが足りません
RESULT_TYPE.IS_NOT_UNEQUIP_TYPE,解除できないアイテムです
RESULT_TYPE.NOT_OPEN_PAGE,スキルページが開かれていません
RESULT_TYPE.PAGE_NOT_FOUND,ページが存在しません
RESULT_TYPE.ALREADY_HAVE_PAGE,すでにページを購入しました
RESULT_TYPE.SKILL_TYPE_ALREADY_LEARNED,すでに同じ種類のスキルを習得しています
RESULT_TYPE.NOT_CORRECT_OPTION_COUNT,効果の数が正しくありません
RESULT_TYPE.NOT_ENOUGH_HIDEOUT_DUNGEON_COUNT,上級ダンジョン入場のための鍵が足りません
RESULT_TYPE.CHAPTER_INDEX_NOT_FOUND,章の情報を確認できません
RESULT_TYPE.RESET_GEM_NOT_FOUND,更新費用の情報が見つかりません
RESULT_TYPE.INVAID_RESET_GEM,更新費用の情報が存在しません
RESULT_TYPE.SELECT_ITEM_DATA_NOT_FOUND,チケットの情報が見つかりません
RESULT_TYPE.IMPOSSIBLE_SELECT_ITEM,リストに存在しないアイテムを選択しました。
RESULT_TYPE.PURCHASE_MARKETING_DATA_NOT_FOUND,商品情報が見つかりませんでした
RESULT_TYPE.PURCHASE_MARKETING_NOT_OPENED,現在、この商品は販売されていません
RESULT_TYPE.NOT_AVAILABLE_REPEAT_COOLTIME,現在、この商品は販売されていません
RESULT_TYPE.REMAIN_REPEAT_COOLTIME,現在、この商品は販売されていません
RESULT_TYPE.NOT_ENOUGH_LUA_POINT,ルアの証が足りません。
RESULT_TYPE.BAN_PICK_PENALTY_USER_BLOCKED,参加度が低いため、ペナルティが付与されました。\n{1}分間、対戦に参加できません
RESULT_TYPE.SENSITIVE_WORD,すでに使用中です
RESULT_TYPE.INVALID_BROADCAST_NAME_IN_THIS_SERVER,日本語/ローマ字/数字以外は入力できません
RESULT_TYPE.INVALID_GUILD_NAME_IN_THIS_SERVER,日本語/ローマ字/数字以外は入力できません
RESULT_TYPE.INVALID_NICK_IN_THIS_SERVER,日本語/ローマ字/数字以外は入力できません
RESULT_TYPE.SENSITIVE_WORD_NAME,すでに使用中です
RESULT_TYPE.NOT_JOINED_PARTY_DUNGEON_ROOM,参加中のルームはありません
RESULT_TYPE.SERVER_CLOSED,サーバーがクローズされています
RESULT_TYPE.COUPON_MISMATCH,正しくないコードです
RESULT_TYPE.NOT_ENOUGH_COUPON_ITEM,コード数が足りません
RESULT_TYPE.COUPON_ITEM_DATA_NOT_FOUND,コード情報が正しくありません
RESULT_TYPE.INVALID_COUPON_ITEM_TYPE,コード情報が正しくありません
RESULT_TYPE.INVAILD_PRICE_TYPE,財貨情報が正しくありません
RESULT_TYPE.PARTY_DUNGEON_LEVEL_MISMATCH,戦闘に入場できないパーティメンバーがいます
RESULT_TYPE.CENSORED_GUILD_INTRODUCE,説明に使用できない言葉が含まれています
RESULT_TYPE.CENSORED_GUILD_NOTICE,お知らせに使用できない言葉が含まれています
RESULT_TYPE.INVALID_NOTICE_IN_THIS_SERVER,他の言語は使用できません
RESULT_TYPE.ACCUMULATE_LOGIN_REWARD_TABLEA_NOT_FOUND,この累計ログインボーナスのゲームデータが見つかりません
RESULT_TYPE.IS_NOT_CONDITION,この累計ログインボーナスの獲得可能日ではありません
RESULT_TYPE.TITLE_DATA_NOT_FOUND,称号データが存在しません
RESULT_TYPE.TITLE_NOT_FOUND,称号を所持していません
RESULT_TYPE.TITLE_EXPIRED,称号の期限が切れました
RESULT_TYPE.EQUIP_DETAIL_DATA_NOT_FOUND,装備の詳細情報が見つかりません。
RESULT_TYPE.NO_MORE_ROULETTE,これ以上はルーレットをまわせません
RESULT_TYPE.REWARD_DATA_NOT_FOUND,正しくない報酬データです
RESULT_TYPE.NOT_COMPLETED_REQ_DUNGEON,入場に必要な章をクリアしていません
RESULT_TYPE.INVALID_PRICE_TYPE,財貨情報が正しくありません
RESULT_TYPE.LIMIT_OPEN_COUNT,ギルドレイドの最大開放回数を超えました
RESULT_TYPE.CHALLENGE_RAID_RANK_ERROR,チャレンジレイドデータが存在しません
RESULT_TYPE.INVALID_BUILDING_LEVEL,レベル情報が見つかりません
RESULT_TYPE.NOT_ENOUGH_TRAINING_CENTER_LEVEL,正しくないスキル拡張です
RESULT_TYPE.ALREADY_APPLIED,すでに参加申請中です
RESULT_TYPE.GUILD_SUPPRESS_ALREADY_COMPLETED,すでにクリアしたエリアです
RESULT_TYPE.GUILD_SUPPRESS_NOT_BATTLE_STATE,開放可能な時間ではありません
RESULT_TYPE.GUILD_SUPPRESS_RAID_DATA_NOT_FOUND,プレイヤー情報からギルド討伐戦情報が見つかりません
RESULT_TYPE.GUILD_SUPPRESS_SESSION_NOT_FOUND,このダンジョンは存在しません
RESULT_TYPE.GUILD_SUPPRESS_BATTLE_RESULT_ERROR,ネットワーク環境の問題により、サーバーでユーザーの情報処理が遅延しています。しばらくしてから再度お試しください。
RESULT_TYPE.GUILD_SUPPRESS_NOT_COMPLETED_REQ_DUNGEON,入場に必要な章をクリアしていません
RESULT_TYPE.GUILD_SUPPRESS_SESSION_DATA_NOT_FOUND,必要な詳細情報が見つかりません
RESULT_TYPE.GUILD_SUPPRESS_PLAY_INFO_NOT_FOUND,データが見つかりませんでした
RESULT_TYPE.GUILD_SUPPRESS_NOT_APPLIED,ギルド討伐戦に参加を申し込んでいません
RESULT_TYPE.GUILD_SUPPRESS_DUNGEON_DATA_NOT_FOUND,ダンジョンの情報が存在しません
RESULT_TYPE.NOT_APPLIABLE,ギルド討伐戦の参加申し込み期間ではありません
RESULT_TYPE.GUILD_MEMBER_REWARD_DATA_NOT_FOUND,報酬の情報が存在しません
RESULT_TYPE.INVALID_BUILDING_INDEX,データが正しくありません
RESULT_TYPE.GUILD_BUILDING_DATA_NOT_FOUND,必要な詳細情報が見つかりません
RESULT_TYPE.EXCEED_WOOD,最大値を超過しました
RESULT_TYPE.EXCEED_STONE,最大値を超過しました
RESULT_TYPE.EXCEED_METAL,最大値を超過しました
RESULT_TYPE.NOT_ENOUGH_SUPPRESS_POINT,討伐戦ポイントが足りません
RESULT_TYPE.INVALID_ACTIVITY_POINT,データが正しくありません
RESULT_TYPE.INVALID_SUPPRESS_POINT,データが正しくありません
RESULT_TYPE.INVALID_TRAINING_CENTER_LEVEL,データが正しくありません
RESULT_TYPE.NOT_ENOUGH_WOOD,木材が足りません
RESULT_TYPE.NOT_ENOUGH_METAL,金属が足りません
RESULT_TYPE.MAX_GUILD_BUILDING_LEVEL,建物が最大レベルに達しているため、これ以上レベルアップできません
RESULT_TYPE.UNKNOWN_TYPE,データが見つかりませんでした
RESULT_TYPE.NOT_MATCH_TYPE,タイプが正しくありません
RESULT_TYPE.SESSION_NOT_FOUND,討伐戦が進行中ではありません
RESULT_TYPE.INVALID_SESSION_INDEX,進行中ではない討伐戦です
RESULT_TYPE.SESSION_DATA_NOT_FOUND,討伐戦データがありません
RESULT_TYPE.GUILD_ID_NOT_FOUND,ギルドがありません
RESULT_TYPE.INVALID_PURCHASE_MARKETING_REQUEST_INFO,データが正しくありません
RESULT_TYPE.NOT_ELAPSED_GUILD_MEMBER_REWARDED_TIME,ギルドメンバーから報酬を受け取れる時間ではありません。しばらくしてからお試しください
RESULT_TYPE.PC_AVARTAR_DATA_NOT_FOUND,報酬の情報が存在しません
RESULT_TYPE.EQUIP_SLOT_DATA_NOT_FOUND,データが見つかりませんでした
RESULT_TYPE.NOT_MATCH_SUB_TYPE,このアイテムの着用スロットではありません
RESULT_TYPE.NOT_ENOUGH_RANKING_POINT,オナーバッジが足りません
RESULT_TYPE.NOT_ENOUGH_GLORY1_POINT,栄誉ポイントが足りません
RESULT_TYPE.GUILD_INFO_NOT_FOUND,ギルド情報がありません
RESULT_TYPE.MISSING_BONUS_EVENT_CONDITION,データが見つかりませんでした
RESULT_TYPE.CAN_NOT_SELECTED_COSTUME,コスチュームを着用できません
RESULT_TYPE.COSTUME_INFO_REFUND,獲得できるコスチュームがないため、オナーバッジで補填させていただきます。
RESULT_TYPE.WORLDBOSS_NOT_FOUND,装備装着スロットに適した情報がありません。
RESULT_TYPE.WORLD_BOSS_DAMAGED_BY_ZERO,戦闘が正常に動作していません。再度お試しください。
RESULT_TYPE.IS_SINGLE_ROOM,ワールドボスにダメージをまったく与えられませんでした。もう一度挑戦してください。
RESULT_TYPE.GUILD_GUILDRAID_ALREADY_COMPLETED,シングルプレイのレイドルームです。戦闘に参加できません。
RESULT_TYPE.GUILD_GUILD_RAID_ALREADY_COMPLETED,すでにモンスターが倒されました。\n入場チケットを消費した場合、チケットを返却します
RESULT_TYPE.NAME_TOO_LONG,すでにモンスターが倒されました。\n入場チケットを消費した場合、チケットを返却します
RESULT_TYPE.INVALID_INDEX_ARRAY_SIZE,スロット名が長すぎます。10文字以内でご入力ください
RESULT_TYPE.DUPLICATED_PART_INDEX,保存する装備数が正しくありません
RESULT_TYPE.INVALID_EQUIP_ITEM_SLOT_INDEX,同じ装備は装備装着スロットに装着できません
RESULT_TYPE.INVALID_EQUIP_STORAGE_SLOT_INDEX,装備保存スロットに装着する装備がありません
RESULT_TYPE.INVALID_PART_INDEX,正しくない装備保存スロット番号です
RESULT_TYPE.MAX_EXTEND,装着できない位置です
RESULT_TYPE.MISSING_PARAM_ERROR,装備保存スロットの拡張に必要な情報が見つかりません
RESULT_TYPE.ALL_COSTUME_NOT_OWNED,入力値が正しくありません
RESULT_TYPE.ALL_HERO_NOT_OWNED,すべてのコスチュームを所有していません
RESULT_TYPE.CHEST_FULL,すべての英雄を仲間にしていません
RESULT_TYPE.MAX_CHEST,保管箱がいっぱいです
RESULT_TYPE.INVENTORY_FULL,保管箱スロットがMAXです
RESULT_TYPE.COUNTRY_CODE_CHANGE_IS_NOT_POSSIBLE,カバンがいっぱいです
RESULT_TYPE.GUILD_SUPPRESS_AUTO_APPLY_INFO_NOT_FOUND,国家コードを変更できない期間です
RESULT_TYPE.INVALID_COUNTRY_CODE_INDEX,討伐戦の自動申請記録が見つかりません
RESULT_TYPE. EVENT_ITEM_NOT_SELLECT,国家コードがありません
RESULT_TYPE.POINT_NOT_ENOUGH,選択したアイテムがありません
RESULT_TYPE.MAX_HERO_TRANSCEND_POINT,参加スコアが足りません
RESULT_TYPE.INVALID_HERO_TRANSCEND_POINT,英雄の超越特性ポイントが最大値に達しています。
RESULT_TYPE.RESOURCE_NOT_FOUND_ERROR,英雄の超越特性ポイントが正しくありません。
RESULT_TYPE.INCORRECT_GUILD_MEMBER,リソースが見つかりません。
RESULT_TYPE.GUILD_MEMBER_NOT_FOUND,正常なギルドメンバーではないため、進行に失敗しました。
RESULT_TYPE.MAX_GUILD_ADMIN,そのギルドメンバーはギルド内に存在しません
RESULT_TYPE.NOT_CORRECT_GUILD_BUILDING_LEVEL,管理者人数の上限に達しました
RESULT_TYPE.INVALID_TAG_TYPE,購入しようとしているギルド商品とギルドショップのレベルが異なるため、この商品を購入できません
RESULT_TYPE.INVALID_CURRENCY_DATA,クラスが正しくありません
RESULT_TYPE.NOT_ENOUGH_CURRENCY,財貨データが正しくありません
RESULT_TYPE.NOT_EXIST_CLASS_BUFF_DATA,財貨が足りません
RESULT_TYPE.ALREADY_CLASS_BUFF_INIT,このデータは存在しません
RESULT_TYPE.INVALID_CLASS_BUFF_INDEX,すでにリセット済みです
RESULT_TYPE.INVALID_CLASS_BUFF_LEVEL,正しくないクラスバフのインデックス情報をサーバーに送りました
RESULT_TYPE.NOT_ENOUGH_POINT,正しくないクラスバフのレベル情報をサーバーに送りました
RESULT_TYPE.NOT_ENOUGH_CLASS_BUFF_INDEX,クラスバフポイントが足りません
RESULT_TYPE.NOT_ENOUGH_CLASS_BUFF_LEVEL,レベルアップするためのインデックスが足りません
RESULT_TYPE.NOT_ENOUGH_NEED_HERO_COUNT,レベルアップに必要な最低クラスバフレベルを達成していません
RESULT_TYPE.EXCEEDED_MAX_LEVEL,必要な英雄の所有数を達成していません
RESULT_TYPE.MONTHLY_HERO_NOT_FOUND,これ以上は強化できません
RESULT_TYPE.CHECK_CONDITION_NOT_PASSED,このリクエストは処理できません
RESULT_TYPE.NEWBIE_POPUP_TIME_ENDED,報酬受取期間が過ぎました
RESULT_TYPE.NOT_OPENED_NEWBIE_POPUP,現在、この商品は販売されていません
RESULT_TYPE.NOT_ENOUGH_GUILD_ARENA_POINT,ギルド戦の証が不足しています。
RESULT_TYPE.NOT_ENOUGH_CONQUEST_DUNGEON_COUNT,討伐戦闘の鍵が足りません。
RESULT_TYPE.ALREADY_ON_BATTLE_HERO,派遣中の英雄です。
RESULT_TYPE.GUILD_SUPPRESS_GROUP_INFO_NOT_FOUND,ギルド討伐戦の参加情報がありません。
RESULT_TYPE.MODULATED_DATA,変更されたデータで情報をリクエストしました。
RESULT_TYPE.DISPATCH_BATTLE_NOT_FOUND,派遣団の情報が見つかりません。
RESULT_TYPE.ALREADY_FINISH_DISPATCH_BATTLE,すでに完了しています。
RESULT_TYPE.ALREADY_MAX_BATTLE_COUNT,これ以上、派遣できません。
RESULT_TYPE.NOT_ENOUGH_HERO_COUNT,英雄の数が足りません。
RESULT_TYPE.NOT_OWN_HERO,所有している英雄ではありません。
RESULT_TYPE.NOT_CORRECT_EQUIP_SWAP_COUNT,変更したい装備は2個ではありません。
RESULT_TYPE.HERO_NOT_EQUIPPED,変更したい装備が装着状態ではありません。
RESULT_TYPE.CAN_NOT_UPGRADE_VALUE,強化を実行できない値です。
RESULT_TYPE.ALREADY_USED_EQUIP_STORAGE_SLOT_INDEX,すでに使用中のEquipStorageSlotIndex
RESULT_TYPE.GUILD_ARENA_SESSION_NOT_FOUND,すでに終了したギルド戦です。
RESULT_TYPE.INVALID_GUILD_ARENA_SESSION_INDEX,すでに終了したギルド戦です。
RESULT_TYPE.NOT_GUILD_ARENA_APPLIABLE,参加できません。
RESULT_TYPE.GUILD_ARENA_SESSION_DATA_NOT_FOUND,ギルド戦データがありません。
RESULT_TYPE.ALREADY_APPLIED_GUILD_ARENA,すでに参加済みです
RESULT_TYPE.GUILD_ARENA_SCORE_INFO_NOT_FOUND,ギルド戦記録が見つかりません。
RESULT_TYPE.GUILD_ARENA_AUTO_APPLY_INFO_NOT_FOUND,ギルド戦の自動申請記録が見つかりません。
RESULT_TYPE.SUB_STORY_DATA_NOT_FOUND,サブストーリーのゲームデータがありません。
RESULT_TYPE.NEED_SUB_STORY,サブストーリーをクリアすると購入できます。
RESULT_TYPE.REQUIRED_VALUE_EMPTY,要請に必要な値が存在しません
RESULT_TYPE.NOT_HAVE_HERO,必要な英雄を所有していません
RESULT_TYPE.WEAPON_COSTUME_DATA_NOT_FOUND,武器外観データがありません
RESULT_TYPE.HAIR_COSTUME_DATA_NOT_FOUND,髪型データがありません
RESULT_TYPE.STAR_VALUE_NOT_FOUND,コスチュームデータに英雄のランク情報がありません
RESULT_TYPE.NOT_HAVE_NEED_COSTUME,基本支給コスチュームを所有していません
RESULT_TYPE.ALREADY_HAVE_ACCESSORY_COSTUME,すでに所持している装身具です
RESULT_TYPE.ACCESSORY_COSTUME_DATA_NOT_FOUND,装身具データがありません
RESULT_TYPE.ACCESSORY_COSTUME_NOT_OPENED,販売している装身具ではありません
RESULT_TYPE.DUPLICATE_PART_TYPE,同じ部位の商品は、同時に購入・着用できません
RESULT_TYPE.UNSET_ACCESSORY_COSTUME_FAIL,装身具コスチューム解除に失敗しました。
RESULT_TYPE.NOT_HAVE_WEAPON_COSTUME,所持していない武器外観です
RESULT_TYPE.NOT_HAVE_ACCESSORY_COSTUME,所有していない装身具です
RESULT_TYPE.INVALID_VALUE,正しくない値でリクエストしました。
RESULT_TYPE.EMPTY_SORAGE_SLOT,着用したいコスチュームの保存スロットが空いています。
RESULT_TYPE.HOUSE_OBJECT_DATA_NOT_FOUND,ハウジングオブジェクトではありません。
RESULT_TYPE.INVALID_EXTEND_SIZE,正しくない拡張サイズ
RESULT_TYPE.OVER_MAX_EXTEND_SIZE,最大拡張サイズ以上
RESULT_TYPE.EXTEND_DATA_NOT_FOUND,拡張データがありません
RESULT_TYPE.INVALID_SIZE,正しくない宿屋サイズ
RESULT_TYPE.INVALID_OPEN_HERO_COUNT,正しくない英雄スロット数
RESULT_TYPE.INVALID_FACILITY_COUNT,正しくない生産施設数
RESULT_TYPE.INVALID_REQ_ITEM,拡張に必要なアイテム数のエラー
RESULT_TYPE.INVALID_HERO_COUNT,配置したい英雄数超過
RESULT_TYPE.OVER_AVAIL_FACILITY_COUNT,現在の施設数が設置可能な数より多い
RESULT_TYPE.FURNITURE_DATA_NOT_FOUND,家具情報なし
RESULT_TYPE.INVALID_AXIS,正しくない軸情報
RESULT_TYPE.INVALID_LOCATION,正しくない位置
RESULT_TYPE.NOT_FOUND_CHAPTER_DATA,章のゲームデータが見つかりません。
RESULT_TYPE.IS_NOT_OPEN_DUNGEON,前回のダンジョンをクリアしていない状態です。
RESULT_TYPE.INVALID_AVATAR_HERO_INDEX,正しくないAvatarHeroIndex値をリクエストしました。
RESULT_TYPE.NICK_CHANGE_DISABLED,名前を変更できません。
RESULT_TYPE.GUILD_ARENA_WRONG_SESSION_INDEX,進行中のセッションではありません
RESULT_TYPE.GUILD_ARENA_NOT_BATTLE_STATE,ギルド戦の状態が戦闘中ではありません
RESULT_TYPE.NOT_ENOUGH_GUILD_ARENA_KEY,ギルド戦の入場チケットを保有していません
RESULT_TYPE.ALREADY_USED_BATTLE_HERO,すでに戦闘に参加した英雄です
RESULT_TYPE.CANNOT_PLAY_IN_BATTLE,すでに相手が戦闘中です
RESULT_TYPE.GUILD_ARENA_SESSION_SCORE_NOT_FOUND,ギルド戦のセッション参加ポイントが見つかりません
RESULT_TYPE.GUILD_ARENA_ENEMY_NOT_FOUND,マッチングされた敵が見つかりません
RESULT_TYPE.GUILD_ARENA_ENEMY_NOT_CORRECT,攻撃する敵がマッチングされた敵ではありません
RESULT_TYPE.MATCHED_GUILD_ARENA_ENEMY_NOT_FOUND,マッチングされた敵が見つかりません。
RESULT_TYPE.MATCH_TIER_NOT_FOUND,マッチングティアの情報が見つかりません。
RESULT_TYPE.GUILD_ARENA_ENEMY_DECK_NOT_FOUND,相手防御チームの情報が見つかりません。
RESULT_TYPE.GUILD_ARENA_MEMBER_RECORD_NOT_FOUND,戦績情報を読み込めません。
RESULT_TYPE.INVALID_GUILD_ARENA_SEASON_INDEX,進行していないギルド戦シーズンです。
RESULT_TYPE.GUILD_ARENA_RANKER_INFO_NOT_FOUND,ギルド戦の記録が見つかりません。
RESULT_TYPE.GUILD_ARENA_SESSION_RECORD_INFO_NOT_FOUND,ギルド戦のランキング記録が見つかりません。
RESULT_TYPE.GUILD_ARENA_ENEMY_DECK_ALREADY_COMPLETED,すでに敗北した敵です。
RESULT_TYPE.GUILD_ARENA_MATCH_INFO_NOT_FOUND,相手防御チームの情報が見つかりません。
RESULT_TYPE.GUILD_ARENA_NOT_APPLY_SET_DECK,申請期間が終了したため、防御チームを設定できません。
RESULT_TYPE.GUILD_ARENA_DECK_HERO_NOT_FOUND,防御デッキに指定できる英雄ではありません。
RESULT_TYPE.GUILD_ARENA_HERO_NOT_FOUND,英雄を所有していません。
RESULT_TYPE.GUILD_ARENA_NOT_APPLY_SET_DECK_SKILL,申請期間が終了したため、スキルを設定できません。
RESULT_TYPE.NOT_ENOUGH_ECLIPSE_KEY,赤き月の結晶がありません。\n\n赤き月の結晶はログイン、またはスタミナを消費すると獲得できる侵食の欠片で闇の浸食度を上げることで獲得できます。\n闇の浸食度がいっぱいになると赤き月の結晶を獲得します。
RESULT_TYPE.IS_ALREADY_LIBERATION,すでに解放された専用武器です
RESULT_TYPE.NOT_AVAILABLE_RECHARGE,赤き月の結晶をチャージする場合、\n破棄される闇の侵食度が存在します。\nエクリプスに入場して赤き月の結晶を使用した後に\n再度お試しください。
RESULT_TYPE.ECLIPSE_BATTLE_TIME_OVER,エクリプスの時間が終了したため、\n戦闘を行うことができません
