KEY,Thai
SKILL_NAME_7510,รับคำพิพากษา!!
SKILL_NAME_7511,รับคำพิพากษา!! II
SKILL_NAME_7512,รับคำพิพากษา!! III
SKILL_NAME_7513,รับคำพิพากษา!! IV
SKILL_NAME_7520,จะต้องยืมพลัง!!
SKILL_NAME_7521,จะต้องยืมพลัง!! II
SKILL_NAME_7522,จะต้องยืมพลัง!! III
SKILL_NAME_7523,จะต้องยืมพลัง!! IV
SKILL_NAME_7530,จงหยุดความเจ็บปวด!!
SKILL_NAME_7531,จงหยุดความเจ็บปวด!! II
SKILL_NAME_7532,จงหยุดความเจ็บปวด!! III
SKILL_NAME_7533,จงหยุดความเจ็บปวด!! IV
SKILL_NAME_7540,แสดงพลังแห่งบรรพบุรุษ!!
SKILL_NAME_7541,แสดงพลังแห่งบรรพบุรุษ!! II
SKILL_NAME_7542,แสดงพลังแห่งบรรพบุรุษ!! III
SKILL_NAME_7543,แสดงพลังแห่งบรรพบุรุษ!! IV
SKILL_NAME_60007510,รับคำพิพากษา!! [แสงสว่าง]
SKILL_NAME_60007511,รับคำพิพากษา!! [ความมืด]
SKILL_NAME_60007520,จะต้องยืมพลัง!! [แสงสว่าง]
SKILL_NAME_60007521,จะต้องยืมพลัง!! [ความมืด]
SKILL_NAME_60007530,จงหยุดความเจ็บปวด!! [แสงสว่าง]
SKILL_NAME_60007531,จงหยุดความเจ็บปวด!! [ความมืด]
SKILL_NAME_60007540,แสดงพลังแห่งบรรพบุรุษ!! [แสงสว่าง]
SKILL_NAME_60007541,แสดงพลังแห่งบรรพบุรุษ!! [ความมืด]
SKILL_NAME_60007550,Dakaris [แสงสว่าง]
SKILL_NAME_60007551,Dakaris [ความมืด]
SKILL_DESC_7510,โจมตีเป้าหมายและศัตรูรอบๆเพื่อสร้างความเสียหายเวท [ffc800]{1}[-] และทำให้สตันเป็นเวลา [64ffff]{2}[-] วินาที ฟื้นฟู HP ของพันธมิตร [ffc800]{3}[-] [จะต้องยืมพลัง!!] เมื่อเปิดใช้งาน จะรีเซทเวลาคูลดาวน์ของสกิลนี้ และหากใช้ถึง 3 ครั้งจะไม่เกิดเวลาคูลดาวน์อีก
SKILL_DESC_7511,เพิ่มความเสียหาย [64ff64]{1}[-] %
SKILL_DESC_7512,เพิ่มความเสียหาย [64ff64]{1}[-] %
SKILL_DESC_7513,เพิ่มความเสียหาย [64ff64]{1}[-] %
SKILL_DESC_7520,ในเวลา [64ffff]{1}[-]วินาที จะฟื้นฟู HP ของตัวเอง [ffc800]{2}[-] ฟื้นฟู MP {3} หน่วย และเพิ่มพลังโจมตี [64ff64]{4}[-] เมื่อเปิดใช้งาน หากมี HP เต็ม จะป้องกันความเสียหาย [ffc800]{5}[-] และสร้างเกราะป้องกันที่ต้านทานผลจากสถานะผิดปกติเป็นเวลา [64ff64]{6}[-] วินาที หากมีพันธมิตรไม่เกิน 3 คน จะมีเอฟเฟคแก่พันธมิตรทั้งหมด
SKILL_DESC_7521,เพิ่มการบูสต์พลังโจมตีขึ้น [64ff64]{1}[-] %
SKILL_DESC_7522,เพิ่มการบูสต์พลังโจมตีขึ้น [64ff64]{1}[-] %
SKILL_DESC_7523,เพิ่มการบูสต์พลังโจมตีขึ้น [64ff64]{1}[-] %
SKILL_DESC_7530,โจมตีศัตรู 5 ครั้งแบบสุ่ม สร้างความเสียหายเวททั้งหมด [ffc800]{1}[-] ถ้าเป้าหมายไม่ใช่วีรบุรุษจะเพิ่มความเสียหายเวท [ffc800]{2}[-] หากตนเองอยู่ในสถานะ [จะต้องยืมพลัง!!] จะโจมตีศัตรูที่มีพลังโจมตีสูงสุดก่อน
SKILL_DESC_7531,เพิ่มความเสียหาย [64ff64]{1}[-] %
SKILL_DESC_7532,เพิ่มความเสียหาย [64ff64]{1}[-] %
SKILL_DESC_7533,เพิ่มความเสียหาย [64ff64]{1}[-] %
SKILL_DESC_7540,หาก HP ของตนเองเต็มจะเพิ่มพลังโจมตี [64ff64]{1}[-] หากไม่ จะฟื้นฟู HP [ffc800]{2}[-] ต่อวินาที หากได้รับความเสียหายที่ทำให้ตาย จะต้านความเสียหาย [ffc800]{3}[-] และสร้างเกราะป้องกันที่ต้านทานผลจากสถานะผิดปกติเป็นเวลา [64ff64]{4}[-] วินาที และจะใช้ MP ทั้งหมดของตนเอง ในขณะที่เกิดเกราะป้องกันจะไม่สามารถฟื้นฟู MP ได้
SKILL_DESC_7541,เพิ่มการบูสต์พลังโจมตีขึ้น [64ff64]{1}[-] %
SKILL_DESC_7542,เพิ่มการบูสต์พลังโจมตีขึ้น [64ff64]{1}[-] %
SKILL_DESC_7543,เพิ่มการบูสต์พลังโจมตีขึ้น [64ff64]{1}[-] %
SKILL_DESC_60007510,เพิ่มเวลาสตันต่อเนื่อง 1 วินาที
SKILL_DESC_60007511,ลดการใช้ MP ลง 1 หน่วย
SKILL_DESC_60007520,เมื่อเปิดใช้งาน ความเร็วในการโจมตีของตัวเองจะเพิ่มขึ้น 500
SKILL_DESC_60007521,เพิ่มเวลาเกราะป้องกันต่อเนื่อง 5 วินาที
SKILL_DESC_60007530,เมื่อใช้ จะต้านทานสถานะผิดปกติ
SKILL_DESC_60007531,เพิ่มความเสียหาย 40%
SKILL_DESC_60007540,เพิ่มการฟื้นฟู 100%
SKILL_DESC_60007541,ฟื้นฟู MP 300 ทุกวินาทีเมื่อ HP ของตัวเองเต็ม
SKILL_DESC_60007550,"พลังโจมตี, พลังป้องกัน, HP +15% / อัตราคริติคอล +100"
SKILL_DESC_60007551,เมื่อเริ่มการต่อสู้ 5 วินาทีจะได้รับ [คำแนะนำแห่งบรรพบุรุษ] ที่เพิ่มการต้านทานสถานะผิดปกติของตนเอง 200 หน่วย หลังจากนั้น 5 วินาทีหากมี [คำแนะนำแห่งบรรพบุรุษ] อยู่จะลบล้างเอฟเฟคลบแก่เพื่อนร่วมทีม 3 คนแบบสุ่ม และเพิ่มพลังป้องกัน 50% เป็นเวลา 10 วินาที ไม่สามารถยกเลิกเอฟเฟคบูสต์พลังป้องกันได้
SKILL_DESC_90000750,ลดความเสียหายที่ได้รับ 10% และเพิ่มความต้านทานสถานะผิดปกติ 100 หลังใช้สกิล เอฟเฟคนี้จะเพิ่มเป็น 2 เท่าเป็นเวลา 2 วินาที
SKILL_DESC_90000751,ลดความเสียหายที่ได้รับ 12% และเพิ่มความต้านทานสถานะผิดปกติ 120 หลังใช้สกิล เอฟเฟคนี้จะเพิ่มเป็น 2 เท่าเป็นเวลา 2 วินาที
SKILL_DESC_90000752,ลดความเสียหายที่ได้รับ 14% และเพิ่มความต้านทานสถานะผิดปกติ 140 หลังใช้สกิล เอฟเฟคนี้จะเพิ่มเป็น 2 เท่าเป็นเวลา 2 วินาที
SKILL_DESC_90000753,ลดความเสียหายที่ได้รับ 17% และเพิ่มความต้านทานสถานะผิดปกติ 170 หลังใช้สกิล เอฟเฟคนี้จะเพิ่มเป็น 2 เท่าเป็นเวลา 2 วินาที
SKILL_DESC_90000754,ลดความเสียหายที่ได้รับ 21% และเพิ่มความต้านทานสถานะผิดปกติ 210 หลังใช้สกิล เอฟเฟคนี้จะเพิ่มเป็น 2 เท่าเป็นเวลา 2 วินาที
SKILL_DESC_90000755,ลดความเสียหายที่ได้รับ 25% และเพิ่มความต้านทานสถานะผิดปกติ 250 หลังใช้สกิล เอฟเฟคนี้จะเพิ่มเป็น 2 เท่าเป็นเวลา 2 วินาที
SKILL_DESC_91007510,[รับคำพิพากษา!!] เพิ่มความเสียหาย 50% และฟื้นฟู HP เพิ่มสูงสุดอีก 1% แก่เพื่อนร่วมทีมที่กำลังฟื้นฟู
SKILL_DESC_91007511,[รับคำพิพากษา!!] เพิ่มความเสียหาย 50% และฟื้นฟู HP เพิ่มสูงสุดอีก 1.2% แก่เพื่อนร่วมทีมที่กำลังฟื้นฟู
SKILL_DESC_91007512,[รับคำพิพากษา!!] เพิ่มความเสียหาย 50% และฟื้นฟู HP เพิ่มสูงสุดอีก 1.4% แก่เพื่อนร่วมทีมที่กำลังฟื้นฟู
SKILL_DESC_91007513,[รับคำพิพากษา!!] เพิ่มความเสียหาย 50% และฟื้นฟู HP เพิ่มสูงสุดอีก 1.7% แก่เพื่อนร่วมทีมที่กำลังฟื้นฟู
SKILL_DESC_91007514,[รับคำพิพากษา!!] เพิ่มความเสียหาย 50% และฟื้นฟู HP เพิ่มสูงสุดอีก 2.1% แก่เพื่อนร่วมทีมที่กำลังฟื้นฟู
SKILL_DESC_91007515,[รับคำพิพากษา!!] เพิ่มความเสียหาย 50% และฟื้นฟู HP เพิ่มสูงสุดอีก 2.5% แก่เพื่อนร่วมทีมที่กำลังฟื้นฟู
SKILL_DESC_91007520,[จะต้องยืมพลัง!!] ลดเวลาคูลดาวน์ 5 วินาที เพิ่มอัตราการรักษาและฟื้นฟู MP 20%
SKILL_DESC_91007521,[จะต้องยืมพลัง!!] ลดเวลาคูลดาวน์ 5 วินาที เพิ่มอัตราการรักษาและฟื้นฟู MP 24%
SKILL_DESC_91007522,[จะต้องยืมพลัง!!] ลดเวลาคูลดาวน์ 5 วินาที เพิ่มอัตราการรักษาและฟื้นฟู MP 29%
SKILL_DESC_91007523,[จะต้องยืมพลัง!!] ลดเวลาคูลดาวน์ 5 วินาที เพิ่มอัตราการรักษาและฟื้นฟู MP 35%
SKILL_DESC_91007524,[จะต้องยืมพลัง!!] ลดเวลาคูลดาวน์ 5 วินาที เพิ่มอัตราการรักษาและฟื้นฟู MP 42%
SKILL_DESC_91007525,[จะต้องยืมพลัง!!] ลดเวลาคูลดาวน์ 5 วินาที เพิ่มอัตราการรักษาและฟื้นฟู MP 50%
SKILL_DESC_91007530,[จงหยุดความเจ็บปวด!!] เพิ่มความเสียหาย 20% เมื่อศัตรูตายจะสามารถใช้สกิลได้อีกครั้ง
SKILL_DESC_91007531,[จงหยุดความเจ็บปวด!!] เพิ่มความเสียหาย 24% เมื่อศัตรูตายจะสามารถใช้สกิลได้อีกครั้ง
SKILL_DESC_91007532,[จงหยุดความเจ็บปวด!!] เพิ่มความเสียหาย 29% เมื่อศัตรูตายจะสามารถใช้สกิลได้อีกครั้ง
SKILL_DESC_91007533,[จงหยุดความเจ็บปวด!!] เพิ่มความเสียหาย 35% เมื่อศัตรูตายจะสามารถใช้สกิลได้อีกครั้ง
SKILL_DESC_91007534,[จงหยุดความเจ็บปวด!!] เพิ่มความเสียหาย 42% เมื่อศัตรูตายจะสามารถใช้สกิลได้อีกครั้ง
SKILL_DESC_91007535,[จงหยุดความเจ็บปวด!!] เพิ่มความเสียหาย 50% เมื่อศัตรูตายจะสามารถใช้สกิลได้อีกครั้ง
SKILL_DESC_91007540,[แสดงพลังแห่งบรรพบุรุษ!!] เกราะป้องกันเพิ่มขึ้น 20% และใช้เกราะป้องกันป้องแก่พันธมิตรทั้งหมด
SKILL_DESC_91007541,[แสดงพลังแห่งบรรพบุรุษ!!] เกราะป้องกันเพิ่มขึ้น 24% และใช้เกราะป้องกันป้องแก่พันธมิตรทั้งหมด
SKILL_DESC_91007542,[แสดงพลังแห่งบรรพบุรุษ!!] เกราะป้องกันเพิ่มขึ้น 29% และใช้เกราะป้องกันป้องแก่พันธมิตรทั้งหมด
SKILL_DESC_91007543,[แสดงพลังแห่งบรรพบุรุษ!!] เกราะป้องกันเพิ่มขึ้น 35% และใช้เกราะป้องกันป้องแก่พันธมิตรทั้งหมด
SKILL_DESC_91007544,[แสดงพลังแห่งบรรพบุรุษ!!] เกราะป้องกันเพิ่มขึ้น 42% และใช้เกราะป้องกันป้องแก่พันธมิตรทั้งหมด
SKILL_DESC_91007545,[แสดงพลังแห่งบรรพบุรุษ!!] เกราะป้องกันเพิ่มขึ้น 50% และใช้เกราะป้องกันป้องแก่พันธมิตรทั้งหมด
SKILL_NAME_7110,"จงฟันให้ขาด,\nใบมีดแห่งการพิพากษา!"
SKILL_NAME_7111,"จงฟันให้ขาด, ใบมีดแห่งการพิพากษา! II"
SKILL_NAME_7112,"จงฟันให้ขาด, ใบมีดแห่งการพิพากษา! III"
SKILL_NAME_7113,"จงฟันให้ขาด, ใบมีดแห่งการพิพากษา! IV"
SKILL_NAME_7120,"จงกระจายไปให้ทั่ว,\nม่านหมอกแห่งการตัดสิน!"
SKILL_NAME_7121,"จงกระจายไปให้ทั่ว, ม่านหมอกแห่งการตัดสิน! II"
SKILL_NAME_7122,"จงกระจายไปให้ทั่ว, ม่านหมอกแห่งการตัดสิน! III"
SKILL_NAME_7123,"จงกระจายไปให้ทั่ว, ม่านหมอกแห่งการตัดสิน! IV"
SKILL_NAME_7130,"จงเบ่งบาน, ดอกไม้สีแดง!"
SKILL_NAME_7131,"จงเบ่งบาน, ดอกไม้สีแดง! II"
SKILL_NAME_7132,"จงเบ่งบาน, ดอกไม้สีแดง! III"
SKILL_NAME_7133,"จงเบ่งบาน, ดอกไม้สีแดง! IV"
SKILL_NAME_7140,ความชั่วร้าย จบแค่ตรงนี้!
SKILL_NAME_7141,ความชั่วร้าย จบแค่ตรงนี้! II
SKILL_NAME_7142,ความชั่วร้าย จบแค่ตรงนี้! III
SKILL_NAME_7143,ความชั่วร้าย จบแค่ตรงนี้! IV
SKILL_NAME_60007110,"จงฟันให้ขาด, ใบมีดแห่งการพิพากษา!\n[แสงสว่าง]"
SKILL_NAME_60007111,"จงฟันให้ขาด, ใบมีดแห่งการพิพากษา!\n[ความมืด]"
SKILL_NAME_60007120,"จงกระจายไปให้ทั่ว, ม่านหมอกแห่งการตัดสิน!\n[แสงสว่าง]"
SKILL_NAME_60007121,"จงกระจายไปให้ทั่ว, ม่านหมอกแห่งการตัดสิน!\n[ความมืด]"
SKILL_NAME_60007130,"จงเบ่งบาน, ดอกไม้สีแดง! [แสงสว่าง]"
SKILL_NAME_60007131,"จงเบ่งบาน, ดอกไม้สีแดง! [ความมืด]"
SKILL_NAME_60007140,ความชั่วร้าย จบแค่ตรงนี้! [แสงสว่าง]
SKILL_NAME_60007141,ความชั่วร้าย จบแค่ตรงนี้! [ความมืด]
SKILL_NAME_60007150,Kirze [แสงสว่าง]
SKILL_NAME_60007151,Kirze [ความมืด]
SKILL_DESC_7110,สร้างความเสียหายเวท [ffc800]{1}[-] หน่วยภายในการโจมตี 7 ครั้งแก่ศัตรูที่อยู่ใกล้ในระยะวงกลมรอบๆตัวเอง สร้างความเสียหายเวท [ffc800]{2}[-] หน่วยแก่ศัตรูในแนวหน้าและทำให้ล้มลง [64ffff]{3}[-] วินาที
SKILL_DESC_7111,เพิ่มความเสียหาย [64ff64]{1}[-] %
SKILL_DESC_7112,เพิ่มความเสียหาย [64ff64]{1}[-] %
SKILL_DESC_7113,เพิ่มความเสียหาย [64ff64]{1}[-] %
SKILL_DESC_7120,ระเบิดพลังแห่งหินวิเศษจากร่างกายของตนเองเพื่อสร้างความเสียหายเวทแก่ศัตรูทั้งหมด [ffc800]{1}[-] หน่วย และสตันศัตรูนาน [64ffff]{2}[-] วินาที เมื่อร่ายสกิล ตนเองจะอยู่ในสถานะ [fa96fa][วิวัฒนาการหินวิเศษ][-] เป็นเวลา [64ffff]{3}[-] วินาที และจะเพิ่มความเร็วโจมตีของพันธมิตรทั้งหมด [64ff64]{4}[-] หน่วย ทุกๆ [64ffff]{5}[-] วินาทีจะปล่อยช็อคเวฟแก่ศัตรูที่อยู่รอบตนเองเพื่อสร้างความเสียหายเวท [ffc800]{6}[-] หน่วยและสตันศัตรูนาน [64ffff]{7}[-] วินาที
SKILL_DESC_7121,เพิ่มความเสียหาย [64ff64]{1}[-] %
SKILL_DESC_7122,เพิ่มความเสียหาย [64ff64]{1}[-] %
SKILL_DESC_7123,เพิ่มความเสียหาย [64ff64]{1}[-] %
SKILL_DESC_7130,มอบหินวิเศษเพื่อสร้างความเสียหายเวทแก่ศัตรูด้านหน้าเป็นเส้นตรง [ffc800]{1}[-] หน่วย และสร้างระเบิดเพื่อสร้างความเสียหายเวทเพิ่มเติม [ffc800]{2}[-] หน่วยในเวลาต่อมา ทำให้ศัตรูตกอยู่ในสถานะ [fa96fa][คำสาปแห่งหินวิเศษ][-] เป็นเวลา [64ffff]{3}[-] วินาทีและลดความเร็วโจมตี [ff6464]{4}[-] หน่วย\nสร้างการซ้อนทับ [fa96fa][พลังแห่งหินวิเศษ][-] ขณะโจมตีศัตรูที่ติดสถานะ [fa96fa][คำสาปแห่งหินวิเศษ][-] [fa96fa][คำสาปแห่งหินวิเศษ][-] เมื่อผ่านไป [64ffff]{5}[-] วินาที จะสร้างความเสียหายเวท [ffc800]{6} หน่วย + {7} ต่อการซ้อนทับพลังแห่งหินวิเศษ[-] 
SKILL_DESC_7131,เพิ่มความเสียหาย [64ff64]{1}[-] %
SKILL_DESC_7132,เพิ่มความเสียหาย [64ff64]{1}[-] %
SKILL_DESC_7133,เพิ่มความเสียหาย [64ff64]{1}[-] %
SKILL_DESC_7140,เพิ่มพลังโจมตีของตนเอง [64ff64]{1}[-] และอัตราคริติคอล [64ff64]{2}[-] หน่วย พันธมิตรทั้งหมดจะเพิ่มเวลาของสถานะผิดปกติต่อเนื่อง [64ff64]{3}[-]% แก่บอส 
SKILL_DESC_7141,เพิ่มการบูสต์พลังโจมตีขึ้น [64ff64]{1}[-] %
SKILL_DESC_7142,เพิ่มการบูสต์พลังโจมตีขึ้น [64ff64]{1}[-] %
SKILL_DESC_7143,เพิ่มการบูสต์พลังโจมตีขึ้น [64ff64]{1}[-] %
SKILL_DESC_60007110,ลดเวลาคูลดาวน์ {1}% ต่อศัตรูที่ได้รับความเสียหาย 1 ตัว
SKILL_DESC_60007111,เพิ่มความเสียหาย 100% เมื่อมีศัตรู 1 ตัว
SKILL_DESC_60007120,เพิ่มเวลาสตันต่อเนื่องจากการปล่อยช็อคเวฟ {1} วินาทีต่อศัตรูที่ไม่ใช่วีรบุรุษ
SKILL_DESC_60007121,เมื่อตนเองอยู่ในสถานะ [วิวัฒนาการหินวิเศษ] จะเพิ่มความเสียหายแก่ศัตรูที่ไม่ใช่วีรบุรุษ {1}%
SKILL_DESC_60007130,เพิ่มการลดความเร็วโจมตี {1} หน่วย
SKILL_DESC_60007131,สร้างการซ้อนทับพลังแห่งหินวิเศษ 2 ครั้ง เมื่อมีศัตรู 1 ตัว
SKILL_DESC_60007140,ทุกครั้งเมื่อเริ่มการประลอง จะเพิ่มความเสียหายต่อศัตรูที่ไม่ใช่วีรบุรุษ {1}% เป็นเวลา 20 วินาที
SKILL_DESC_60007141,เพิ่มความเสียหายแก่บอส {1}%
SKILL_DESC_60007150,"พลังโจมตี, พลังป้องกัน, HP+15% /\nความเร็วโจมตี +100"
SKILL_DESC_60007151,เมื่อโจมตีปกติและใช้สกิลจะเพิ่มความเร็วโจมตีของตนเอง {1} หน่วย เอฟเฟคนี้สามารถซ้อนทับกันได้สูงสุด {2} ครั้ง
SKILL_DESC_90000710,"ขยายพลังแห่งหินวิเศษเพื่อเพิ่มอาณาเขตของเอฟเฟค [จงเบ่งบาน, ดอกไม้สีแดง!] ให้กว้างขึ้น เมื่อโจมตีปกติและใช้สกิลโจมตีจะมีโอาส 4% ที่จะเพิ่มความเสียหายเวทเพิ่มเติมเป็น 500% ของพลังโจมตี เพิ่มความเสียหายแก่บอสเป็น 2 เท่า"
SKILL_DESC_90000711,"ขยายพลังแห่งหินวิเศษเพื่อเพิ่มอาณาเขตของเอฟเฟค [จงเบ่งบาน, ดอกไม้สีแดง!] ให้กว้างขึ้น เมื่อโจมตีปกติและใช้สกิลโจมตีจะมีโอาส 4% ที่จะเพิ่มความเสียหายเวทเพิ่มเติมเป็น 600% ของพลังโจมตี เพิ่มความเสียหายแก่บอสเป็น 2 เท่า"
SKILL_DESC_90000712,"ขยายพลังแห่งหินวิเศษเพื่อเพิ่มอาณาเขตของเอฟเฟค [จงเบ่งบาน, ดอกไม้สีแดง!] ให้กว้างขึ้น เมื่อโจมตีปกติและใช้สกิลโจมตีจะมีโอาส 4% ที่จะเพิ่มความเสียหายเวทเพิ่มเติมเป็น 720% ของพลังโจมตี เพิ่มความเสียหายแก่บอสเป็น 2 เท่า"
SKILL_DESC_90000713,"ขยายพลังแห่งหินวิเศษเพื่อเพิ่มอาณาเขตของเอฟเฟค [จงเบ่งบาน, ดอกไม้สีแดง!] ให้กว้างขึ้น เมื่อโจมตีปกติและใช้สกิลโจมตีจะมีโอาส 4% ที่จะเพิ่มความเสียหายเวทเพิ่มเติมเป็น 860% ของพลังโจมตี เพิ่มความเสียหายแก่บอสเป็น 2 เท่า"
SKILL_DESC_90000714,"ขยายพลังแห่งหินวิเศษเพื่อเพิ่มอาณาเขตของเอฟเฟค [จงเบ่งบาน, ดอกไม้สีแดง!] ให้กว้างขึ้น เมื่อโจมตีปกติและใช้สกิลโจมตีจะมีโอาส 4% ที่จะเพิ่มความเสียหายเวทเพิ่มเติมเป็น 1000% ของพลังโจมตี เพิ่มความเสียหายแก่บอสเป็น 2 เท่า"
SKILL_DESC_90000715,"ขยายพลังแห่งหินวิเศษเพื่อเพิ่มอาณาเขตของเอฟเฟค [จงเบ่งบาน, ดอกไม้สีแดง!] ให้กว้างขึ้น เมื่อโจมตีปกติและใช้สกิลโจมตีจะมีโอาส 4% ที่จะเพิ่มความเสียหายเวทเพิ่มเติมเป็น 1250% ของพลังโจมตี เพิ่มความเสียหายแก่บอสเป็น 2 เท่า"
SKILL_DESC_91007110,"[จงฟันให้ขาด, ใบมีดแห่งการพิพากษา!] เพิ่มความเสียหาย 20% และลดการใช้ MP ลง 1 หน่วย"
SKILL_DESC_91007111,"[จงฟันให้ขาด, ใบมีดแห่งการพิพากษา!] เพิ่มความเสียหาย 24% และลดการใช้ MP ลง 1 หน่วย"
SKILL_DESC_91007112,"[จงฟันให้ขาด, ใบมีดแห่งการพิพากษา!] เพิ่มความเสียหาย 29% และลดการใช้ MP ลง 1 หน่วย"
SKILL_DESC_91007113,"[จงฟันให้ขาด, ใบมีดแห่งการพิพากษา!] เพิ่มความเสียหาย 35% และลดการใช้ MP ลง 1 หน่วย"
SKILL_DESC_91007114,"[จงฟันให้ขาด, ใบมีดแห่งการพิพากษา!] เพิ่มความเสียหาย 42% และลดการใช้ MP ลง 1 หน่วย"
SKILL_DESC_91007115,"[จงฟันให้ขาด, ใบมีดแห่งการพิพากษา!] เพิ่มความเสียหาย 50% และลดการใช้ MP ลง 1 หน่วย"
SKILL_DESC_91007120,"[จงกระจายไปให้ทั่ว, ม่านหมอกแห่งการตัดสิน!] เพิ่มความเร็วโจมตีอีก 100 หน่วยและเพิ่มเวลาของสถานะ [วิวัฒนาการหินวิเศษ] ต่อเนื่อง 7 วินาที"
SKILL_DESC_91007121,"[จงกระจายไปให้ทั่ว, ม่านหมอกแห่งการตัดสิน!] เพิ่มความเร็วโจมตีอีก 120 หน่วยและเพิ่มเวลาของสถานะ [วิวัฒนาการหินวิเศษ] ต่อเนื่อง 7 วินาที"
SKILL_DESC_91007122,"[จงกระจายไปให้ทั่ว, ม่านหมอกแห่งการตัดสิน!] เพิ่มความเร็วโจมตีอีก 140 หน่วยและเพิ่มเวลาของสถานะ [วิวัฒนาการหินวิเศษ] ต่อเนื่อง 7 วินาที"
SKILL_DESC_91007123,"[จงกระจายไปให้ทั่ว, ม่านหมอกแห่งการตัดสิน!] เพิ่มความเร็วโจมตีอีก 170 หน่วยและเพิ่มเวลาของสถานะ [วิวัฒนาการหินวิเศษ] ต่อเนื่อง 7 วินาที"
SKILL_DESC_91007124,"[จงกระจายไปให้ทั่ว, ม่านหมอกแห่งการตัดสิน!] เพิ่มความเร็วโจมตีอีก 210 หน่วยและเพิ่มเวลาของสถานะ [วิวัฒนาการหินวิเศษ] ต่อเนื่อง 7 วินาที"
SKILL_DESC_91007125,"[จงกระจายไปให้ทั่ว, ม่านหมอกแห่งการตัดสิน!] เพิ่มความเร็วโจมตีอีก 250 หน่วยและเพิ่มเวลาของสถานะ [วิวัฒนาการหินวิเศษ] ต่อเนื่อง 7 วินาที"
SKILL_DESC_91007130,"[จงเบ่งบาน, ดอกไม้สีแดง!] ลดเวลาคูลดาวน์ลง 30% และมีโอกาส 40% ที่จะเกิดการซ้อนทับเพิ่มเติม 3 ครั้งของ [พลังแห่งหินวิเศษ]"
SKILL_DESC_91007131,"[จงเบ่งบาน, ดอกไม้สีแดง!] ลดเวลาคูลดาวน์ลง 30% และมีโอกาส 48% ที่จะเกิดการซ้อนทับเพิ่มเติม 3 ครั้งของ [พลังแห่งหินวิเศษ]"
SKILL_DESC_91007132,"[จงเบ่งบาน, ดอกไม้สีแดง!] ลดเวลาคูลดาวน์ลง 30% และมีโอกาส 58% ที่จะเกิดการซ้อนทับเพิ่มเติม 3 ครั้งของ [พลังแห่งหินวิเศษ]"
SKILL_DESC_91007133,"[จงเบ่งบาน, ดอกไม้สีแดง!] ลดเวลาคูลดาวน์ลง 30% และมีโอกาส 70% ที่จะเกิดการซ้อนทับเพิ่มเติม 3 ครั้งของ [พลังแห่งหินวิเศษ]"
SKILL_DESC_91007134,"[จงเบ่งบาน, ดอกไม้สีแดง!] ลดเวลาคูลดาวน์ลง 30% และมีโอกาส 84% ที่จะเกิดการซ้อนทับเพิ่มเติม 3 ครั้งของ [พลังแห่งหินวิเศษ]"
SKILL_DESC_91007135,"[จงเบ่งบาน, ดอกไม้สีแดง!] ลดเวลาคูลดาวน์ลง 30% และมีโอกาส 100% ที่จะเกิดการซ้อนทับเพิ่มเติม 3 ครั้งของ [พลังแห่งหินวิเศษ]"
SKILL_DESC_91007140,[ความชั่วร้าย จบแค่ตรงนี้!] เพิ่มอัตราคริติคอล 250 และเอฟเฟคเพิ่มเวลาต่อเนื่องสถานะผิดปกติจะเปลี่ยนเป็น 30%
SKILL_DESC_91007141,[ความชั่วร้าย จบแค่ตรงนี้!] เพิ่มอัตราคริติคอล 250 และเอฟเฟคเพิ่มเวลาต่อเนื่องสถานะผิดปกติจะเปลี่ยนเป็น 32%
SKILL_DESC_91007142,[ความชั่วร้าย จบแค่ตรงนี้!] เพิ่มอัตราคริติคอล 250 และเอฟเฟคเพิ่มเวลาต่อเนื่องสถานะผิดปกติจะเปลี่ยนเป็น 34%
SKILL_DESC_91007143,[ความชั่วร้าย จบแค่ตรงนี้!] เพิ่มอัตราคริติคอล 250 และเอฟเฟคเพิ่มเวลาต่อเนื่องสถานะผิดปกติจะเปลี่ยนเป็น 37%
SKILL_DESC_91007144,[ความชั่วร้าย จบแค่ตรงนี้!] เพิ่มอัตราคริติคอล 250 และเอฟเฟคเพิ่มเวลาต่อเนื่องสถานะผิดปกติจะเปลี่ยนเป็น 41%
SKILL_DESC_91007145,[ความชั่วร้าย จบแค่ตรงนี้!] เพิ่มอัตราคริติคอล 250 และเอฟเฟคเพิ่มเวลาต่อเนื่องสถานะผิดปกติจะเปลี่ยนเป็น 45%
SKILL_NAME_9710,กำลังทะลุทะลวง!
SKILL_NAME_9711,กำลังทะลุทะลวง! II
SKILL_NAME_9712,กำลังทะลุทะลวง! III
SKILL_NAME_9713,กำลังทะลุทะลวง! IV
SKILL_NAME_9720,จะทำให้เป็นรังผึ้ง!
SKILL_NAME_9721,จะทำให้เป็นรังผึ้ง! II
SKILL_NAME_9722,จะทำให้เป็นรังผึ้ง! III
SKILL_NAME_9723,จะทำให้เป็นรังผึ้ง! IV
SKILL_NAME_9730,ถึงจะที่รูหนูก็ต้องแอบ!
SKILL_NAME_9731,ถึงจะที่รูหนูก็ต้องแอบ! II
SKILL_NAME_9732,ถึงจะที่รูหนูก็ต้องแอบ! III
SKILL_NAME_9733,ถึงจะที่รูหนูก็ต้องแอบ! IV
SKILL_NAME_9740,จะฝึกให้ท่าน!
SKILL_NAME_9741,จะฝึกให้ท่าน! II
SKILL_NAME_9742,จะฝึกให้ท่าน! III
SKILL_NAME_9743,จะฝึกให้ท่าน! IV
SKILL_NAME_60009710,กำลังทะลุทะลวง! [แสงสว่าง]
SKILL_NAME_60009711,กำลังทะลุทะลวง! [ความมืด]
SKILL_NAME_60009720,จะทำให้เป็นรังผึ้ง! [แสงสว่าง]
SKILL_NAME_60009721,จะทำให้เป็นรังผึ้ง! [ความมืด]
SKILL_NAME_60009730,ถึงจะที่รูหนูก็ต้องแอบ! [แสงสว่าง]
SKILL_NAME_60009731,ถึงจะที่รูหนูก็ต้องแอบ! [ความมืด]
SKILL_NAME_60009740,จะฝึกให้ท่าน! [แสงสว่าง]
SKILL_NAME_60009741,จะฝึกให้ท่าน! [ความมืด]
SKILL_NAME_60009750,Hanus [แสงสว่าง]
SKILL_NAME_60009751,Hanus [ความมืด]
SKILL_DESC_9710,หลังจากทิ้งระเบิด จะยิงปืนกลสั้นไปยังเป้าหมายและศัตรูที่อยู่โดยรอบ สร้างความเสียหายกายภาพ [ffc800]{1}[-] หน่วย และได้รับ[fa96fa]กระสุน[-] [64ffff]{2}[-] ลูก จะเพิ่มความเสียหายกายภาพแก่ศัตรูที่ได้รับความเสียหาย [ff6464]{4}[-]% นาน [64ffff]{3}[-] วินาทีและอยู่ในสถานะตาบอดเป็นเวลา [64ffff]{5}[-] วินาที สามารถรับกระสุนสะสมสูงสุด {6} ลูก
SKILL_DESC_9711,เพิ่มความเสียหาย [64ff64]{1}[-] %
SKILL_DESC_9712,เพิ่มความเสียหาย [64ff64]{1}[-] %
SKILL_DESC_9713,เพิ่มความเสียหาย [64ff64]{1}[-] %
SKILL_DESC_9720,ยิงปืนกลใส่ศัตรูในแนวหน้าเป็นวงกว้าง {1} ครั้ง สร้างความเสียหายกายภาพ [ffc800]{2}[-] หน่วย หากยังมี[fa96fa]กระสุน[-]อยู่ ทุกครั้งที่ยิงปืนกลจะใช้กระสุน [64ffff]{3}[-] ลูก จนกว่าจะใช้หมด เมื่อโจมตีในสถานะนี้ ตนเองจะได้รับความเสียหายเพิ่มขึ้น [ff6464]{4}[-]% ทุกครั้งที่ยิงปืนกล {5} ครั้ง จะเพิ่มความเสียหายของสกิลนี้ [64ff64]{6}[-]% เอฟเฟคเพิ่มความเสียหายสามารถซ้อนทับกันได้สูงสุด {7} ครั้ง
SKILL_DESC_9721,เพิ่มความเสียหาย [64ff64]{1}[-] %
SKILL_DESC_9722,เพิ่มความเสียหาย [64ff64]{1}[-] %
SKILL_DESC_9723,เพิ่มความเสียหาย [64ff64]{1}[-] %
SKILL_DESC_9730,ยิงระเบิดที่แนวหน้าของตนเองไปยังระยะที่กำหนด ระเบิดลงเป็นแนวกว้างสร้างความเสียหายกายภาพ [ffc800]{1}[-] หน่วย และได้รับ[fa96fa]กระสุน[-] [64ffff]{2}[-] ลูก ศัตรูที่ได้รับความเสียหายจะติดสตันเป็นเวลา [64ffff]{3}[-] วินาที สกิลนี้จะไม่สนใจเอฟเฟคบล็อคของศัตรู
SKILL_DESC_9731,เพิ่มความเสียหาย [64ff64]{1}[-] %
SKILL_DESC_9732,เพิ่มความเสียหาย [64ff64]{1}[-] %
SKILL_DESC_9733,เพิ่มความเสียหาย [64ff64]{1}[-] %
SKILL_DESC_9740,Hanus ไม่ได้รับผลจากการเปลี่ยนแปลงความเร็วโจมตี และพลังโจมตีของพันธมิตรทั้งหมดเพิ่มขึ้นเป็น [64ff64]{1}+ พลังโจมตีของ Hanus {2}%[-]\nหากใช้เอฟเฟคนี้ที่การประลองกิลด์ เอฟเฟคนี้จะมีผล [64ff64]{3}[-] เท่า\n[การประลองกิลด์] - เรดกิลด์ พิชิตกิลด์ สงครามกิลด์
SKILL_DESC_9741,เพิ่มการบูสต์พลังโจมตีขึ้น [64ff64]{1}[-] %
SKILL_DESC_9742,เพิ่มการบูสต์พลังโจมตีขึ้น [64ff64]{1}[-] %
SKILL_DESC_9743,เพิ่มการบูสต์พลังโจมตีขึ้น [64ff64]{1}[-] %
SKILL_DESC_60009710,ยกเลิกเอฟเฟคบวกของศัตรู
SKILL_DESC_60009711,เปลี่ยนเป็นรับกระสุน {1} ลูก เมื่อได้รับกระสุนจะเพิ่มพลังโจมตีของตัวเอง {3}% เป็นเวลา {2} วินาที การเพิ่มพลังโจมตีสามารถซ้อนทับกันได้สูงสุด {4} ครั้ง
SKILL_DESC_60009720,เพิ่มจำนวนการใช้กระสุนเป็น {1} ลูก แต่เมื่ออยู่ในสถานะที่ใช้กระสุนติดต่อกัน จะเพิ่มความเสียหายจากการโจมตีคริติคอลของ Hanus {2}%
SKILL_DESC_60009721,ลบล้างเอฟเฟคเพิ่มความเสียหายที่ได้รับจากศัตรู
SKILL_DESC_60009730,เมื่อใช้สกิลนี้ที่สงครามกิลด์ จะไม่สนใจเอฟเฟคลดความเสียหายของศัตรู
SKILL_DESC_60009731,เปลี่ยนเป็นรับกระสุน {1} ลูก เมื่อได้รับกระสุนจะเพิ่มพลังเจาะเกราะ {3} เป็นเวลา {2} วินาที การเพิ่มพลังเจาะเกราะสามารถซ้อนทับกันได้สูงสุด {4} ครั้ง
SKILL_DESC_60009740,เมื่อการประลองสงครามกิลด์เริ่ม จะลดความเสียหายที่ได้รับ {2}% เป็นเวลา {1} วินาทีแก่พันธมิตรทั้งหมด
SKILL_DESC_60009741,สามารถรับกระสุนได้ {2} ลูก ต่อ {1} วินาที
SKILL_DESC_60009750,"พลังโจมตี, พลังป้องกัน, HP+15% / ความเสียหายคริติคอล + 20%"
SKILL_DESC_60009751,เมื่อการประลองสงครามกิลด์เริ่ม จะลด MP ของศัตรูทั้งหมด {1} และเพิ่มความเสียหายที่ได้รับทั้งหมด {3}% เป็นเวลา {2} วินาที
SKILL_DESC_90000970,"เพิ่มความเสียหายจากการโจมตีคริติคอลของ Hanus 20% และเมื่อยิง [การล้อเล่นเล็กน้อยแต่รุนแรง, HN-ขีปนาวุธเหนี่ยวนำ] ทุกๆ 20 วินาทีจะสร้างความเสียหายกายภาพ 200% ของพลังโจมตีแก่ศัตรูแบบสุ่ม และมอบเอฟเฟคหนึ่งอย่างจาก สตัน แช่แข็ง กลายเป็นหิน ล้ม หรือลดความเร็วโจมตี 250 หน่วย เป็นเวลา 3 วินาที"
SKILL_DESC_90000971,"เพิ่มความเสียหายจากการโจมตีคริติคอลของ Hanus 24% และเมื่อยิง [การล้อเล่นเล็กน้อยแต่รุนแรง, HN-ขีปนาวุธเหนี่ยวนำ] ทุกๆ 17 วินาทีจะสร้างความเสียหายกายภาพ 240% ของพลังโจมตีแก่ศัตรูแบบสุ่ม และมอบเอฟเฟคหนึ่งอย่างจาก สตัน แช่แข็ง กลายเป็นหิน ล้ม หรือลดความเร็วโจมตี 250 หน่วย เป็นเวลา 3 วินาที"
SKILL_DESC_90000972,"เพิ่มความเสียหายจากการโจมตีคริติคอลของ Hanus 29% และเมื่อยิง [การล้อเล่นเล็กน้อยแต่รุนแรง, HN-ขีปนาวุธเหนี่ยวนำ] ทุกๆ 14 วินาทีจะสร้างความเสียหายกายภาพ 290% ของพลังโจมตีแก่ศัตรูแบบสุ่ม และมอบเอฟเฟคหนึ่งอย่างจาก สตัน แช่แข็ง กลายเป็นหิน ล้ม หรือลดความเร็วโจมตี 250 หน่วย เป็นเวลา 3 วินาที"
SKILL_DESC_90000973,"เพิ่มความเสียหายจากการโจมตีคริติคอลของ Hanus 35% และเมื่อยิง [การล้อเล่นเล็กน้อยแต่รุนแรง, HN-ขีปนาวุธเหนี่ยวนำ] ทุกๆ 12 วินาทีจะสร้างความเสียหายกายภาพ 350% ของพลังโจมตีแก่ศัตรูแบบสุ่ม และมอบเอฟเฟคหนึ่งอย่างจาก สตัน แช่แข็ง กลายเป็นหิน ล้ม หรือลดความเร็วโจมตี 250 หน่วย เป็นเวลา 3 วินาที"
SKILL_DESC_90000974,"เพิ่มความเสียหายจากการโจมตีคริติคอลของ Hanus 42% และเมื่อยิง [การล้อเล่นเล็กน้อยแต่รุนแรง, HN-ขีปนาวุธเหนี่ยวนำ] ทุกๆ 10 วินาทีจะสร้างความเสียหายกายภาพ 420% ของพลังโจมตีแก่ศัตรูแบบสุ่ม และมอบเอฟเฟคหนึ่งอย่างจาก สตัน แช่แข็ง กลายเป็นหิน ล้ม หรือลดความเร็วโจมตี 250 หน่วย เป็นเวลา 3 วินาที"
SKILL_DESC_90000975,"เพิ่มความเสียหายจากการโจมตีคริติคอลของ Hanus 50% และเมื่อยิง [การล้อเล่นเล็กน้อยแต่รุนแรง, HN-ขีปนาวุธเหนี่ยวนำ] ทุกๆ 8 วินาทีจะสร้างความเสียหายกายภาพ 500% ของพลังโจมตีแก่ศัตรูแบบสุ่ม และมอบเอฟเฟคหนึ่งอย่างจาก สตัน แช่แข็ง กลายเป็นหิน ล้ม หรือลดความเร็วโจมตี 250 หน่วย เป็นเวลา 3 วินาที"
SKILL_DESC_91009710,[กำลังทะลุทะลวง!] ลดการใช้ MP ลง 1 หน่วย อยู่ในสถานะตาบอดเพิ่มขึ้น 0.8 วินาทีอย่างต่อเนื่อง
SKILL_DESC_91009711,[กำลังทะลุทะลวง!] ลดการใช้ MP ลง 1 หน่วย อยู่ในสถานะตาบอดเพิ่มขึ้น 1 วินาทีอย่างต่อเนื่อง
SKILL_DESC_91009712,[กำลังทะลุทะลวง!] ลดการใช้ MP ลง 1 หน่วย อยู่ในสถานะตาบอดเพิ่มขึ้น 1.2 วินาทีอย่างต่อเนื่อง
SKILL_DESC_91009713,[กำลังทะลุทะลวง!] ลดการใช้ MP ลง 1 หน่วย อยู่ในสถานะตาบอดเพิ่มขึ้น 1.4 วินาทีอย่างต่อเนื่อง
SKILL_DESC_91009714,[กำลังทะลุทะลวง!] ลดการใช้ MP ลง 1 หน่วย อยู่ในสถานะตาบอดเพิ่มขึ้น 1.7 วินาทีอย่างต่อเนื่อง
SKILL_DESC_91009715,[กำลังทะลุทะลวง!] ลดการใช้ MP ลง 1 หน่วย อยู่ในสถานะตาบอดเพิ่มขึ้น 2 วินาทีอย่างต่อเนื่อง
SKILL_DESC_91009720,[จะทำให้เป็นรังผึ้ง!] เมื่อใช้จะได้รับกระสุน 20 ลูก เมื่ออยู่ในสถานะที่ใช้กระสุน ทุกครั้งที่ยิงปืนกล จะเพิ่มพลังโจมตีของ Hanus {2}% เอฟเฟคนี้สามารถซ้อนทับกันได้สูงสุด 100 ครั้ง
SKILL_DESC_91009721,[จะทำให้เป็นรังผึ้ง!] เมื่อใช้จะได้รับกระสุน 20 ลูก เมื่ออยู่ในสถานะที่ใช้กระสุน ทุกครั้งที่ยิงปืนกล จะเพิ่มพลังโจมตีของ Hanus {2}% เอฟเฟคนี้สามารถซ้อนทับกันได้สูงสุด 100 ครั้ง
SKILL_DESC_91009722,[จะทำให้เป็นรังผึ้ง!] เมื่อใช้จะได้รับกระสุน 20 ลูก เมื่ออยู่ในสถานะที่ใช้กระสุน ทุกครั้งที่ยิงปืนกล จะเพิ่มพลังโจมตีของ Hanus {2}% เอฟเฟคนี้สามารถซ้อนทับกันได้สูงสุด 100 ครั้ง
SKILL_DESC_91009723,[จะทำให้เป็นรังผึ้ง!] เมื่อใช้จะได้รับกระสุน 20 ลูก เมื่ออยู่ในสถานะที่ใช้กระสุน ทุกครั้งที่ยิงปืนกล จะเพิ่มพลังโจมตีของ Hanus {2}% เอฟเฟคนี้สามารถซ้อนทับกันได้สูงสุด 100 ครั้ง
SKILL_DESC_91009724,[จะทำให้เป็นรังผึ้ง!] เมื่อใช้จะได้รับกระสุน 20 ลูก เมื่ออยู่ในสถานะที่ใช้กระสุน ทุกครั้งที่ยิงปืนกล จะเพิ่มพลังโจมตีของ Hanus {2}% เอฟเฟคนี้สามารถซ้อนทับกันได้สูงสุด 100 ครั้ง
SKILL_DESC_91009725,[จะทำให้เป็นรังผึ้ง!] เมื่อใช้จะได้รับกระสุน 20 ลูก เมื่ออยู่ในสถานะที่ใช้กระสุน ทุกครั้งที่ยิงปืนกล จะเพิ่มพลังโจมตีของ Hanus {2}% เอฟเฟคนี้สามารถซ้อนทับกันได้สูงสุด 100 ครั้ง
SKILL_DESC_91009730,[ถึงจะที่รูหนูก็ต้องแอบ!] ขณะใช้จะต้านทานผลจากสถานะผิดปกติเป็นเวลา 5 วินาที และลดการฟิ้นฟูของศัตรูที่ได้รับความเสียหาย 20%
SKILL_DESC_91009731,[ถึงจะที่รูหนูก็ต้องแอบ!] ขณะใช้จะต้านทานผลจากสถานะผิดปกติเป็นเวลา 5 วินาที และลดการฟิ้นฟูของศัตรูที่ได้รับความเสียหาย 24%
SKILL_DESC_91009732,[ถึงจะที่รูหนูก็ต้องแอบ!] ขณะใช้จะต้านทานผลจากสถานะผิดปกติเป็นเวลา 5 วินาที และลดการฟิ้นฟูของศัตรูที่ได้รับความเสียหาย 29%
SKILL_DESC_91009733,[ถึงจะที่รูหนูก็ต้องแอบ!] ขณะใช้จะต้านทานผลจากสถานะผิดปกติเป็นเวลา 5 วินาที และลดการฟิ้นฟูของศัตรูที่ได้รับความเสียหาย 35%
SKILL_DESC_91009734,[ถึงจะที่รูหนูก็ต้องแอบ!] ขณะใช้จะต้านทานผลจากสถานะผิดปกติเป็นเวลา 5 วินาที และลดการฟิ้นฟูของศัตรูที่ได้รับความเสียหาย 42%
SKILL_DESC_91009735,[ถึงจะที่รูหนูก็ต้องแอบ!] ขณะใช้จะต้านทานผลจากสถานะผิดปกติเป็นเวลา 5 วินาที และลดการฟิ้นฟูของศัตรูที่ได้รับความเสียหาย 50%
SKILL_DESC_91009740,[จะฝึกให้ท่าน!] เมื่อการประลองสงครามกิลด์เริ่ม หากใช้สกิล 1 ครั้ง จะลด MP ที่จำเป็นของสกิลทั้งหมดของตนเอง 1 หน่วย และเพิ่มความเสียหายคริติคอล 20% พลังโจมตี 10% ของพันธมิตรทั้งหมดนาน 10 วินาที
SKILL_DESC_91009741,[จะฝึกให้ท่าน!] เมื่อการประลองสงครามกิลด์เริ่ม หากใช้สกิล 1 ครั้ง จะลด MP ที่จำเป็นของสกิลทั้งหมดของตนเอง 1 หน่วย และเพิ่มความเสียหายคริติคอล 24% พลังโจมตี 12% ของพันธมิตรทั้งหมดนาน 10 วินาที
SKILL_DESC_91009742,[จะฝึกให้ท่าน!] เมื่อการประลองสงครามกิลด์เริ่ม หากใช้สกิล 1 ครั้ง จะลด MP ที่จำเป็นของสกิลทั้งหมดของตนเอง 1 หน่วย และเพิ่มความเสียหายคริติคอล 29% พลังโจมตี 14% ของพันธมิตรทั้งหมดนาน 10 วินาที
SKILL_DESC_91009743,[จะฝึกให้ท่าน!] เมื่อการประลองสงครามกิลด์เริ่ม หากใช้สกิล 1 ครั้ง จะลด MP ที่จำเป็นของสกิลทั้งหมดของตนเอง 1 หน่วย และเพิ่มความเสียหายคริติคอล 35% พลังโจมตี 17% ของพันธมิตรทั้งหมดนาน 10 วินาที
SKILL_DESC_91009744,[จะฝึกให้ท่าน!] เมื่อการประลองสงครามกิลด์เริ่ม หากใช้สกิล 1 ครั้ง จะลด MP ที่จำเป็นของสกิลทั้งหมดของตนเอง 1 หน่วย และเพิ่มความเสียหายคริติคอล 42% พลังโจมตี 21% ของพันธมิตรทั้งหมดนาน 10 วินาที
SKILL_DESC_91009745,[จะฝึกให้ท่าน!] เมื่อการประลองสงครามกิลด์เริ่ม หากใช้สกิล 1 ครั้ง จะลด MP ที่จำเป็นของสกิลทั้งหมดของตนเอง 1 หน่วย และเพิ่มความเสียหายคริติคอล 50% พลังโจมตี 25% ของพันธมิตรทั้งหมดนาน 10 วินาที
SKILL_NAME_9810,จงสั่นสะท้าน!
SKILL_NAME_9819,จงคุกเข่าลง
SKILL_NAME_9820,จะแสดงพลังให้เห็น
SKILL_NAME_9825,จะแสดงพลังให้เห็น
SKILL_NAME_9830,จงดูพลานุภาพ!
SKILL_NAME_9837,ตายซะบัดนี้
SKILL_NAME_9840,ข้านี่แหละคือราชาแห่งทะเลทราย
SKILL_NAME_60009810,จงสั่นสะท้าน! / จงคุกเข่าลง [แสงสว่าง]
SKILL_NAME_60009811,จงสั่นสะท้าน! / จงคุกเข่าลง [ความมืด]
SKILL_NAME_60009820,จะแสดงพลังให้เห็น [แสงสว่าง]
SKILL_NAME_60009821,จะแสดงพลังให้เห็น [ความมืด]
SKILL_NAME_60009830,จงดูพลานุภาพ! / ตายซะบัดนี้ [แสงสว่าง]
SKILL_NAME_60009831,จงดูพลานุภาพ! / ตายซะบัดนี้ [ความมืด]
SKILL_NAME_60009840,ข้านี่แหละคือราชาแห่งทะเลทราย [แสงสว่าง]
SKILL_NAME_60009841,ข้านี่แหละคือราชาแห่งทะเลทราย [ความมืด]
SKILL_NAME_60009850,Cain [แสงสว่าง]
SKILL_NAME_60009851,Cain [ความมืด]
SKILL_DESC_9810,Cain จะฟื้นฟู HP [ffc800]{1}[-] แก่พันธมิตรที่มี HP ต่ำที่สุด และมอบ [พรแห่งราชาเทพเจ้า] เพื่อลดความเสียหายทั้งหมดที่ได้รับลง [64ff64]{3}[-]% เป็นเวลา [64ffff]{2}[-] วินาทีและต้านทานสถานะผิดปกติ หลังจาก [64ffff]{2}[-] วินาทีจะลบล้างเอฟเฟคลบของพันธมิตรและเป้าหมายที่อยู่ในบริเวณรอบข้างและฟื้นฟู HP [ffc800]{4}[-] [พรแห่งราชาเทพเจ้า] ไม่สามารถลบล้างได้
SKILL_DESC_9819,Cain จะสร้างความเสียหายกายภาพ [ffc800]{1}[-] แก่ศัตรูที่มีพลังโจมตีสูงสุด และใช้ [ผนึกแห่งทรราช] เพื่อลดความเร็วโจมตีของศัตรู [ff6464]{3}[-] เป็นเวลา [64ffff]{2}[-] วินาทีและทำให้ไม่สามารถรับเอฟเฟคบวกได้ หลังจาก [64ffff]{2}[-] วินาทีจะสร้างความเสียหายกายภาพ [ffc800]{4}[-] แก่ศัตรูและเป้าหมายที่อยู่ในบริเวณรอบข้าง และทำให้สตันเป็นเวลา {5} วินาที [ผนึกแห่งทรราช] ไม่สามารถลบล้างได้
SKILL_DESC_9811,เพิ่มความเสียหายและอัตราการรักษา [64ff64]{1}[-] %
SKILL_DESC_9812,เพิ่มความเสียหายและอัตราการรักษา [64ff64]{1}[-] %
SKILL_DESC_9813,เพิ่มความเสียหายและอัตราการรักษา [64ff64]{1}[-] %
SKILL_DESC_9820,Cain จะกลายเป็น [ทรราช] และโจมตีศัตรูเป้าหมายอย่างต่อเนื่อง ทุกครั้งที่โจมตีจะได้รับความเสียหาย [ffc800]{1}[-]  Cain ที่กลายเป็น [ทรราช] สกิล [จงสั่นสะท้าน!] [จงดูพลานุภาพ!] จะเปลี่ยนเป็นสกิล [จงคุกเข่าลง] [ตายซะบัดนี้] และต้านทานสถานะผิดปกติ หากใช้สกิลอีกครั้งจะกลับมาเป็น [ราชาเทพเจ้า] \n[ความปราณีแห่งราชาเทพเจ้า] เมื่อ Cain อยู่ในสถานะราชาเทพเจ้าจะลดความเสียหายทั้งหมดที่พันธมิตรได้รับลง [ffc800]{2}[-]%\n[ความมีเกียรติของทรราช] เมื่อ Cain อยู่ในสถานะทรราชจะเพิ่มความเสียหายทั้งหมดที่ศัตรูได้รับ [ffc800]{3}[-]%
SKILL_DESC_9825,Cain กลับมาเป็น [ราชาเทพเจ้า]
SKILL_DESC_9821,เพิ่มความเสียหาย [64ff64]{1}[-] %
SKILL_DESC_9822,เพิ่มความเสียหาย [64ff64]{1}[-] %
SKILL_DESC_9823,เพิ่มความเสียหาย [64ff64]{1}[-] %
SKILL_DESC_9830,เพิ่มพลังป้องกันทั้งหมดของพันธมิตรที่อยู่บริเวณรอบข้าง [ffc800]{2}[-] จำนวน {3} ครั้งเป็นเวลา [64ffff]{1}[-] วินาที เอฟเฟคบูสต์พลังป้องกันจะซ้อนทับกันได้สูงสุด {3} ครั้ง เมื่อใช้เอฟเฟคแก่พันธมิตรที่ซ้อนทับเอฟเฟค {3} ครั้ง จะเพิ่มพลังโจมตีของเป้าหมาย [64ff64]{5}[-] เป็นเวลา [64ffff]{4}[-] วินาทีและมอบเอฟเฟคต้านทานสถานะผิดปกติ
SKILL_DESC_9837,ติดตั้ง [ประตูโลกันต์] ที่แนวหน้าเป็นเวลา {1} วินาทีเพื่อสร้างความเสียหายกายภาพ [ffc800]{3}[-] แก่ศัตรูที่อยู่ในบริเวณ {2} ครั้งและดึงศัตรูเข้าสู่จุดศูนย์กลาง หลังจาก [ประตูโลกันต์] ระเบิดจะสร้างความเสียหายกายภาพ [ffc800]{4}[-] เป็นเวลา [64ffff]{5}[-] วินาทีและทำให้สตัน
SKILL_DESC_9831,เพิ่มการบูสต์พลังโจมตีและความเสียหาย [64ff64]{1}[-] %
SKILL_DESC_9832,เพิ่มการบูสต์พลังโจมตีและความเสียหาย [64ff64]{1}[-] %
SKILL_DESC_9833,เพิ่มการบูสต์พลังโจมตีและความเสียหาย [64ff64]{1}[-] %
SKILL_DESC_9840,ทุกครั้งที่เริ่มการต่อสู้จะซ้อนทับ [ราชาแห่งทะเลทราย] ที่ไม่สามารถลบล้างได้ แต่ละการซ้อนทับของ [ราชาแห่งทะเลทราย] จะเพิ่มเอฟเฟคของ [ความปราณีแห่งราชาเทพเจ้า] [ความมีเกียรติของทรราช] [64ff64]{1}[-]% ฟื้นฟู MP {2} หน่วยต่อวินาทีและเพิ่มพลังโจมตี [64ff64]{3}[-] หากซ้อนทับ [ราชาแห่งทะเลทราย] {4} อันขึ้นไปจะเพิ่มความเสียหายแก่บอส [64ff64]{5}[-]% [ราชาแห่งทะเลทราย] ซ้อนทับได้สูงสุด {6} อัน
SKILL_DESC_9841,เพิ่มการบูสต์พลังโจมตีขึ้น [64ff64]{1}[-] %
SKILL_DESC_9842,เพิ่มการบูสต์พลังโจมตีขึ้น [64ff64]{1}[-] %
SKILL_DESC_9843,เพิ่มการบูสต์พลังโจมตีขึ้น [64ff64]{1}[-] %
SKILL_DESC_60009810,[จงสั่นสะท้าน!] เอฟเฟคจะถูกใช้ที่พันธมิตร 3 คนและหลังจาก {1} วินาทีโหมดเอฟเฟคที่ใช้จะไม่ทำงาน
SKILL_DESC_60009811,[จงคุกเข่าลง] เอฟเฟคจะถูกใช้ที่ศัตรู 3 คนและหลังจาก {1} วินาทีโหมดเอฟเฟคที่ใช้จะไม่ทำงาน
SKILL_DESC_60009820,เพิ่มความเสียหายของสกิล {1}% ในแต่ละการซ้อนทับของ [ราชาแห่งทะเลทราย]
SKILL_DESC_60009821,ลดเวลาคูลดาวน์ {1} วินาทีและเมื่อหลังจากกลายเป็นทรราชจะกลับไปเป็นราชาเทพเจ้าอีกครั้งที่การต่อสู้อัตโนมัติ
SKILL_DESC_60009830,[จงดูพลานุภาพ!] เพิ่มระยะเวลาของเอฟเฟคต่อเนื่อง {1} วินาที
SKILL_DESC_60009831,[ตายซะบัดนี้] ลดการใช้ MP ลง 1 หน่วย
SKILL_DESC_60009840,เปลี่ยนบูสต์ความเสียหายที่สร้างแก่บอสเป็น {1}%
SKILL_DESC_60009841,เปลี่ยน MP ที่ฟื้นฟูเป็น {1} ต่อวินาที
SKILL_DESC_60009850,"พลังโจมตี, พลังป้องกัน, HP +15% / HP +10%"
SKILL_DESC_60009851,ทุกครั้งที่เริ่มการต่อสู้จะใช้ HP ปัจจุบันของตัวเอง {1}% เพื่อเพิ่มพลังโจมตีของพันธมิตรทั้งหมด {3}% เป็นเวลา {2} วินาที หากมีพันธมิตรน้อยกว่า 3 คนจะลดความเสียหายที่พันธมิตรได้รับลงอีก {4}% 
SKILL_DESC_90000980,เมื่อโจมตีธรรมดาและใช้สกิลจะมอบเอฟเฟคเพิ่มเติมตามแต่ละสถานะของตนเอง\n[ราชาเทพเจ้า] มีโอกาส {1}% ที่จะทำให้ศัตรูสตันเป็นเวลา {2} วินาที\n[ทรราช] เพิ่มความเสียหายกายภาพที่ศัตรูได้รับ {4}% เป็นเวลา {3} วินาที
SKILL_DESC_91009810,[จงสั่นสะท้าน!] เพิ่มเอฟเฟคลดความเสียหายทั้งหมดที่ได้รับอีก {1}%\n[จงคุกเข่าลง] ลดปริมาณการใช้ MP 1
SKILL_DESC_91009820,[จะแสดงพลังให้เห็น] เพิ่มความเสียหาย {1}% และเมื่อตนเองอยู่ในสถานะทรราชจะสร้างความเสียหายเพิ่ม {2}%
SKILL_DESC_91009830,[จงดูพลานุภาพ!] เพิ่มการบูสต์พลังโจมตีขึ้น {1}% \n[ตายซะบัดนี้] เพิ่มความเสียหายกายภาพที่ศัตรูได้รับ {3}% เป็นเวลา {2} วินาที
SKILL_DESC_91009840,[ข้านี่แหละคือราชาแห่งทะเลทราย] เพิ่มการบูสต์พลังโจมตี {1}% และเมื่อซ้อนทับ [ราชาแห่งทะเลทราย] ของตนเอง {2} อันขึ้นไป จะเพิ่มอัตราการรักษาของพันธมิตรทั้งหมด {3}%
