KEY,"English"
INFORM,"Notice"
LEAGUE,"League"
ERROR,"Error"
SCORE_POSTFIX,"Points"
OVER_POSTFIX,"Over"
UNDER_POSTFIX,"Under"
MATCH.RANK_POSTFIX,"th"
MATCH.RANK_POSTFIX_1,"st"
MATCH.RANK_POSTFIX_2,"nd"
MATCH.RANK_POSTFIX_3,"rd"
BUY,"Buy"
NUMBER_COUNT,"{1} time(s)"
NICK_VALID_MESSAGE,"[00FF00]Can use this nickname."
NICK_INVALID_MESSAGE,"[FF0000]Cannot use this nickname."
NICK_CONFIRM_TITLE,"Use Nickname"
NICK_CONFIRM_MESSAGE,"Do you want to use this nickname?\n[FFFF00]{1}[-]"
LOGIN_BY_GUEST,"Log in as Guest"
UI_ENTER_NICKNAME,"Please create a nickname."
UI_NICKNAME_RULE_DESC,"Nicknames can only contain 2-12 alphanumeric characters."
GUILD_REQTEAMLEVEL,"Above Team Level {1}"
GUILD_RANK_MEMBER,"Guild Member"
GUILD_RANK_ADMIN,"Manager"
GUILD_RANK_MASTER,"Master"
GUILD_LASTLOGINTIME_TODAY,"Today"
GUILD_LASTLOGINTIME_DAY,"{1}d"
GUILD_MERCENARY_REGISTER_ELAPSED_HOUR,"{1} hr(s)"
GUILD_MERCENARY_REGISTER_HOUR_NOT_ELAPSED,"Less Than 1 Hour"
GUILD_MERCENARY_REGISTER_CONFIRM,"A hero registered as a mercenary cannot participate in an expedition mission.\nDo you want to register this hero as a mercenary?"
GUILD_WITHDRAW_POPUP_MESSAGE,"Are you sure you want to leave the Guild?\nIf you leave the Guild, your access to Guild content will be restricted for {1} hour(s)."
GUILD_DESTROY_CONFIRM,"[FF0000]Closing this Guild will\nrender your efforts so far useless.\nWill you still close this Guild?\n \nUpon closing a Guild, you cannot use Guild content for 7 days."
GUILD_MERCENARY_RETURN_REWARD,"Acquired {1} Gold"
GUILD_DELEGATE_MASTER,"Do you want to hand over\nthe Master position to {1}?"
GUILD_FREE_JOIN,"Free Admission"
GUILD_ACCEPT_JOIN,"Admitted upon Approval"
GUILD_ACTIVITY_RANKING,"Ranked {1}"
GUILD_CHECK_NAME_MIN_LENGTH,"Enter at least 3 characters."
GUILD_MERCENARY_RETURN_REWARD_GUILDPOINT,"Acquire {1} Guild Points"
RESCOLLECT_PLUNDER_END_DAY_UNIT,"Day"
RESCOLLECT_PLUNDER_END_HOUR_UNIT,"Hour"
RESCOLLECT_PLUNDER_END_MINUTE_UNIT,"Minute"
RESCOLLECT_PLUNDER_END_BEFORE,"Before"
RESCOLLECT_NO_TEAM,"No expedition teams available."
RESCOLLECT_COLLECT_STARTED,"The expedition mission has started."
RESCOLLECT_START_COLLECT,"Mission Start"
RESCOLLECT_START_PLUNDER,"Start Plunder"
RESCOLLECT_START_CHASE,"Chase"
RESCOLLECT_COLLECT_RESULT_GOLD,"[FFFF00]Gold[-]"
RESCOLLECT_NOGUILD,"No Guild"
RESCOLLECT_ITEMCOUNT,"{1}"
RESCOLLECT_COLLECTPERHOUR,"({1}/hr)"
RESCOLLECT_COLLECTING_REMAIN_TIME,"Collecting resources through search.....\nReturns after {1}h {2}m"
RESCOLLECT_COLLECT_COMPLETED,"Search Complete"
RESCOLLECT_COLLECT_COMPLETE_MSG,"Discovered {1} through search!"
RESCOLLECT_COLLECTING,"Searching…"
RESCOLLECT_PLUNDER_SUCCESS,"Plunder Successful"
RESCOLLECT_PLUNDER_SUCCESS_MSG,"Acquired {1} by plundering."
RESCOLLECT_BUY_CHEESE,"Buy {1} Plunder Stamina."
RESCOLLECT_GIVEUP_PLUNDER_CONFIRM,"Do you want to give up the plunder you have discovered?"
ENTER_TRIAL_DUNGEON,"Enter Dungeon"
TRIAL_DUNGEON_HERO_KNIGHT,"Ordeals of the Knight"
TRIAL_DUNGEON_HERO_WARRIOR,"Ordeals of the Warrior"
TRIAL_DUNGEON_HERO_ASSASSIN,"Ordeals of the Assassin"
TRIAL_DUNGEON_HERO_ARCHER,"Ordeals of the Archer"
TRIAL_DUNGEON_HERO_MECHANIC,"Ordeals of the Mechanic"
TRIAL_DUNGEON_HERO_WIZARD,"Ordeals of the Wizard"
TRIAL_DUNGEON_HERO_PRIEST,"Ordeals of the Priest"
TRIAL_RESET_CHALLENGE_CHANCE_CONFIRM,"You have used all the challenge opportunities available for {1}.\nDo you want to challenge the Ordeal again?"
TRIAL_RESET_PLAY_KEY_CONFIRM,"Cannot enter due to insufficient keys.\nDo you want to recharge keys?"
TRIAL_RESET_PLAY_KEY_CONFIRM_COUNT,"Cannot enter due to insufficient keys.\nRecharge {1} keys?"
INVENTORY_ITEM_ACTION_SELL,"Sell"
INVENTORY_ASK_SELL_COUNT_MESSAGE,"Decide the quantity to sell."
INVENTORY_ORIGIN_DESC,"{1} Chapter {2}"
EQUIP_ASK_UNLOCK_WEAPON_EQUIP,"Do you want to open a second weapon slot?"
EQUIP_ASK_UNLOCK_ARMOR_EQUIP,"Do you want to open a second protective gear slot?"
EQUIP_UNLOCK_ACTION,"Unlock"
EQUIP_ASK_EXTEND_MESSAGE,"Do you want to expand {1} Inventory slots?"
EQUIP_ASK_EXTEND_MESSAGE_1,"Maximum Inventory size is {1} slots."
EQUIP_ASK_EXTEND_MESSAGE_2,"( Current Status : {1} / {2} )"
EQUIP_EXTEND_ACTION,"Expand"
EQUIP_ASK_SELL,"Sells {1}."
EQUIP_ASK_EQUIP_TITLE,"Equip Gear"
EQUIP_ASK_UNEQUIP_TITLE,"Unequip Gear"
EQUIP_ASK_EQUIP,"Do you want to equip {1}?"
EQUIP_ERROR_ALREADY_EQUIPPED,"A gear is already equipped."
EQUIP_ASK_SELECT_EQUIP_MESSAGE,"Select the slot that you want to equip the gear to."
EQUIP_ASK_SELECT_EQUIP_FIRST,"Basic Slot"
EQUIP_ASK_SELECT_EQUIP_SECOND,"Expanded Slot"
EQUIP_ASK_EQUIP_OVERWRITE_MESSAGE,"A gear is already equipped.\nDo you want to equip this gear after removing the current one?"
EQUIP_ASK_EQUIP_REMOVE,"Remove"
EQUIP_ASK_EQUIP_PRESERVE,"Keep"
EQUIP_ASK_EQUIP_PRESERVE_CONFIRM,"Do you want to keep the gear you are wearing\nand equip new gear?"
EQUIP_ASK_EQUIP_REMOVE_CONFIRM,"Do you want to remove the gear you are wearing\nand equip the new gear?"
EQUIP_ASK_UNEQUIP_MESSAGE,"You can remove or keep the gear."
EQUIP_ASK_UNEQUIP_PRESERVE_CONFIRM,"Do you want to keep the gear?"
EQUIP_ASK_UNEQUIP_REMOVE_CONFIRM,"Do you want to remove the gear?"
EQUIP_ERROR_NOT_EQUIPPED,"Gear is not equipped."
EQUIP_ASK_ENCHANT_OPTION_TITLE,"Re-assess"
EQUIP_ASK_ENCHANT_OPTION,"Do you want to re-assess the option?"
EQUIP_ASK_ENCHANT_OPTION_CONFIRM_TITLE,"Use Options"
EQUIP_ASK_ENCHANT_OPTION_CONFIRM,"Do you want to use the option?"
EQUIP_ASK_ENCHANT_OPTION_CANCEL_TITLE,"Revert Option"
EQUIP_ASK_ENCHANT_OPTION_CANCEL,"Do you want to revert the option?"
EQUIP_ASK_ENCHANT_RESULT_MESSAGE,"[FF8000][00FF00]{1}[-] [FFFFFF]{2}[-] option has changed to\n[00FF00]{3}[-] [FFFFFF]{4}[-] option\nafter re-assessment.[-]"
EQUIP_UPGRADE_PROGRESSING,"[FFFF00]Enhancing[-]"
EQUIP_ERROR_UPGRADE_EXP_FULL,"Exceeded the XP required to enhance."
EQUIP_ERROR_MATERIAL_FULL,"Cannot put in any more materials."
RANDOM_OPTION,"Additional Options"
EQUIP_RANDOM_OPTION_COUNT,"Additional Options"
START_BATTLE,"Start Battle"
MATCH_START_BUTTON_LABEL,"Register Match"
MATCH_TOP_PERCENTAGE,"Top {1}%"
MATCH_SEASON_REMAIN_LABEL,"{1}d {2}h remaining"
MATCH_BATTLE_SERVER_CONNECT_FAIL,"Connection to Battle Server failed."
MATCH_BATTLE_SERVER_DISCONNECTED,"Disconnected from Battle Server."
MATCH_BATTLE_SERVER_START_FAIL,"Battle start has failed."
MATCH_OFFLINE_PVP_RESULT_FAILED,"Match result request has failed."
MATCH_DAILY_REWARD_SENDERNAME,"Arena Manager"
MATCH_DAILY_REWARD_TITLE,"League of Victory daily reward."
MATCH_DAILY_REWARD_CONTENT,"League of Victory daily reward. Tier: {1} {2}. Ranking: {3}"
MATCH_DAILY_REWARD_NOLEVEL_CONTENT,"League of Victory daily reward. Tier: {1}. Ranking: {2}"
MATCH_SEASON_REWARD_SENDERNAME,"Season Manager"
MATCH_SEASON_REWARD_TITLE,"League of Victory season reward."
MATCH_SEASON_REWARD_CONTENT,"League of Victory season reward. Tier: {1} {2}. Ranking: {3}"
MATCH_SEASON_REWARD_NOLEVEL_CONTENT,"League of Victory season reward. Tier: {1}. Ranking: {2}"
MATCH_HISTORY_WIN_SCORE,"Your points have increased by [FFFF20]{1}pts[-] for winning the battle."
MATCH_HISTORY_WIN,"Won the battle."
MATCH_HISTORY_LOSE_SCORE,"Your points have decreased by [FFFF20]{1}pts[-] for losing the battle."
MATCH_HISTORY_LOSE,"Lost the battle."
MATCH_HISTORY_TIME_MINUTE,"{1} m ago"
MATCH_HISTORY_TIME_HOUR,"{1} h ago"
MATCH_HISTORY_TIME_DAY,"{1}d ago"
MATCH_RANKING_SCORE,"{1} Points"
MATCH_FINDING_TARGET,"Looking for a opponent."
MATCH_FOUND_TARGET,"Found an opponent."
BATTLE.EXIT_REPLAY_CONFIRM,"Will you shut down replay?"
MATCH_PICKBAN_WEEKLY_REWARD_SENDERNAME,"Arena Manager"
MATCH_PICKBAN_WEEKLY_REWARD_TITLE,"League of Honor Server Ranking weekly reward."
MATCH_PICKBAN_WEEKLY_REWARD_CONTENT,"League of Honor Server Ranking weekly reward. Server Tier {1} Stage {2}. Rank: {3}"
MATCH_PICKBAN_WEEKLY_REWARD_NOLEVEL_CONTENT,"League of Honor Server Ranking weekly reward. Server Tier {1}. Rank: {2}"
MATCH_PICKBAN_SEASON_REWARD_SENDERNAME,"Season Manager"
MATCH_PICKBAN_SEASON_REWARD_TITLE,"League of Honor Server Ranking season reward."
MATCH_PICKBAN_SEASON_REWARD_CONTENT,"League of Honor Server Ranking season reward. Server Tier {1} Stage {2}. Rank: {3}"
MATCH_PICKBAN_SEASON_REWARD_NOLEVEL_CONTENT,"League of Honor Server Ranking season reward. Server Tier {1}. Rank: {2}"
MATCH_PICKBAN_DAILY_REWARD_SENDERNAME,"Arena Manager"
MATCH_PICKBAN_DAILY_REWARD_TITLE,"League of Honor Server Ranking daily reward."
MATCH_PICKBAN_DAILY_REWARD_CONTENT,"League of Honor Server Ranking daily reward. Server Tier {1} Stage {2}. Rank: {3}"
MATCH_PICKBAN_DAILY_REWARD_NOLEVEL_CONTENT,"League of Honor Server Ranking daily reward. Server Tier {1}. Rank: {2}"
MATCH_GLOBAL_PICKBAN_WEEKLY_REWARD_SENDERNAME,"Arena Manager"
MATCH_GLOBAL_PICKBAN_WEEKLY_REWARD_TITLE,"League of Honor World Ranking weekly reward."
MATCH_GLOBAL_PICKBAN_WEEKLY_REWARD_CONTENT,"League of Honor World Ranking weekly reward. World Tier {1} Stage {2}. Rank: {3}"
MATCH_GLOBAL_PICKBAN_WEEKLY_REWARD_NOLEVEL_CONTENT,"League of Honor World Ranking weekly reward. World Tier {1}. Rank: {2}"
MATCH_GLOBAL_PICKBAN_SEASON_REWARD_SENDERNAME,"Season Manager"
MATCH_GLOBAL_PICKBAN_SEASON_REWARD_TITLE,"League of Honor World Ranking season reward."
MATCH_GLOBAL_PICKBAN_SEASON_REWARD_CONTENT,"League of Honor World Ranking season reward. World Tier {1} Stage {2}. Rank: {3}"
MATCH_GLOBAL_PICKBAN_SEASON_REWARD_NOLEVEL_CONTENT,"League of Honor World Ranking season reward. World Tier {1}. Rank: {2}"
MATCH_GLOBAL_PICKBAN_DAILY_REWARD_SENDERNAME,"Arena Manager"
MATCH_GLOBAL_PICKBAN_DAILY_REWARD_TITLE,"League of Honor World Ranking daily reward."
MATCH_GLOBAL_PICKBAN_DAILY_REWARD_CONTENT,"League of Honor World Ranking daily reward. World Tier {1} Stage {2}. Rank: {3}"
MATCH_GLOBAL_PICKBAN_DAILY_REWARD_NOLEVEL_CONTENT,"League of Honor World Ranking daily reward. World Tier {1}. Rank: {2}"
FRIEND_BECOME_FRIEND,"You became [FFFF00]friends[-] with [FFFF00]{1}[-]."
FRIEND_ASK_ACCEPT_FRIEND,"Do you want to [FFFF00]accept[-] [FFFF00]{1}[-]'s [FFFF00]friend request[-]?"
FRIEND_ASK_DENY_FRIEND,"Do you want to [FFFF00]decline[-] [FFFF00]{1}[-]'s [FFFF00]friend request[-]?"
FRIEND_ASK_DELETE_FRIEND,"Do you want to remove [FFFF00]{1}[-] from your [FFFF00]friends list[-]?"
FRIEND_ASK_INVITE_FRIEND,"Do you want to send[FFFF00]{1}[-] a [FFFF00]friend request[-]?"
FRIEND_ASK_INVITE_PARTY,"Would you [FFFF00]Invite[-] [FFFF00]{1}[-] to your party?"
MAIL_DELETE_DAYS_AFTER,"Delete after {1} d"
MAIL_DELETE_HOURS_AFTER,"Delete after {1} h"
MAIL_DELETE_MINUTES_AFTER,"Delete after {1} m"
FirstClearRuby_Mail_Title,"Stage First Clear Retro Reward"
FirstClearRuby_Mail_Desc,"Stage First Clear Retro reward for the removed Chapter difficulties and stages. "
LANGUAGE_CHANGE_CONFIRM,"King's Raid will restart to change the language to {1}.\nPlease wait."
MAP_CANNOT_MOVE_CHAPTER_NOT_EXIST,"Cannot move because the chapter does not exist."
MAP_CANNOT_MOVE_CHAPTER_NOT_COMPLETED,"Cannot move because you still have not cleared the chapter."
MAP_MOVE_CHAPTER_CONFIRM,"Do you want to move to the next location?\n{1}"
DAILYMISSION_NAME,"Today's Mission"
MISSION_NAME,"Mission Achievements"
MISSION_PROGRESSING,"In Progress"
MISSION_COMPLETE,"Completed Missions"
MISSION_SUBTYPE_ACCOUNT,"Account"
MISSION_SUBTYPE_BRAVERY,"Valor"
MISSION_SUBTYPE_GOODS,"Goods"
MISSION_SUBTYPE_GUILD,"Guild"
MISSION_SUBTYPE_HERO,"Heroes"
MISSION_SUBTYPE_ITEM,"Item"
MISSION_SUBTYPE_CONTENTS,"Content"
DUNGEON_REWARD_ITEM,"Reward"
DUNGEON_REWARD_DESC,"Can acquire {1}"
DUNGEON_REMAIN_ENTERCOUNT,"{1} times remaining"
UI_ENDBATTLE_GAINEXP,"XP Acquired"
UI_ENDBATTLE_GAINGOLD,"Gold Acquired"
UI_ENDBATTLELOSE_ANNOUNCEMENT,"Try again after enhancing your heroes and gear!"
UI_COMMON_RETRY,"Retry"
UI_ENDCAMPAIGN_REWARDTEXT,"Loot"
UI_ENDBATTLEREWARD_ITEMCOUNT,"A total of {1}"
DUNGEON_GOLD_REWARD,"Gold Acquired"
COMMON_TOTAL,"All"
MYHERO_LIST,"Heroes List"
HEROLIST_GUILD_MERCENARY,"Guild Mercenary List"
COMMON_EQUIP,"Gear"
COMMON_HERO_SKILL,"Skills"
EQUIP_REBUILD_COMPLETE,"Re-assessment Complete"
DO_APPLY,"Apply"
DO_NOT_APPLY,"Do Not Apply"
COMMON_SELLPRICE,"Selling Price"
EQUIP_INFO_TAKEOFF,"Unequip"
EQUIP_UPGRADE,"Enhance Gear"
EQUIP_LEVELUP_CONFIRM1,"Enhance"
HERO_SKILL_INFO,"Skill Info"
HERO_SKILL_INFO_LINE,"Skill Info"
HERO_INFO_UPGRADE_CONFIRM1,"Upgrade"
UI_VIEW_HERO,"View Heroes"
FRIEND_REQUEST,"Friend Request"
ITEM_CONSUMABLE,"Consumables"
ITEM_MATERIAL,"Materials"
ITEM_SOULSTONE,"Soulstone"
ITEM_UPGRADEBOOK,"Upgrade Book"
INVENTORY_RECIPE_TITLE,"Craft with Recipe"
UI_RECIPE_CREATE,"Craft"
UI_SELL_PRICE,"Selling Price"
UI_MAIL_ATTACHMENT,"Attachments"
UI_RECEIVE,"Claim"
CONTENT_MAILBOX,"Mailbox"
UI_MAILBOX_EMPTY,"Mailbox is empty."
PVP_CURRENT_LEAGUE_RANK,"Current League Ranking"
COMMON_WINNING_RATE,"Win Rate"
UI_PVP_REWARD_TITLE,"Arena Rewards"
PVP_FIRST_REWARD,"Achievement Reward"
HERO_IS_COLLECTING,"Expedition Mission"
HERO_IS_DEAD,"Dead"
GUILD_MEMMERMANAGE_LASTLOGIN,"Last Login"
VIPLEVEL_TOO_LOE,"Insufficient VIP Level"
UI_RETURN_TO_CITY,"Go to City"
UI_ENTER_TOWN,"Enter Town"
ARENA,"Arena"
EVENT_DUNGEON,"Event Dungeon"
TRIAL_DUNGEON,"Room of Ordeals"
UI_KOREAN,"English"
UI_SELECT_AVATAR,"Select Leader Hero"
PROFILE,"Profile"
LANGUAGE,"Language"
COMMON_BUYAGAIN,"Re-Purchase"
GUILD_CREATE_BUTTON,"Create Guild"
GUILD_NAME_POSSIBLE,"Available"
GUILD_NAME_NOT_POSSIBLE,"Unavailable"
GUILD_TEAMLEVEL_LIMIT,"Level Limit"
GUILD_DISMISS_ADMIN,"Dismiss Manager"
GUILD_CREATE_COST1,"Guild Establishment Fee"
GUILD_CREATE_BUTTON,"Create Guild"
GUILD_NAME_POSSIBLE,"Available"
GUILD_NAME_NOT_POSSIBLE,"Unavailable"
GUILD_TEAMLEVEL_LIMIT,"Level Limit"
GUILD_MEMBER_MANAGE_LASTLOGINTIME,"Last Login"
GUILD_DISMISS_ADMIN,"Dismiss Manager"
INVENTORY_USE_EFFECT,"Effects"
INVENTORY_USE_ITEM,"Use"
PLUNDER_LOG,"Battle Record"
PLUNDER_NEW_MATCHING,"New Match"
COMMON_REFIND,"Search Again"
TITLE_PLUNDER,"Raid"
PLUNDER_ITEM,"Loot"
PLUNDER_AMOUNT,"Amount of Loot"
COLLECT_ITEM,"Collected Items"
COLLECT_COUNT,"Number Collected"
COLLECT_QUICK_COMPLETE,"Finish Now"
COLLECT_GET_ITEM,"Acquire Resource"
VIEW_PLUNDER,"View Loot"
VIEW_COLLECT,"Expedition Status"
TITLE_PLUNDER1,"Interrupt Search"
PLUNDER_DESCRIPTION,"You can take away resources from users who are doing search activities in this area."
PLUNDER_TYPE_ITEM,"Common Item"
TITLE_SELECT_COLLECT_RESOURCE,"Search Activity"
RESOURCE_COLLECT_DESCRIPTION,"Through a search activity, you can acquire random items available in this area."
SHOP_RESTOCK1,"Reset List"
SHOP_INVENTORY_ITEM_COUNT,"Quantity Owned"
SHOP_TOTAL_SELL_PRICE,"Total Selling Price"
MISSION_TODAY,"Today's Mission"
MISSON_ACHIEVEMENT,"Mission Achievements"
MISSION_HERO,"Hero Mission"
MISSION_COMPLETED,"Finished Mission"
MISSION_INPROGRESS,"In Progress"
MISSION_STATUS_COMPLETED,"Mission Complete"
NICK_CREATE_TITLE,"Create Nickname"
MESSAGE_REWARDED,"Acquired rewards above."
DUNGEON_REWARD,"Acquired Items"
COMMON_REWARD,"Reward"
TRIAL_CHALLENGABLE,"Possible to Challenge"
COMMON_INIT,"Reset"
UI_RANKERS_EMPTY,"There are no users who belong to this league."
NO_PARTY_HEROES,"There are no configured party members. Build a party."
NO_REQ_HEROES,"Conditions to enter have not been met. Please meet the entry conditions first."
NOT_REQ_HEROES,"This hero does not meet the entry conditions. Please select a hero that meets the entry conditions."
INSUFFICIENT_PARTY_HEROES_CONFIRM,"Insufficient party members. Do you want to proceed?"
LOGIN_PATCH,"Receiving updates...{1}/{2}"
MAP_CITY_ENTRY,"Enter City"
MAP_CITY_EXIT,"By the map"
UI_MOVE_PORTAL,"Portal"
BATTLE_REWARD_NUMBER,"A total of {1}"
DUNGEON_CHALLENGE_CHANCE,"Challenge Opportunity"
UI_FRIEND_RECOMMEND_TITLE,"Suggested Friends"
FRIEND_NOT_RESULT,"Friend cannot be found."
GUILD_MEMBER_MANAGE_LASTLOGINTIME,"Last Login"
UI_MOVE_CHAPTER,"Go to Chapter"
WORLDMAP_CANNOT_VISIT_NODE,"You cannot go there yet."
BATTLE_TIME_LIMIT,"Time Left"
SKILL_USE_RESULT_NOT_BATTLE,"Not in battle"
SKILL_USE_RESULT_DEAD,"Dead"
SKILL_USE_RESULT_CASTING,"Casting..."
SKILL_USE_RESULT_RESERVE,"Reserved"
SKILL_USE_RESULT_INVALID_STATE,"Debuff"
SKILL_USE_RESULT_COOLTIME,"Cooldown"
SKILL_USE_RESULT_INVALID_TARGET,"No target"
SKILL_USE_RESULT_INVALID_SKILL_LEVEL,"Error"
SKILL_USE_RESULT_TARGET_TOO_FAR,"Out of range"
SKILL_USE_RESULT_TARGET_TOO_NEAR,"Too close"
MOVE_TO_DUNGEON_ASK_MESSAGE,"Do you want to go to the dungeon?"
MOVE_TO_DUNGEON_ASK_TITLE,"Go to Dungeon"
CHANNEL_CHATTING_CONNECTED,"You have entered Channel {1}."
CHANNEL_CHATTING_DISCONNECTED,"You have exited the channel."
CHAT_ASK_REMOVE_WHISPER_USER,"Do you want to delete your conversation history with {1}?"
SKILL_TYPE_PASSIVE,"Passive"
SKILL_TYPE_ACTIVE,"Active"
SKILL_TYPE_AUTO,"Auto"
COMMON_ETC,"Others"
RESULT_DAMAGE_STATISTICS,"Statistics"
MOVE_GOLD_SHOP_CONFIRM,"Insufficient Gold.\nDo you want to go to the Special Shop?"
MOVE_GUILD_MENU_CONFIRM,"Insufficient Guild Coins.\nYou can acquire Guild Coins through Guild activities.\nDo you want to go to the Guild?"
MOVE_MATCH_MENU_CONFIRM,"Insufficient Duel Coins.\nYou can acquire Duel Coins through the Arena.\nDo you want to join the Arena now?"
MOVE_GEM_SHOP_CONFIRM,"Insufficient Rubies.\nDo you want to go to the Ruby Shop?"
SHOP_MAX_STOCK,"Number of Products: {1}"
SHOP_GOODS_LIST,"Items List: {1}"
RESTOCK,"Restock"
SHOP_RESTOCK_CONFIRM,"Brings new items into the Shop by consuming {1}.\nDo you want to restock?"
RESULT_DAMAGE_STATISTICS_PLAYER,"Damage Dealt by [00FF00]Allies[-]"
RESULT_DAMAGE_STATISTICS_ENEMY,"Damage Dealt by [FF0000]Enemies[-]"
RESULT_DAMAGE_STATISTICS_NUMBER,"{1}"
UI_CHATING,"Chat"
DUNGEON_CHALLENGE_CHANCE,"Challenge Opportunity"
LOADING_TIP_SKILL_LEVEL,"※ Skill performance is based on level {1}."
RESULT_TYPE_NO_GUILD,"The guild does not exist."
GUILD_NAME_INPUT_ERROR,"Invalid guild name."
GUILD_INVITE_NOT_PLAYER,"No users waiting for admission."
ARENA_BATTLE_WIN,"{1} Wins"
ARENA_BATTLE_LOSE,"{1} Losses"
ARENA_RANKING,"Ranked {1}"
COMMON_RECOVER,"Recovery"
MISSION_NO_COMPLETED_MISSION,"No mission completed."
GUILD_NO_SEARCH_GUILD,"Cannot find a guild with that name."
MISSION_REWARD_COMPLETED,"Claim"
MISSION_STATUS_REWARD_COMPLETED,"Completed"
MISSION_STATUS_REWARD_COMPLETED2,"(Completed)"
COMMON_MOVE,"Move"
BATTLE_STATS,"Battle Stats"
STATISTICS,"STATISTICS"
COMMON_CHANNEL,"Channel"
GUILD_CHATTING,"Guild Chat"
CHATTING_SEND,"Transmit"
COMMON_RECENT,"Now"
GUILD_NOT_JOINED,"Cannot find the guild you joined."
SHOP_NAME_NORMAL,"General Shop"
SHOP_NAME_GUILD,"Guild Shop"
SHOP_NAME_ARENA,"League of Victory Shop"
SHOP_NAME_ROYAL,"Royal Shop"
SHOP_NAME_RAID,"Raid Shop"
SHOP_NAME_BLACKMARKET,"Black Market"
SHOP_NAME_GOBLIN,"Goblin Shop"
MONEY_TYPE_GUILD,"Guild Coin"
MONEY_TYPE_ARENA,"Arena Coin"
MONEY_TYPE_ROYAL,"Royal Coin"
MONEY_TYPE_RAID,"Raid Coin"
SHOP_SELECT_ITEM,"Select desired items."
SHOP_ALL_SOLDOUT,"All Sold Out"
COST_TYPE_GUILDPOINT,"Guild Points"
SHOP_LIST,"Shops List"
COST_TYPE_KEY,"Key"
COST_TYPE_SWORD,"Sword"
COST_TYPE_STAMINA,"Stamina"
RECOLLECT_SEARCH_RESULT,"Discovered {1} through search!"
RECOLLECT_PLUNDER_RESULT,"Acquired {1} by plundering."
RECOLLECT_INVENTORY_STORAGE,"Tap the screen to store them in Inventory."
RESULT_TYPE_EQUIP_ITEM_FULL,"Inventory is full."
SHOP_ROYAL_COIN_MESSAGE,"Insufficient Royal Coins.\nYou can acquire Royal Coins through Castle Wall Defense.\nDo you want to join Castle Wall Defense now?"
SHOP_GOBLIN_EXIT_MESSAGE,"If you leave now, it will not be available\nuntil we meet again."
SHOP_PRODUCT_RESTOCK,"Items Restocked"
REPLAY_PLAY,"Do you want to watch the replay again?"
REPLAY,"Watch Again"
BATTLE_PARTY_LEADER_SELECT,"Please select a leader."
BATTLE_PARTY_LEADER_POTENCY,"Leader Skills"
GUILD_JOIN_MESSAGE,"{1} has joined the guild."
GUILD_GAME_JOIN_MESSAGE,"{1} has logged in to the game."
GUILD_WITHDRAWAL_MESSAGE,"{1} has left the guild."
CLASS_ATTRIBUTE,"Class"
BATTLE_RECORD_NOT_FOUND,"The battle record does not exist."
OPEN_HERO_SHOP_SLOT,"Unlock"
OPEN_HERO_SHOP_SLOT_CONFIRM,"Do you want to unlock the slot?"
BUY_RUBY_COUNT,"{1} Ruby"
RUBY_MONTHLY_REMAIN_DAY,"Time Remain\n{1} days"
BUY_GOLD_COUNT,"{1} Gold"
VIP_LEVEL_ADD_MSG,"When you buy this item, an additional {1} will be provided according to the VIP benefits."
BUY_RUBY_CONFIRM,"Do you want to buy this product?"
BUY_GOLD_CONFIRM,"Do you want to buy this product?"
BUY_HERO_CONFIRM,"Do you want to hire this hero?"
HERO_DUPLICATED_NOT_ALLOWED,"You already have the same hero on your deck."
CLASS_TAG_MELEE,"High physical attack attribute"
CLASS_TAG_RANGE,"Ranged specialty with high physical attack"
CLASS_TAG_MAGIC,"High magic attack specialty"
CLASS_TAG_BUFF,"Healing and protecting allies attributes"
CLASS_TAG_DEBUFF,"Debilitating and plaguing enemies specialty"
CLASS_TAG_TANK,"High HP and defense specialty"
TRANSCEND_HERO_STAT_CONFIRM,"Do you want to apply Transcend Points in this state?"
TRANSCEND_HERO_SKILL_CONFIRM,"The skill level permanently increases by+1.\nDo you want to transcend this skill?"
MOVE_HERO_SHOP_CONFIRM,"Do you want to go to the Shop to buy heroes?"
RETURN_TO_CITY_CONFIRM,"Do you want to go to Town?"
COMMON_HERO_INFO,"Common"
HERO_TRANSCEND_NOT_RECOVERED,"(Please select carefully, since it cannot be reversed.)"
PAY_SHOP_VIP_POINT,"VIP Points increase by {1}."
COMMON_VIP_BENEFIT,"VIP Benefit"
HERO_UPGRADE_STAR_POSSIBLE,"Awakening Possible"
EQUIP_STARUP_TEXT,"Use the same items as the target\nto awaken gear.\n\nEach awakening increases stats by {1}%."
EQUIP_AWAKEN_MATERIAL,"Awakening Materials"
HERO_UPGRADE_STAR_EFFECT,"Awakening Effects"
EQUIP_AWAKEN_TEXT,"Please select the materials needed for awakening."
STAT_AWAKEN_CONFIRM,"Do you want to proceed with awakening?"
EQUIP_UPGRADE_LEVEL,"Enhancement Phase"
EQUIP_LEVELUP_TEXT3,"The XP that the target to be enhanced can get is proportional to the rank of the materials.\nAfter enhancing it to the maximum, you can awaken it to raise its number of stars."
EQUIP_UPGRADE_SUCCESS,"Enhancement Successful"
INSUFFICIENT_GOLD,"Insufficient Gold"
INSUFFICIENT_GOLD_AND_GRADEBOOK,"Insufficient Gold and Upgrade Books"
INSUFFICIENT_GOLD_AND_SOULSTONE,"Insufficient Gold and Soulstones"
CHAT_WHISPER_INFO,"Enter the name of the player for Whisper."
BASIC_STAT,"Basic Stats"
EQUIP_BASIC_OPTION,"Basic Options"
EXIT_TEXT,"Exit"
COMMON_MY_VIPLEVEL,"My VIP Rank"
STAT_CHANGE_INFO,"Stats Change"
SKILL_NEXT_LEVEL,"Next Level"
LOW_HERO_LEVEL,"Insufficient Level"
COMMON_RUNE,"Runes"
ITEM_TYPE.RUNE,"Runes"
RUNE_ENCHANT,"Equip Rune"
RUNE_EFFECT,"Rune Effects"
RUNE_ENCHANT_INFO,"To continue, select the gear that you want to equip the rune to."
LEADER_SKILL_EFFECT,"Leader Skills"
TAG_MAGIC_TEXT,"High magic attack specialty"
COMMON_PEOPLE_COUNT,"People"
RUNE_WEAPON,"Runes for Weapons"
ITEM_MATERIAL_DESCRIPTION,"These materials are used to craft weapons, protective gear, and accessories."
RANDOM_OPTION_COUNT,"Number of random options"
TAG_MELEE_TEXT,"High physical attack specialty"
TAG_RANGE_TEXT,"Ranged specialty with high physical attack"
RUNE_ARMOR,"Runes for Protective Armor"
PAY_SHOP_BOOSTER_BUY_TEXT,"When you purchase this product, the booster effect expires on {1}/{2}/{3}. (YYYY/MM/DD)"
SHOP_TYPE_BOOSTER,"Booster"
EQUIP_BREAK,"Grind"
EQUIP_BREAK_ACCEPT,"Start to Grind"
EQUIP_BREAK_SELECT_LABEL,"Select the items to Grind."
ITEM_EMPTY_SLOT,"Empty Slot"
INVENTORY_GROWTH,"Growth"
EQUIP_SET_EQUIP,"Gear Set"
EQUIP_STAT_CHANGE,"Stats Change"
SKILL_TRANSCENDENCE_CONFIRM,"The skill level permanently increases by+{1}.\nDo you want to transcend this skill?"
HERO_UPGRADE_GRADE_POSSIBLE,"Upgrade Possible"
HERO_UPGRADE_GRADE_EFFECT,"Upgrade Effects"
INSUFFICIENT_GRADEBOOK,"Insufficient Upgrade Books"
TAG_BUFF_TEXT,"Healing and protection specialty"
ITEM_GOLD_DESCRIPTION,"I don't know what it's used for, but you can sell it at the Shop."
OPEN_HERO_SHOP_SLOT,"Unlock"
HERO_INFO_TEXT,"Hero Info"
INSUFFICIENT_SOULSTONE,"Insufficient Soulstones"
HERO_TRANSCEND_DESC,"Consumes Soulstones to enhance stats."
SHOP_PAYMENT,"Special Shop"
STAT_TRANSCEND,"Do you want to apply Transcend Points in this state?"
PAY_SHOP_BUY_TEXT,"Do you want to buy this product?"
PAY_SHOP_HERO_BUY_TEXT,"Do you want to hire this hero?\nIf you already have one, {1} of Soulstones are provided."
EQUIP_AWAKEN_EQUIP,"Gear Awakening"
ITEM_RUNE_DESCRIPTION,"Grants mysterious power when it is equipped to gear."
RUNE_ACCESSORY,"Runes for Secondary Gear"
RUNE_SECONDGEAR,"Runes for Secondary Gear"
RUNE_WEAPON_ARMOR,"Runes for Weapons and Armors"
RUNE_WEAPON_SECONDGEAR,"Runes for Weapons and Secondary Gear"
RUNE_ARMOR_SECONDGEAR,"Runes for Armor and Secondary Gear"
RUNE_WEAPON_ARMOR_SECONDGEAR,"Runes for Weapons, Armor, and Secondary Gear"
RUNE_VELKAZAR,"Velkazar Rune"
EQUIP_UPGRADE_INFO,"The XP given is proportional to the rank and star grade of the materials."
RESTOCK,"Restock"
TAG_DEBUFF_TEXT,"Debuff specialty"
HERO_SHOP_PREV_SLOT_OPEN_NEEDED,"Previous slots must be opened first."
DOW_NAME,"Stockade"
TAG_TANK_TEXT,"High HP and defense specialty"
HERO_TRANSCEND,"Transcend"
ITEM_ADDITIONAL_EFFECT,"Additional Effects"
ITEM_ADDITIONAL_EFFECT_ALL_HERO,"Additional effects are applied to all heroes for {1} hours."
ITEM_ADDITIONAL_EFFECT_ONE_HERO,"Additional effects are applied to a single hero for {1} hours."
SPECIAL_MISSION,"Special Mission"
SHOP_SELL_INFO,"The sales price is shown below."
ITEM_SELL_CONFIRM,"Sell"
ITEM_SELL_SELECT_LABEL,"Select the items to sell."
SHOP_TYPE_PACKAGE,"Package"
COMMON_SOLDOUT,"Sold Out"
SKILL_CURRENT_LEVEL,"Current Level"
SKILL_CURRENT_TRANSCEND_LEVEL,"Current Transcendence Level"
LOADING_TIP_GRADE_2,"Upgrade: Upgrade heroes using Upgrade Books that can be acquired from Daily Dungeons! New skills unlock and stats increase as well!"
LOADING_TIP_EQUIP_AWAKEN_2,"Gear Awakening: Use the same items as the target to awaken gear and increase its rank! New options are unlocked and stats are added!"
LOADING_TIP_SKILL_LEVEL_2,"Skill Level: You can increase the skill levels of heroes by consuming Gold at any time! The skill level cannot exceed the hero's level, so be sure to increase skill levels as heroes' levels go up!"
MAP_MOVE_PORTAL_CONFIRM,"Do you want to move to the next portal?\n{1}"
FRIEND_NO_REGISTERED_FRIEND,"No friends registered."
HERO_NOT_COMPLETED,"N/A"
COMMON_GET_HERO,"Get Hero"
HERODECK_GOTO_HEROSHOP,"Go to Hero Shop"
EQUIP_BREAK_SUCCESS,"Completed!"
INVENTORY_TO_HERO,"Go to Hero Window"
RUNE.RUNE_TYPE_SECONDGEAR_ONLY,"Runes for Secondary Gear"
RUNE_LOCKED,"Potential"
RUNE_SLOT,"Rune Slots"
EQUIP_RUNE_DESC1,"A Rune slot unlocks as you reach\nAwakening Phase 1 (★), Awakening Phase 3 (★★★)\nand Awakening Phase 5 (★★★★★)."
EQUIP_RUNE_DESC2,"Gold is needed to remove the Rune after you have equipped it."
EQUIP_RUNE_PRESERVE_MESSAGE,"Do you want to keep the current Rune?"
MAIL_TITLE_TEXT,"Content"
EQUIP_UPGRADE_RANDOM_OPTION,"Options are added for +{1} Enhance."
EQUIP_ENCHANT.EQUIP_UPGRADE_RANDOM_OPTION2,"Add Option (+{1})"
NOT_IMPLEMENTED,"Content is being prepared."
OBJECTIVE_KILL_MONSTER,"Elimination {1}"
BATTLE_PAUSE,"Pause"
MAX_EQUIP_REQ_LEVEL,"Level\n{1}"
GUILD_INSUFFICIENT_CREATE_GOLD,"You cannot create a guild.\nMore gold[-] is needed.[FF0000](300,000 Gold)"
INVENTORY_ASK_SELL_MESSAGE,"Selling selected items."
INVENTORY_ASK_BREAK_MESSAGE,"Disassembling selected items."
EQUIP_RANDOM_OPTION_ENABLE,"Replace {1} Option(s) for random Option(s)."
DETAILVIEW_REPRODUCTION,"Reproduction"
DETAILVIEW_FULLSCREEN,"Full Screen"
EQUIP_ADD_RANDOM_OPTION,"Grant {1} random options"
RECEIVE_REWARD,"Claim"
QUEST_DUNGEON_TITLE,"Conquest Quest"
OBJECTIVE,"Objective"
COMMON_COUNT,"Count"
RUNE_STAT,"Rune Options"
QUEST_SUPPRESSION_CLEAR,"Conquest Quest Completed!"
HERO_SKILL_LEARN,"Learn"
HERO_SKILL_GET_GRADE_UP,"The hero has leveled up."
COMMON_TOUCH_SCREEN,"Tap the screen."
HERO_SKILL_GET,"Learned a new skill."
REWARD_TEAM_EXP,"Team XP"
REWARD_HERO_EXP,"Hero XP"
TIME_MONTH_DAY_HOUR,"{1} Month / {2} Day / {3} Time"
ITEM.ITEM_EFFECT_END_COLON,"Effective until:"
ITEM_EXP_BOOSTER_EFFECT,"XP acquired by hero increased by {1}%."
ITEM_GOLD_BOOSTER_EFFECT,"Gold acquired from winning the battle increased by {1}%."
ITEM_RECHARGE_STAMINA_BOOSTER_EFFECT,"Stamina is unlimited."
NODE_WORLD_TREE,"World Tree"
WORLDMAP_EVENT_DUNGEN_HIDDEN_NAME,"Unknown"
WORLDMAP_EVENT_DUNGEN_HIDDEN_DESC,"This is an unknown type of monster."
DAY_OF_WEEK_MON,"Monday"
DAY_OF_WEEK_TUE,"Tuesday"
DAY_OF_WEEK_WED,"Wednesday"
DAY_OF_WEEK_THU,"Thursday"
DAY_OF_WEEK_FRI,"Friday"
DAY_OF_WEEK_SAT,"Saturday"
DAY_OF_WEEK_SUN,"Sunday"
DOW_DUNGEON_OPEN,"Unlock"
COMMON_MENU_QUESTIONNAIRE,"Survey"
GUILD_OPTION_CHANGE_APPLIED,"The guild settings have been applied."
COMMON_MY_RESOURCE,"Savings"
UNDERGROUND_DUNGEON,"Stockade"
MATCH_SELECT,"Select Arena"
QUEST_HERO_MISSION_CLEAR,"Hero Mission Complete!"
QUEST_DAILY_MISSION_CLEAR,"Daily Mission Complete!"
QYEST_ACHIEVEMENT_MISSION_CLEAR,"Achievement Mission Complete!"
BATTLE_RETREAT,"Retreat"
UNDERGROUND_DUNGEON_SUNDAY,"Inescapable Dungeon"
HERO_SKILL_LEARN_REQ_LEVEL,"Can learn level {1}"
EVENT_DUNGEON_COMPLETE_TITLE,"Event Dungeon Complete"
CANNOT_POLL_BEFORE_CHAPTER1_CLEAR,"After clearing the first chapter, please complete the survey."
RUNE_EQUIP_ASK_TITLE,"Equip Rune"
COMMON_SURVEY,"Please participate in the survey now!"
SYSTEM_MESSAGE_FGT,"FGT will be in progress until 10 PM on Oct. 4th."
WEEKLY_TEXT_INFO,"You can earn a lot of gold."
EVENT_DUNGEON_COMPLETE_TITLE,"Event Dungeon Complete"
EQUIP_TAG_TYPE_ERROR,"Class Limit"
ASK_QUIT_TITLE,"Quit Game"
ASK_QUIT_MESSAGE,"Do you want to quit King's Raid?"
RESULT_TYPE_INVALID_STEP,"Request error for rewards."
RESCOLLECT_GOLD,"Gold"
CHAT_ACTION_PARTY_CREATED,"{1} has formed a party. (Tap to join.)"
CHAT_ACTION_PARTY_ROOM_CREATED,"{1} has opened a battle. (Tap to join.)"
OPEN_WITH_TEAMLEVEL,"Opens at team level {1}."
DECIDE_RETURN_OR_START,"What do you want to do?"
RETURN_TO_ORIGIN,"To the default position"
START_FROM_HERE,"Start here"
PARTY_TITLE,"Party"
PARTY_INVITE_FROM,"{1}'s party invitation"
PARTY_ASK_ACCEPT_PARTY,"Would you like to join {1}'s party?"
PARTY_ROOM_CREATED,"Battle room creation by {1}"
PARTY_ASK_JOIN_BATTLE,"Would you like to join {1}'s battle?"
BILLING_CANCEL,"Payment has been canceled."
NOT_LEARNED_SKILL,"Unlearned Skills"
LEARN_EXTEND_SKILL,"Acquire Attribute"
CONFIRM_EXTEND_SKILL,"Do you want to acquire the selected attribute?"
NOT_LEARNED_SKILL_MSG,"You have not learned this yet."
SKILL_COOLTIME_DESC,"{1} sec Cooldown"
SKILL_REQ_MANA,"Mana"
DELAYED_BILLING_COMPLETED,"Your payment has been made."
SENDER_NAME_ADMIN,"Manager"
DOWDUNGEON_REWARD_TITLE,"You have forgotten your item."
DOWDUNGEON_REWARD_CONTENT,"I picked up few things, and I wanted to give you the best one!"
SELECT_REWARD_COMPLETED,"You have completed the dungeon and received a reward."
BUY_DUNGEON_PLAY_CHANCE_CONFIRM,"Do you want to drive out the escaped monsters from the Underground Dungeon and get another opportunity for additional rewards?"
CLASS_DESC_WARRIOR,"Warrior"
CLASS_DESC_ARCHER,"Archer"
CLASS_DESC_KNIGHT,"Knight"
CLASS_DESC_WIZARD,"Wizard"
CLASS_DESC_PRIEST,"Priest"
CLASS_DESC_ASSASSIN,"Assassin"
CLASS_DESC_MECHANIC,"Mechanic"
CLASS_TRIAL_DESC,"You can acquire Awakening opportunities for\n{1} class heroes."
CLASS_TRIAL_REMAIN_TIME,"Will close in {1}:{2}"
HERO_TRIAL_STEP,"Ordeal stage {1}"
HERO_CUR_PURIFY_DESC,"Purifying the sealed darkness… [FFFF00]{1}%[-] complete."
CLASS_TRIAL_FORCE_OPEN_CONFIRM,"Do you want to compel entering the dungeon?"
HEROCLASS_TRIAL_MELEE,"Ordeal of Force"
HEROCLASS_TRIAL_TANK,"Ordeal of Justice"
HEROCLASS_TRIAL_THIEF,"Ordeal of Patience"
HEROCLASS_TRIAL_RANGE,"Ordeal of Strategy"
HEROCLASS_TRIAL_MECHANIC,"Ordeal of Fortune"
HEROCLASS_TRIAL_MAGIC,"Ordeal of Wisdom"
HEROCLASS_TRIAL_BUFF,"Ordeal of Harmony"
MOVE_TO_GOLD_SHOP_CONFIRM,"Insufficient Gold. Would you like to go to the shop and buy more Gold?"
PARTY_ASK_INVITE_ROOM,"Would you like to invite {1} to the waiting room?"
MULTIPLAY_LOST_REWARD_ITEM_TITLE,"Unclaimed items from the party dungeon."
MULTIPLAY_LOST_REWARD_ITEM_CONTENT,"Unclaimed items from the party dungeon will be sent by mail."
GUILDSUPPRESS_LOST_REWARD_ITEM_TITLE,"Unclaimed Guild Conquest reward."
GUILDSUPPRESS_LOST_REWARD_ITEM_CONTENT,"Unclaimed Items from the Guild Conquest have been sent by mail.\nGuild Resources have been sent to the Guild."
MONSTER_SUPPRESS,"Conquest"
MONSTER_KILL,"Eliminate"
REMAIN_TIME_MIN_SEC,"{1} min(s) {2} sec(s)"
ACHIEVEMENT_TYPE_GOODS,"Goods"
ACHIEVEMENT_TYPE_ADVENTURE,"Adventures"
ACHIEVEMENT_TYPE_EQUIPMENT,"Gear"
ACHIEVEMENT_TYPE_COMMUNITY,"Community"
ACHIEVEMENT_TYPE_ITEM,"Item"
ACHIEVEMENT_TYPE_CONTENTS,"Content"
ACHIEVEMENT_TYPE_ACCOUNT,"Account"
ACHIEVEMENT_TYPE_GUILD,"Guild"
ACHIEVEMENT_TYPE_GAMEPLAY,"Process"
CHAPTER_BASE,"{1} Temporary Base"
NODE_NUMBER,"Node Number {1}"
SAVE_BASE_LOCATION_CONFIRM,"Save the current location as the temporary base.\n{1}"
WORLDMAP_CHAPTER_NAME,"Chapter {1}, {2}"
SELECT_PORTAL,"Select Portal"
DUNGEON_HERO_COUNT,"(Heroes: {1})"
EQUIPITEM_GRADE_1,"Common Gear"
EQUIPITEM_GRADE_2,"Uncommon Gear"
EQUIPITEM_GRADE_3,"Rare Gear"
EQUIPITEM_GRADE_4,"Heroic Gear"
EQUIPITEM_GRADE_5,"Ancient Gear"
EQUIPITEM_GRADE_6,"Legendary Gear"
ITEM_GRADE_1,"Common"
ITEM_GRADE_2,"Uncommon"
ITEM_GRADE_3,"Rare"
ITEM_GRADE_4,"Heroic"
ITEM_GRADE_5,"Ancient"
ITEM_GRADE_6,"Legendary"
ITEM_GRADE_90,"Unique"
ITEM_GRADE_100,"Unique"
ITEM_TYPE_UPGRADEBOOK,"Skill Book"
ITEM_TYPE_RUNE,"Runes"
ITEM_TYPE_AWAKECHALLENGE,"Fragments of Awakening"
EQUIP_ASK_UNLOCK_SECOND_GEAR_EQUIP,"Do you want to open a secondary gear slot?"
BUY_STAMINA_CONFIRM,"Do you want to buy stamina?"
RECOVER_AMOUNT,"{1} recovered"
PARTY_BATTLE_CREATE_FAIL,"You are not in a party or there is an ongoing battle."
LOADING_MSG,"Loading"
PARTY_BATTLE_ALL_LOGOFF,"All players have completed the battle."
MULTIPLAY_BATTLE_WAITING_USER,"Waiting for other players."
ASK_PACKAGE_ITEM_USE,"Do you want to use the item?"
PACKAGE_ITEM_REWARD_TITLE,"Package Reward"
PARTY_BATTLE_READY,"Prepare Battle"
PARTY_BATTLE_CANCEL_READY,"Back"
VISIT_REWARD_TITLE,"Visit Reward"
PARTY_BATTLE_LEAVE_ASK_MESSAGE,"Do you want to leave the waiting room?"
PARTY_BATTLE_ROOM_DESTROYED,"Waiting room has been canceled."
FRIEND_IS_IN_PARTY,"You are in a party with this friend."
NOT_PARTY_MASTER,"You are not the party leader."
NO_BATTLE_SERVER,"There is no battle server available."
BUY_STAMINA_COUNT,"{1} Stamina"
REWARD_GET_ITEM_BOOSTER_EFFECT,"Increases number of battle reward items by {1}%."
PRODUCT_BUY_COMPLETED_MAIL_CONFIRM,"Successfully purchased. Please check your mailbox."
DAILY_RUBY_COUNT,"Daily Ruby"
DAILY_RUBY_COUNT2,"Daily Ruby 2"
ALL_INCLUDE_TEXT,"All {1}"
SENDER_NAME_SHOP_ADMIN,"Shop Manager"
PAYSHOP_PURCHASE_TITLE,"You have already purchased this item."
PAYSHOP_MILEAGE_TITLE,"Mileage will be sent when purchases are made in the Shop."
PAYSHOP_PURCHASE_CONTENT,"Thanks for your purchase."
BOOSTER_DURATION_TIME,"Lasts for 1 hour"
RUBY_FIRST_BUY_BENEFIT,"100% Bonus Rubies!\nMonthly First Purchase Bonus!"
RUBY_COUNT_1000,"1,000 Rubies"
RUBY_COUNT_2000,"2,000 Rubies"
RUBY_COUNT_5000,"5,000 Rubies"
RUBY_COUNT_10000,"10,000 Rubies I"
RUBY_COUNT_10000_2,"10,000 Rubies II"
SERVER_SHUTDOWN_MESSAGE_SECOND,"Server will shut down in {1} second(s)."
SERVER_SHUTDOWN_MESSAGE_MINUTE,"Server will shut down in {1} minute(s)."
CANNOT_OPEN_PORTAL_MIN_NODE,"You can use this after completing {1}-{2} area."
SWEEP_MONSTER,"Elimination"
SWEEP_MONSTER_AGAIN_CONFIRM,"Eliminate your remaining enemies to get extra rewards!"
INVESTIGATE_UNDERGROUNDPRISON_CONFIRM,"Monsters are reportedly conspiring to escape the prison!\nBlock the plan and receive rewards!"
DUNGEON_REWARD_TITLE,"Lost Underground Dungeon Items"
DUNGEON_REWARD_CONTENT,"We are returning the lost items we found in the Underground Dungeon."
DAILY_RUBY_TITLE,"Daily Ruby!"
DAILY_RUBY_CONTENT,"Here come the Rubies!"
EVENT_REWARD_TITLE,"Event Reward"
EVENT_REWARD_CONTENT,"Your event reward has arrived."
RECHARGE_STAMINA_SECOND_DESC,"Recover 1: {1} sec"
RECHARGE_STAMINA_FULL_REMAIN_TIME,"Recover All: {1}"
DAILYRUBY_FIRST_BUY_BENEFIT,"First purchase bonus!\nGet 500 Rubies now!"
REWARD_CHOICE,"Select one"
CLASS_TRIAL_FORCE_OPEN,"Force Open"
CHALLENGE_TRIAL_HERO_SELECT,"Select a hero to undertake the awakening ordeal."
TRIAL_CONTINUE,"Continue"
ENTER_DUNGEON_ITEM_DESC,"Unseal the door to enter the Room of Ordeals."
HERO_PURIFY_DESC,"Purify the inner darkness.\nTo become stronger...\n - Lua -"
CLASS_TRIAL_SELECT,"Select Ordeal"
TOUCH_SCREEN_CLOSE_WINDOW,"Tap anywhere on the screen to continue."
TEAM_LEVEL_DAILY_STAMINA_BONUS,"Daily Stamina Bonus"
TEAM_LEVEL_DAILY_ROYAL_SUPPORT_GOLD,"Daily Royal Funds"
UI_ENTER_CHANNEL_NO,"Enter the channel number to enter.\n(1-9999)"
CHANGE_AVATAR_HERO,"Change Leader Hero"
COMMON_DETAIL_INFO,"More Info"
MENU_OFFICIAL_FACEBOOK,"Official Facebook"
SWEEP_MONSTER_READY,"Engage"
OPENED_UNDERGROUNDPRISON_DESC,"[FAC800]Monsters are on a rampage!\nSuppress the unruly monsters.[-]"
SWEEP_MONSTER_AGAIN,"Open"
CLEAR_UNDERGROUNDPRISON_DESC,"[C8FA00]The troubling monsters have\nall been wiped out.[-]"
INVESTIGATE_UNDERGROUNDPRISON,"Area Search"
CLOSE_UNDERGROUNDPRISON_DESC,"[C8C8C8]Very suspicious moves are\nbeing detected.[-]"
DAILY_EVENT_QUEST,"Event Quest"
PRODUCT_SELL_PERIOD,"Period: {1} - {2} days"
PRODUCT_PURCHASABLE_COUNT,"(Can buy x {1})"
SIGN_OUT_MESSAGE,"If you withdraw from the game, your account cannot be restored. \nAre you sure you want to withdraw?"
NODE_TEMPLE_NAME,"Hall of Heroes"
SIGN_OUT_TITLE,"Leave"
PACKAGE_EVENT_POPUP_TITLE,"Limited Time Sales!"
PACKAGE_EVENT_POPUP_MESSAGE,"Grab the chance to buy {1} {2} at a lower price."
EQUIP_INVENTORY_MOVE,"To Inventory"
QUERY_INVENTORY_ERROR,"An error occurred while viewing product information. ({1})"
HERO_GET,"Hero Achieved!"
HERO_AWAKENING,"Hero Awakened!"
RECEIVED_ALL_MAILS,"You have received {1} attachments from all messages."
INVENTORY_ADD_SLOT,"Inventory increased by {1} slots."
ITEM_USE_BOOSTER,"Used {1}."
BUFF_REMAINING_TIME,"Time Left: {1} d {2} h {3} m"
STAMINA_RECOVERY,"{1} recovered {2}."
ITEM_USE_BUFF,"{1} effect applied."
ROYAL_QUEST_NOT_EXIST,"The royal quest does not exist."
NOTY_FRIEND_ACCEPT,"Friend request accepted."
NOTY_FRIEND_ADD_APPLY,"Friend request sent."
NOTY_FRIEND_DELETE,"Removed friend from the list."
NOTY_EQUIP_SORT,"Preferred Align  {1}"
NOTY_ITEM_SELL,"Sold {1} and received {2} Gold."
SKILL_BOOK_LACK,"Insufficient\nSkill Books"
SKILL_NOT_LEARNING,"Unable to Learn"
NOTIFICATION.NOTIFICATION_STAMINA_TITLE_7,"Here is some King's Raid stamina for you."
NOTIFICATION.NOTIFICATION_STAMINA_TITLE_12,"Here is some King's Raid stamina for you."
NOTIFICATION.NOTIFICATION_STAMINA_TITLE_18,"Here is some King's Raid stamina for you."
NOTIFICATION.NOTIFICATION_STAMINA_TITLE_22,"Here is some King's Raid stamina for you."
NOTIFICATION.NOTIFICATION_STAMINA_BODY_7,"Log on now to get stamina."
NOTIFICATION.NOTIFICATION_STAMINA_BODY_12,"Log on now to get stamina."
NOTIFICATION.NOTIFICATION_STAMINA_BODY_18,"Log on now to get stamina."
NOTIFICATION.NOTIFICATION_STAMINA_BODY_22,"Log on now to get stamina."
NOTIFICATION.NOTIFICATION_STAMINA_TICKER_7,"Here is some King's Raid stamina for you."
NOTIFICATION.NOTIFICATION_STAMINA_TICKER_12,"Here is some King's Raid stamina for you."
NOTIFICATION.NOTIFICATION_STAMINA_TICKER_18,"Here is some King's Raid stamina for you."
NOTIFICATION.NOTIFICATION_STAMINA_TICKER_22,"Here is some King's Raid stamina for you."
CHAPTER_SELECTING,"World Map"
SHOP_BOUGHT_MSG,"Bought {2} {1}"
ITEM_SOLD_MSG,"Sold items and earned {1} Gold."
PARTY_JOINED_MSG,"Joined party."
PARTY_BANNED_MSG,"Kicked out from party."
PORTAL_SELECTING,"Chapter Map"
CHAPTER_LIST,"Chapter List"
NPC_RESTOCK_SHOP_ITEM_MSG,"Come back for new products any time."
SHOP_BUY_WITH_GOLD,"Thank you for your purchase."
SHOP_RESTOCK_MSG,"New items have been added to the store. Visit the shop again to check out the new items."
TOWER_REMAIN_TIME,"{1} h {2} m"
TOWER_RESET_MESSAGE,"Do you want to reset the tower?"
TOWER_FLOOR_NUMBER_1,"Floor 1"
TOWER_FLOOR_NUMBER_2,"Floor 2"
TOWER_FLOOR_NUMBER_3,"Floor 3"
QUEST.REWARD_TEAM_EXP,"Team XP {1}"
QUEST.OCCUR_QUEST_COUNT,"Quest Started ({1})"
QUEST.COMPLETE_QUEST_COUNT,"Quest Completed ({1})"
QUEST.BUTTON_NPC_QUEST,"Quest ({1})"
QUEST.COMPLETE_QUEST_MSG,"Quest Completed!"
QUEST.COMPLETE_POSITION,"Completed location: {1}"
HERO_PURIFY.PURIFY_PERCENT,"Purify [FFC800]{1}%[-]"
GAME_OPTION.LINKACCOUNT_GAMECENTER,"Would you like to connect to Game Center?"
GAME_OPTION.LINKACCOUNT_FACEBOOK,"Would you like to connect to Facebook?"
GAME_OPTION.LINKACCOUNT_GPGS,"Would you like to connect to Google Play?"
GAME_OPTION.LINKACCOUNT_WARNING,"Please note that it cannot be disconnected upon connecting."
GAME_OPTION.LINKACCOUNT_VESPA,"Do you wish to link your King's Raid account?\nOnce linked, the account cannot be unlinked."
GAME_OPTION.COPY_ACCOUNT_ID,"Game ID has been copied to clipboard."
QUEST.ALREADY_IN_MOVEPOSITION,"Already in the corresponding position."
TOWER_FLOOR_NUMBER,"Floor {1}"
COMMON_MAIN_REWARD,"Main Reward"
TOWER_ORDEAL_NETX_FLOOR,"Next Floor"
TOWER_ORDEAL_PREVIOUS_FLOOR,"Previous Floor"
TOWER_RESET_TITLE,"Reset Tower"
PIT_RESET,"Reset Pit"
COMMON_MY_FRAGMENT,"Fragments Owned"
TOWER_ORDEAL_FRAGMENT_MESSAGE,"You can see what you lack when you select a hero who lacks fragments."
TOWER_PURIFY_FRAGMENT_MESSAGE,"The gauge that covers the hero gradually fills as the darkness becomes purified."
CONTENT_TOWER_OF_ORDEAL,"Tower of Ordeals"
TOWER_ORDEAL_LACK_FRAGMENT,"Not enough fragments"
TOWER_ORDEAL_NEED_FRAGMENT,"Required Fragments"
QUEST_OCCURRENCE,"Quest Started"
PIT_RESET_MESSAGE,"Are you sure you want to reset the pit and start from level 1?"
TOWER_ORDEAL_RESET_MESSAGE,"Do you want to reset the tower?"
QUEST_LIST_NOT_FOUND,"You do not have any active quests."
SHOP_ITEM_BEY,"Bought {2} {1}"
PIT_HERO_CONDITION_EXHAUSTED,"You are exhausted."
PORTAL_POINT_START,"Starting Point"
PORTAL_POINT_END,"Final Point"
QUEST.QUEST_NOTICE_OCCURRED,"Quest Started!"
QUEST.QUEST_NOTICE_COMPLETED,"Quest Goals Completed!"
ACCOUNT_LOGIN_GUEST_MESSAGE,"You have logged on as a Guest. If you delete the game, all information on your account will be permanently deleted and you cannot recover it. Link your account now to secure your information!"
CHATTING.CHAT_REMAIN_ENABLE_TIME,"Can send in {1} seconds."
ACCOUNT.SESSION_EXPIRED_AND_ENTER_LOGIN,"Session has expired. Going back to the Login screen."
ACCOUNT.SESSION_EXPIRED_AND_ENTER_LOBBY,"Session has expired. Going back to the Lobby."
HERO_CLASS.CLASS_ATTRIBUTE,"Class"
HERO_ATTRIBUTE.ATTACK_ATTRIBUTE,"ATK Type"
HERO_ATTRIBUTE.BATTLE_POSITION,"Position"
CHAPTER_REWARD.REWARD_CLEAR_CHAPTER_TITLE,"Clear {1} ({2})"
CHAPTER_REWARD.CHAPTER_CLEAR_TITLE,"Clear {1} {2}/{3}"
ITEM.NOT_BREAKABLE,"Unable to Grind"
COMMON.MILEAGE_COUNT,"{1} Mileage"
INVEN_USE_STAMINA,"{1} is lacking.\nSelect an item to use and the number."
ENTER_ARENA,"You have used up all your Arena tickets.\nDo you want use to 10 Rubies to enter?"
COMMON.STAMINA_COUNT,"Max Stamina up by {1}"
TOOLTIP_INFO_CURRENT_LEVEL_STAMINA,"Level Stamina: {1}"
TOOLTIP_INFO_BONUS_STAMINA,"Bonus Stamina: {1}"
TOOLTIP_INFO_TOTAL_STAMINA,"Total Stamina: {1}"
ALLRECHARGE_TIME_ANOTHER,"Charge All"
RECHARGE_TIME_ANOTHER,"Charge 1"
SPEND_RUBY_RECHARGE,"※ Use {1} Rubies to charge"
DISABLE_RUBY_RECHARGE,"*Cannot recharge using Rubies."
ITEM_ACTION_TYPE.GET_HERO_EXP,"Hero XP +"
CHANGING_SERVER,"Will sync server data in {1} sec."
HEROCHOICE_GET_FRAGMENT,"Claim Fragment"
HEROCHOICE_FRAGMENT,"Fragments necessary for growth\nshall be paid to the heroes who have already."
HEROCHOICE_REWARD,"For Heroes you've already acquired,\nthe following rewards will be given instead."
HEROCHOICE_LOOK_HERO,"For more detailed hero information, please tap the hero's portrait."
ITEM_TYPE.POTION,"Potion"
LOSE_GUIDE_TITLE,"Try again after you make your heroes stronger!\nThere are a lot of ways to upgrade your hero."
LOSE_GUIDE_DESC_1,"Awaken your heroes!\nYou can get fragments from upper dungeons to awaken heroes."
LOSE_GUIDE_DESC_2,"Try stages at higher levels of difficulty!\nYou can get better gear."
LOSE_GUIDE_DESC_3,"Try enhancing your Hero's Gear\nusing Gold!"
LOSE_GUIDE_DESC_4,"Level up your heroes!\nThis can be done by gaining XP or using XP potions."
REMAIN_TIME_DAY_HOUR,"{1} d {2} h remaining"
REMAIN_TIME_DAY_HOUR_MINUTE,"{1} d {2} h {3} m remaining"
REMAIN_TIME_HOUR_MINUTE,"{1} h {2} m remaining"
REMAIN_TIME_MINUTE_SECOND,"{1} m {2} s remaining"
RAID.ASK_RESET_MESSAGE,"Do you want to use Rubies\nto reset the raid?"
CHALLENGE_RESET_TITLE,"Reset Number of Challenges"
CHALLENGE_RESET_MESSAGE,"Do you want to use Rubies\nand reset the number of times you can challenge?"
CHALLENGE_RECHARGE_MESSAGE,"Use Rubies\nto add the challenge chances?"
RECHARGE_ARENATICKET_MESSAGE,"You have used up all the tickets for Arena.\nDo you want to charge {1} tickets?"
RECHARGE_ARENATICKET,"Charge"
STAMINA_RECHARGE_MESSAGE,"There is no stamina recharge item in your Inventory.\nDo you want to use {1} Rubies\nto charge stamina immediately?"
MOVE_BAG,"Go to Inventory."
MOVE_BAG_CRAFT,"Move to the Crafting Tab"
MOVE_BAG_CRAFT_MESSAGE_1,"Will you move to the Crafting Tab?"
MOVE_BAG_CRAFT_MESSAGE_2,"Not enough Fragments for crafting. Will you still move to the Crafting Tab?"
OPEN_FUNCTION_MESSAGE,"{1} has been unlocked!"
OPEN_PAYSHOP_HEROBUTTON,"Special Shop Hero List"
UPPERDUNGEON_RESET_MESSAGE1,"You can use Rubies to charge {1} tickets\nDo you want to start charging?"
UPPERDUNGEON_RESET_MESSAGE2,"Upon every re-charge, the # of required rubies increase up to 5 times a day, and resets every midnight."
MATERIAL_ITEM,"Material Item"
CRAFT_ITEM,"Crafted Item"
INVENTORY_ITEM_COUNT,"Fragments in hand"
CRAFT_ITEM_COUNT,"Stones Created"
CRAFT_ITEM_MESSAGE1,"1000 Fragments of Infinity makes 1 Stone of Infinity."
COMMON.TIME_SECOND,"{1} sec"
EQUIP_PART_TYPE.ORB,"Orb"
EQUIP_PART_TYPE.ARTIFACT,"Artifact"
EQUIP.EQUIP_ASK_UNLOCK_EQUIP,"Do you want to unlock a gear slot?"
EQUIP.EQUIP_UNLOCK_REQ_HERO_LEVEL,"Your hero's level is not high enough.\nYou may unlock the slot at level 50."
WORLDBOSS_TITLE,"World Boss"
WORLDBOSS_REWARD,"World Boss Clearance Reward"
WORLDBOSS_REWARD_MESSAGE1,"Here is the reward description for clearing a World Boss."
WORLDBOSS_GUILD_NAME,"Guild Name: {1}"
WORLDBOSS_GUILD_RANKING_NUM,"Guild Ranking: {1}"
WORLDBOSS_GUILD_DAMAGE,"Guild Total Damage: {1}"
WORLDBOSS_JOIN_NUM,"Participation Record: {1}"
WORLDBOSS_SINGLE_RANKING_NUM,"Individual Ranking: {1}"
WORLDBOSS_SINGLE_DAMAGE,"Individual Total DMG Dealt: {1}"
WORLDBOSS_INFORMATION,"World Boss Info"
WORLDBOSS_TIME1,"Time remain: {1}d {2}h {3}m"
WORLDBOSS_TIME2,"Time remain: {1}h {2}m"
WORLDBOSS_IN,"World Boss Entry"
WORLDBOSS_REWARD_TIME,"Claim Reward in {1} hour(s)"
WORLDBOSS_CONDITION1,"Open Monday/Lv. 60 or higher"
WORLDBOSS_CONDITION2,"Open Sunday/Lv. 40 or higher"
WORLDBOSS_CONDITION3,"Open Saturday/Lv. 20 or higher"
WORLDBOSS_GUILD_RANKING,"Guild Ranking"
WORLDBOSS_SINGLE_RANKING,"Individual Ranking"
WORLDBOSS_MY_INFO,"My Profile"
WORLDBOSS_DESC1,"You have 5 attempts a day with the World Boss. The World Boss gets weaker over time."
WORLDBOSS_DESC2,"The World Boss's condition becomes most vulnerable on the 6th day, which enables additional battle progression using Rubies."
WORLDBOSS_REWARD_INFO,"Reward Info"
WORLDBOSS_BATTLE_READY,"Prepare for Battle ({ 1 }/{ 2 })"
WORLDBOSS_PLAYER_INFO,"Player's Info"
WORLDBOSS_PLAYER_DETAIL_INFO,"Detailed Info"
WORLDBOSS_PLAY_KILL_REWARD,"Progression and Clearance Rewards"
WORLDBOSS_PLAY_REWARD,"Progression Reward"
WORLDBOSS_PLAY_REWARD_MESSAGE1,"This is a reward you can acquire every time you make progress with the World Boss."
WORLDBOSS_PLAY_REWARD_MESSAGE2,"The quantity of gold will be in proportional to the damage inflicted on the World Boss for each progression attempt."
WORLDBOSS_KILL_REWARD,"Clearance Reward"
WORLDBOSS_KILL_REWARD_GUILD,"Guild Player"
WORLDBOSS_KILL_REWARD_SINGLE,"Individual Player"
WORLDBOSS_KILL_REWARD_GUILD_MESSAGE1,"500 additional rewards delivered to all guild members"
WORLDBOSS_KILL_REWARD_SINGLE_MESSAGE1,"1000 additional rewards delivered"
WORLDBOSS_GUILD_RANKING_REWARD,"Guild Ranking Reward"
WORLDBOSS_SINGLE_RANKING_REWARD,"Individual Ranking Reward"
WORLDBOSS_GUILD_RANKING_REWARD_MESSAGE1,"Deliver {1} {2} to all guild members"
WORLDBOSS_SINGLE_RANKING_REWARD_MESSAGE1,"Deliver {1} {2}"
WORLDBOSS_PLAY_KILL_MESSAGE1,"You cannot proceed for the World Boss has already been cleared."
WORLDBOSS_PLAY_KILL_MESSAGE2,"The World Boss was cleared by another player."
WORLDBOSS_PLAY_MESSAGE1,"If you quit, you cannot claim your reward and the damage cannot be saved."
GUILD_RAID.GUILDRAID_CONTRIBUTE_RANK_REWARD,"Reward for being ranked No.{1}"
GUILD_RAID.GUILDRAID_CONTRIBUTE_REST_RANK_REWARD,"Reward for being ranked below No.{1}"
GUILD_RAID.GUILDRAID_INITIALIZED,"Guild-Raid: Time-out. Going back to the beginning."
GUILD_RAID.GUILDRAID_COMPLETED,"You have succeeded in the Guild-Raid!"
TOWER.TOWER_REQ_CHAPTER_NOT_CLEARED,"Clear Chapter {1}.\nIt will disclose the next chapter stages."
HERO.HERO_MAX_LEVEL_INCREASED,"Max Lv."
PAY_SHOP.RESET_DAYOFMONTH_DESC,"Purchase count is reset on {1} of every month."
PAY_SHOP.RESET_PURCHASE_COUNT_BEFORE_TIME,"Reset in {1}"
COMMON.TIME_DAY,"{1}d"
COMMON.TIME_HOUR,"{1}h"
COMMON.TIME_MINUTE,"{1}m"
CHALLENGE_TOWER_RESET_MESSAGE,"Will you consume {1}rubies\nand charge tickets for more attempts to the Tower of Challenge?"
UPPERDUNGEON_NOT_OPEN,"You have to reach stage 1-16!"
CONTENTS_ENTER_IMPOSSIBLE,"You cannot enter anymore today."
PARTY_BATTLE.CANNOT_WHILE_READY,"Please release the battle prep switch. "
BATTLE.CANNOT_INSERT_MORE,"The deck is full. "
MATCH.MATCH_BATTLE_CANCELED,"Battle has been canceled."
PARTY.PARTY_MEMBER_LEFT,"{1} has left the Party."
HERO_LEVEL_REWARD_TITLE,"Hero Level Upgrade Reward"
HERO_LEVEL_REWARD_CONTENT,"This is compensation for {1}'s level change from {2} to {3}."
GLOBAL_NOTIFY_HERO_STAR_4,"[FF6161]{1}[-] has reached 4 star {2}."
GLOBAL_NOTIFY_HERO_STAR_5,"[FF6161]{1}[-] has reached 5 star {2}."
GLOBAL_NOTIFY_GET_EQUIP_ITEM,"[FF6161]{1}[-] has gained {2}{3}:{4}."
GLOBAL_NOTIFY_UPGRADE_EQUIP_ITEM,"[FF6161]{1}[-] has enhanced {2}{3}:{4} to {5} star."
GLOBAL_NOTIFY_KILL_WORLDBOSS,"[FF6161]{1}[-] has defeated {2}."
EMOTI_ATTACK,"[FFFACD]{1} requests Attack.[-]"
EMOTI_HEAL,"[FFFACD]{1} requests Healing.[-]"
EMOTI_CC,"[FFFACD]{1} requests Crowd Control.[-]"
REPEATBATTLE_STOP,"End Repeat"
REPEATBATTLE_ON_GOING,"Auto Repeat in progress"
REPEATBATTLE_START,"Auto Repeat"
REPEATBATTLE_INFORM,"Repeat Battle ends when the following occurs.\n1. Not enough Stamina.\n2. When Inventory is full \n3. When the battle is lost\n4. When End Repeat Battle is pressed \nWill you begin Repeat Battle?"
REPEATBATTLE_INFORM_MULTI,"Repeat Battle will end under the following conditions:\n1. If the Room Master does not have enough entries.\n2. If the Inventory of the Room Master or Party members is full.\n3. If the Room Master or Party member leaves the room.\n4. If the Room Master ends Repeat Battle.\nDo you want to begin Repeat Battle?"
REPEATBATTLE_MULTI_SELECT,"When Repeat Battle is selected, the party repeatedly enters the dungeon as long as the entire party meets the entry requirements."
REPEATBATTLE_TITLE,"Repeat Battle ends when the following occurs."
REPEATBATTLE_DESC,"1. Not enough Stamina.\n2. When Inventory is full \n3. When the battle is lost\n4. When End Repeat Battle is pressed"
REPEATBATTLE_CONFIRM,"Do you want to begin Repeat Battle?"
REPEATBATTLE_CANCEL,"Repeat Battle has been canceled."
REPEATBATTLE_MULTI_CANCEL_FAIL,"Only the room leader can cancel Repeat Battle."
REPEATBATTLE_MULTI_CANCEL,"Repeat Battle will end since {1} can't enter the dungeon."
REPEATBATTLE_FAIL_STAMINA,"Auto Repeat will end due to insufficient stamina."
REPEATBATTLE_FAIL_INVENTORY,"Auto Repeat will end due to full inventory."
REPEATBATTLE_FAIL_LOSE,"Auto Repeat will end due to Battle Loss."
REPEATBATTLE_FAIL_TICKET,"Auto Repeat has ended due to insufficient tickets."
REPEATBATTLE_FAIL_CHALLENGE,"Auto Repeat has been stopped due to insufficient cubes. \nPlease wait until your cubes are charged."
REPEATBATTLE_FAIL_LABYRINTHKEY,"Auto Repeat has ended due to insufficient keys."
REPEATBATTLE_INFORM_BY_BOOSTER,"Loot x2 effect will apply. Select the number of rounds you wish to play."
REPEATBATTLE_MULTI_BOOSTER_COUNT,"Used {1} time(s)"
REPEATBATTLE_MULTI_DISABLE_CONTENTS,"This function cannot be used during Auto Repeat."
BOOSTER_ONETIME_REWARD_INSUFFICIENT_RUBY,"Insufficient Rubies."
EMOTI_DEFENSE,"[FFFACD]{1} requests Defense.[-]"
SIGN_OUT_MESSAGE2,"If you withdraw from the game, Write following message."
SIGN_OUT_CONFIRM,"I agree to delete my account"
GUILD.GUILD_CHAT_KICKED,"{1} was kicked from the guild."
AUTO_REPEAT_BATTLE.AUTO_REPEAT_BATTLE_FAILED_EVENT_MAX_COUNT,"Due to insufficient entry tickets, Repeat Battle has been discontinued."
BILLING.INPROCESSING_PURCHASE_EXIST,"There is an unfinished payment session in progress.\n Moving to payment description scene."
BILLING.SCENE_ERROR_DISABLE,"An error occurred. Shutting down In-app payment."
BILLING.SCENE_ERROR_IAPINFONOTFOUND,"Cannot find payment information."
BILLING.SCENE_ERROR_DBSELECTERROR,"Internal Error"
BILLING.GOOGLEPURCHASE_FAILED,"Error occurred during Google Play payment session.\n If payment occurred, please restart app."
BILLING.GOOGLECONSUME_FAILED,"An error occurred while processing Google Play purchase."
BILLING.RESUMEBILLING_NEXT,"Processing incomplete purchases."
BILLING.RESUMEBILLING_END,"All incomplete purchases have been completed."
BILLING.SCENE_CS_MESSAGE,"If an error occurs during processing or if the process stops, please screenshot said screen and send the photo to\nCS_EN@vespainteractive.com\n via e-mail."
BILLING.SCENE_SKIP_AND_GAMEPLAY_MSG,"Moving to Game Play Screen.\nIf Purchase Error is not solved\ncertain products may not be purchasable."
BILLING.SCENE_SKIP_AND_GAMEPLAY_BUTTON,"Ignore and Play Game"
BILLING.PURCHASE_ERROR,"Purchase Error"
BILLING.GOOGLE_QUERYINVENTORY_FAILED,"Failed to load Google Play product info.\nThis may be a temporary error, please retry again."
BILLING.APPLE_QUERYINVENTORY_FAILED,"Failed to load product info from AppStore.\nThis may be a temporary error, please retry again."
BILLING.APPLE_FINISHTRANSACTION_FAILED,"Error occured in Appstore before purchase was completed."
BILLING.APPLE_PURCHASE_FAILED,"Error occured in Appstore during purchase.\nIf purchase was completed, please reload the game."
BILLING.SCENE_DISABLE_AND_GAMEPLAY_MSG,"Shuts down in-app payment and continues the game. Restarting will re-initialize payment."
BILLING.SCENE_DISABLE_AND_GAMEPLAY_BUTTON,"Shut down payment and continue gameplay"
HERO.HERO_NOTIFY_TRANSCEND_PURIFY,"Purification for Transcendence in progress."
GLOBAL_NOTIFY_HERO_TRANSCEND_1,"[FF6161]{1}[-] has achieved Transcendence 1 for {2}"
GLOBAL_NOTIFY_HERO_TRANSCEND_2,"[FF6161]{1}[-] has achieved Transcendence 2 for {2}"
SHOP.COSTUME_BOUGHT_MSG,"Bought {1}."
COSTUME.COSTUME_BUY_GEM_TITLE,"Buy with Rubies"
COSTUME.COSTUME_BUY_GOLD_TITLE,"Buy with Gold"
COSTUME.COSTUME_BUY_MILEAGE_TITLE,"Buy with Mileage"
COSTUME.COSTUME_BUY_TITLE,"Buy Costume"
COSTUME.COSTUME_BUY_GEM_CONFIRM_MSG,"Buying this Costume costs Rubies.\nWill you buy this Costume?"
COSTUME.COSTUME_BUY_GOLD_CONFIRM_MSG,"Buying this Costume costs Gold.\nWill you buy this Costume?"
COSTUME.COSTUME_BUY_MILEAGE_CONFIRM_MSG,"Buying this Costume costs Mileage.\nWill you buy this Costume?"
RAID_ROOM_LIST_RESET,"Refresh"
PARTY.PARTY_JOIN_BANNED_ROOM,"You cannot rejoin a room you have been kicked from."
DELETE_FRIEND_BUTTON,"Delete Friend"
BLOCK_USER_BUTTON,"Block User"
UNBLOCK_USER_BUTTON,"Unblock User"
INVITE_RAID_BUTTON,"Invite to Raid"
GAME_OPTION.BLOCK_USER_MESSAGE,"Will you block {1}?"
GAME_OPTION.UNBLOCK_USER_MESSAGE,"Will you unblock {1}?"
GAME_OPTION.BLOCK_USER_MESSAGE_CENTER,"{1}'s messages were blocked."
GAME_OPTION.UNBLOCK_USER_MESSAGE_CENTER,"{1}'s messages were unblocked."
INVEN_USE_STAMINA2,"Recharging Stamina.\nChoose an item and the number of uses."
COSTUMECHOICE_LOOK_COSTUME,"To look at the costume in more detail, touch it!"
CHATTING.CHAT_CHANNEL_IS_FULL,"This channel is full."
GUILDRAID_FINALIZE_EASY_REWARD_TITLE_C,"Guild Raid Reward(Individual damage) distributed"
GUILDRAID_FINALIZE_EASY_REWARD_TITLE_B,"Guild Raid Reward(Individual damage) distributed"
GUILDRAID_FINALIZE_EASY_REWARD_TITLE_A,"Guild Raid Reward(Individual damage) distributed"
GUILDRAID_FINALIZE_EASY_REWARD_TITLE_S,"Guild Raid Reward(Individual damage) distributed"
GUILDRAID_FINALIZE_EASY_REWARD_TITLE_SS,"Guild Raid Reward(Individual damage) distributed"
GUILDRAID_FINALIZE_EASY_REWARD_TITLE_SSS,"Guild Raid Reward(Individual damage) distributed"
GUILDRAID_FINALIZE_EASY_REWARD_TITLE_C,"Guild Raid Reward(Individual damage) distributed"
GUILDRAID_FINALIZE_EASY_REWARD_TITLE_B,"Guild Raid Reward(Individual damage) distributed"
GUILDRAID_FINALIZE_EASY_REWARD_TITLE_A,"Guild Raid Reward(Individual damage) distributed"
GUILDRAID_FINALIZE_EASY_REWARD_TITLE_S,"Guild Raid Reward(Individual damage) distributed"
GUILDRAID_FINALIZE_EASY_REWARD_TITLE_SS,"Guild Raid Reward(Individual damage) distributed"
GUILDRAID_FINALIZE_EASY_REWARD_TITLE_SSS,"Guild Raid Reward(Individual damage) distributed"
GUILDRAID_FINALIZE_EASY_REWARD_CONTENT_C,"Guild Raid Individual Damage Reward (C Grade Box) has been distributed."
GUILDRAID_FINALIZE_EASY_REWARD_CONTENT_B,"Guild Raid Individual Damage Reward (B Grade Box) has been distributed."
GUILDRAID_FINALIZE_EASY_REWARD_CONTENT_A,"Guild Raid Individual Damage Reward (A Grade Box) has been distributed."
GUILDRAID_FINALIZE_EASY_REWARD_CONTENT_S,"Guild Raid Individual Damage Reward (S Grade Box) has been distributed."
GUILDRAID_FINALIZE_EASY_REWARD_CONTENT_SS,"Guild Raid Individual Damage Reward (SS Grade Box) has been distributed."
GUILDRAID_FINALIZE_EASY_REWARD_CONTENT_SSS,"Guild Raid Individual Damage Reward (SSS Grade Box) has been distributed."
GUILDRAID_FINALIZE_EASY_REWARD_CONTENT_C,"Guild Raid Individual Damage Reward (C Grade Box) has been distributed."
GUILDRAID_FINALIZE_EASY_REWARD_CONTENT_B,"Guild Raid Individual Damage Reward (B Grade Box) has been distributed."
GUILDRAID_FINALIZE_EASY_REWARD_CONTENT_A,"Guild Raid Individual Damage Reward (A Grade Box) has been distributed."
GUILDRAID_FINALIZE_EASY_REWARD_CONTENT_S,"Guild Raid Individual Damage Reward (S Grade Box) has been distributed."
GUILDRAID_FINALIZE_EASY_REWARD_CONTENT_SS,"Guild Raid Individual Damage Reward (SS Grade Box) has been distributed."
GUILDRAID_FINALIZE_EASY_REWARD_CONTENT_SSS,"Guild Raid Individual Damage Reward (SSS Grade Box) has been distributed."
BILLING.ONESTORE_PURCHASE_FAILED,"OneStore Purchase has failed"
BILLING.ONESTORE_PURCHASE_FAILED,"Error occurred during OneStore payment session.\n If payment occurred, please restart app."
BILLING.ONESTORE_CONSUME_FAILED,"An error occurred while processing OneStore purchase."
MATCH_FRIENDLY,"Friendly Duel"
MATCH_INVITE_MESSAGE,"Will you invite {1} to a duel?"
MATCH_INVITE_WAIT_1,"Waiting for request result."
MATCH_INVITE_WAIT_2,"Remaining time: {1} sec"
MATCH_FAIL_OFFLINE_USER,"This user is currently offline."
MATCH_INVITE_YOU,"Duel Request sent."
MATCH_CANCEL_1,"Duel has been canceled due to deck configuration time expiration."
MATCH_CANCEL_2,"Duel has been canceled."
MATCH_WAITING,"Opponent is currently selecting Heroes."
MATCH_REPLAY_FAIL,"You have lost the duel."
MATCH_REPLAY_SUCCESS,"You have won the duel."
MATCH_INVITE_YES,"Accept"
MATCH_INVITE_NO,"Refuse"
DUEL.DUEL_RESPONSE_BUSY,"Opponent currently cannot duel."
DUEL.DUEL_REJECT,"Duel has been rejected."
DUEL.DUEL_CANCEL,"Duel has been canceled."
CONTENTS_REMAIN_TIME_DAY_HOUR,"{1} d {2} h"
CONTENTS_REMAIN_TIME_HOUR_MINUTE,"{1} h {2} m"
CONTENTS_REMAIN_TIME_MINUTE_SECOND,"{1} m {2} s"
EVENT_ITEM_PERCENTAGE,"Upon using the New Character Special Summon\nArtifact and Unique Weapon Rates are Doubled."
SYSTEM.HTTP_ERROR_RETRY,"The request has failed for the following reasons:\n{1}"
ACCOUNT_LOGIN_WITH_VESPA,"Login with King's Raid"
ACCOUNT_VESPA_CONNECT,"Connect with King's Raid"
ACCOUNT_VESPA_CONNECT_MSG,"King's Raid Login"
ACCOUNT_VESPA_CONNECTED,"Connected\nCheck Information"
ACCOUNT_VESPA_LOGIN,"Sign in with King's Raid"
ACCOUNT_VESPA_MEMBERSHIP_1,"Create your King's Raid account"
ACCOUNT_VESPA_MEMBERSHIP_2,"If you forget your password, you'll receive an e-mail with the instructions to change your password."
ACCOUNT_VESPA_FIND_PASSWORD_1,"Did you forget your password?"
ACCOUNT_VESPA_FIND_PASSWORD_2,"Enter the e-mail address you used to create your King's Raid account and you will receive a temporary password in your e-mail.\n＊You can change your password from [Settings] in the game."
ACCOUNT_VESPA_CHANGE_PASSWORD,"Change Password"
ACCOUNT_EMAIL,"E-mail"
ACCOUNT_PASSWORD,"Password"
ACCOUNT_PASSWORD_CONFIRM,"Confirm Password"
ACCOUNT_PASSWORD_NEW,"Enter New Password"
ACCOUNT_PASSWORD_OLD,"Enter Old Password"
ACCOUNT_PASSWORD_ISSUE,"Send Temporary Password"
ACCOUNT_FIND_PASSWORD,"Find Password"
ACCOUNT_LOGIN,"Log In"
ACCOUNT_JOIN,"Register"
ACCOUNT_LOGIN_ERROR_EMAIL,"The e-mail you entered wasn't registered.\nPlease check your e-mail address."
ACCOUNT_LOGIN_ERROR_PW,"The password is incorrect.\nIf you don't remember your password, please tap Find Password."
ACCOUNT_JOIN_SUCCESS,"Welcome to King's Raid.\nYour User ID is [3657ec]{1}[-].\n＊If forgot your Email, you can retrieve it using your User ID."
ACCOUNT_JOIN_ERROR_EMAIL,"The e-mail format is incorrect.\nPlease check your e-mail address."
ACCOUNT_JOIN_ERROR_PW,"The passwords don't match.\nPlease check your password."
ACCOUNT_FIND_ERROR_EMAIL,"The e-mail hasn't been registered."
ACCOUNT_ERROR_OLD_PW,"The old password is incorrect."
ACCOUNT_ERROR_NEW_PW,"The new passwords don't match.\nPlease check your password."
ACCOUNT_CHANGE_PW,"Would you like to change your password?"
ACCOUNT_FIND_EMAIL,"Find your e-mail"
ACCOUNT_VESPA_FIND_EMAIL_1,"Did you forget your King's Raid account?"
ACCOUNT_VESPA_FIND_EMAIL_2,"Enter your game ID and we'll find your King's Raid account.\n＊You can find your game ID by checking the screenshot that was taken when you registered or by going to [Settings] in the game."
ACCOUNT_EMAIL_CONFIRM,"Find your King's Raid account"
ACCOUNT_FIND_EMAIL_SUCCESS,"Your King’s Raid account:\n[3657ec]{1}[-]"
ACCOUNT_FIND_ERROR_AID,"The game ID does not exist or was not registered for King's Raid."
ID_CREATION_AFTER_PUSH_LOCALTEXT,"Login now to for huge rewards!"
RECOMMENDED_DEALER_LIMITED_PACKAGE_AFTER_PUSH_LOCALTEXT1,"Recommended Dealer Limited Package is here!"
RECOMMENDED_DEALER_LIMITED_PACKAGE_AFTER_PUSH_LOCALTEXT2,"Recommended Dealer Limited Package sale is about to end!"
INVENTORY.INVENTORY_ENOUGH_CRAFT_MSG_NEW,"You need {2} more {1}.\nDo you want to move to the Craft tab?"
CRAFT_ITEMCOMPONENT_NECESSARY,"Required number: {1}"
CRAFT_ITEMCOMPONENT_UNAVAILABLE,"There is no Crafting Slot available."
INVENTORY.INVENTORY_LACK,"Not enough {1}."
LOGIN_CONNECT_FACEBOOK,"Connect with Facebook"
LOGIN_CONNECT_GOOGLE,"Connect with Google"
LOGIN_CONNECT_GAMECENTER,"Connect with Game Center"
LOGIN_CONNECTED,"Connected"
LOGIN_GOOGLE_PLAY_SIGNOUT,"Google Play Games\nSign-out"
LOGIN_GOOGLE_PLAY_SIGNIN,"Google Play Games\nSign-in"
LOGIN_GOOGLEPLAY_SERVICE_LOGIN,"Google Play Game Service Login"
LOGIN_FACEBOOK_LOGIN,"Facebook Login"
LOGIN_GAMECENTER_LOGIN,"Game Center Login"
