KEY,Korean
LOADING_TEXT_CURRENCY_GOLD,스테이지 플레이 및 미션 클리어 등으로\n얻을 수 있는 기본 화폐입니다.
LOADING_TEXT_CURRENCY_GOLD2,상품 구입 및 스킬의 성장 등\n각종 컨텐츠 이용에 필요해요!
LOADING_TEXT_CURRENCY_GEM,"킹스레이드의 캐시포인트 입니다.\n각종 특수 컨텐츠에 사용되니, 아껴쓰세요!"
LOADING_TEXT_CURRENCY_GEM2,프리미엄 상점에서 절찬 판매 중!
LOADING_TEXT_CURRENCY_GEM3,출석 및 각종 미션 보상으로 얻을 수 있어요!
LOADING_TEXT_CURRENCY_STAMINA,스테이지에 따라 플레이 시\n일정량의 스태미너가 소모됩니다.
LOADING_TEXT_CURRENCY_STAMINA2,소모된 스태미너는 일정시간이 흐르면\n1포인트씩 충전됩니다.
LOADING_TEXT_CURRENCY_STAMINA3,스태미너의 최대량은 팀 레벨이 상승 되면\n일정량씩 증가합니다.
LOADING_TEXT_CURRENCY_SWORD,결투장에서 타 유저와 대전할 때 쓰이는 자원이에요!\n시간이 흐르면 자동으로 채워져요!
LOADING_TITLE_HERO_CONTENT_HEROSETTING,파티 설정은 어떻게?
LOADING_TEXT_HERO_CONTENT_HEROSETTING,"킹스레이드는 최대 네 명의 영웅으로 이루어진 파티로 전투를 진행합니다. 영웅의 클래스에 맞게 전위와\n후위가 결정되며, 클래스가\n중복되어도 파티를 짤 수 있습니다."
LOADING_TITLE_HERO_CONTENT_SKILL,영웅이 가진 스킬
LOADING_TITLE_HERO_CONTENT_UPGRADESKILL,스킬을 강화하라!
LOADING_TEXT_HERO_CONTENT_UPGRADESKILL,습득한 스킬은 더욱 강력한 스킬로\n강화 할 수 있습니다.\n골드를 사용하여 영웅의 레벨에 맞게\n스킬을 강화해보세요.
LOADING_TITLE_HERO_CONTENT_EQUIPMENT,장비를 갖추자!
LOADING_TEXT_HERO_CONTENT_EQUIPMENT,"클래스에 맞는 장비를 장착시켜보세요.\n무기와 방어구, 보조장비와 장신구를 장착하면\n더욱 강해진 영웅을 만날 수 있습니다."
LOADING_TITLE_HERO_CONTENT_EQUIPMENTTYPE,장비의 종류는?
LOADING_TEXT_HERO_CONTENT_EQUIPMENTTYPE,"무기는 대검, 창, 단검, 활, 총, 마법봉 등 6가지로 구성되어 있고(마법사와 사제는 상호호환), 방어구와 보조장비는 중갑, 경갑, 로브 등 3가지로 구성되어 있습니다."
LOADING_TITLE_HERO_CONTENT_EQUIUPGRADE,장비 강화!
LOADING_TEXT_HERO_CONTENT_EQUIUPGRADE,다양한 재료를 사용하여 무기를 강화하세요.\n높은 등급의 재료를 사용할수록\n더 높은 효율의 강화가 가능합니다.
LOADING_TITLE_HERO_CONTENT_RUNETPYE,룬의 종류
LOADING_TEXT_HERO_CONTENT_RUNETPYE,"룬은 특성에 따라 공격형, 방어형, 보조형\n3가지 룬으로 구성되어 있습니다."
LOADING_TITLE_HERO_CONTENT_RUNE,룬의 색상 별 효과
LOADING_TEXT_HERO_CONTENT_RUNE,"공격형인 적색 룬은 무기에만 장착 가능하고, 방어형인 청색 룬은 방어구에만 장착 가능하며, 보조형인 녹색 룬은 보조장비에만 장착 가능한 점, 유의해두세요."
LOADING_TITLE_CONTENT_PARTYDUNGEON,친구와 함께 하는 던전!
LOADING_TEXT_CONTENT_PARTYDUNGEON,"파티 던전은 강력한 몬스터들이 등장합니다.\n친구와 함께 파티를 맺고 도전하세요.\n파티를 맺지 않은 상태로는 입장이 불가능 하다는 점, 기억해두세요!"
LOADING_TITLE_CONTENT_HALLOFHEROES,각성의 장소
LOADING_TEXT_CONTENT_HALLOFHEROES,"영웅의 전당은 영웅의 내면에 존재하는 어둠을\n물리치고 각성에 필요한 재료를 획득할 수 있는 시련의 방과, 시련의 방에서 얻은 재료를 정화하여 각성에\n이르게 할 수 있는 정화의 방으로 구성되어 있습니다."
LOADING_TITLE_CONTENT_ROOMOFORDEAL,시련의 방
LOADING_TEXT_CONTENT_ROOMOFORDEAL,시련의 방은 영웅을 각성시키는데 필요한\n“봉인된 어둠”을 획득할 수 있는 유일한 장소입니다.
LOADING_TITLE_CONTENT_ROOMOFORDEAL_ENTRY,"시련의 방, 봉인문을 열다."
LOADING_TEXT_CONTENT_ROOMOFORDEAL_ENTRY,시련의 방에 입장하기 위해서는 클래스 별로 각각\n3종류의 파편을 일정 개수 수집해야 합니다.  충분한 파편이 모였다면 봉인을 해제하세요! 한번 열린 문은 시련의 방을 클리어 할 때 까지 닫히지 않습니다.
LOADING_TITLE_CONTENT_ROOMOFPURIFICATION,정화의 방
LOADING_TEXT_CONTENT_ROOMOFPURIFICATION,정화의 방은 “봉인된 어둠”을 정화하는 공간입니다.
LOADING_TITLE_CONTENT_ROOMOFPURIFICATION_ENTRY,"정화의 방, 입장 조건"
LOADING_TEXT_CONTENT_ROOMOFPURIFICATION_ENTRY,시련의 방을 클리어 하고 ”봉인된 어둠”을 획득한\n영웅들은 정화의 방에 입장 가능합니다.
LOADING_TITLE_CONTENT_ROOMOFPURIFICATION_OFFERING,정화 준비
LOADING_TEXT_CONTENT_ROOMOFPURIFICATION_OFFERING,"정화를 진행하기 위해서 많은 양의 골드가 필요합니다.\n충분한 골드를 모은 뒤, 정화를 시작해보세요."
LOADING_TITLE_CONTENT_CITY,수도 오르벨
LOADING_TEXT_CONTENT_CITY,"오르벨리아 왕국의 수도, 오르벨은 영웅에게\n필요한 다양한 기능 및 컨텐츠를 제공합니다. 마을을\n돌아다니면서 상점, 지하 감옥, 결투장 등의\n다양한 기능과 컨텐츠를 체험해보세요!"
LOADING_TITLE_CONTENT_SHOP,상점을 이용하세요!
LOADING_TEXT_CONTENT_SHOP,"상점에는 다양한 물건들이 구비되어 있습니다.\n무기부터 방어구, 보조장비, 기술책, 심지어 파편까지!"
LOADING_TITLE_CONTENT_SHOP_SOLDOUT,상점 상품이 품절이라고?!
LOADING_TEXT_CONTENT_SHOP_SOLDOUT,"물건을 너무 많이 구매해서 재고가 없다고요?\n걱정하지 마세요. 루비를 사용하여 목록 갱신 버튼을 클릭하면 새로운 물건\n리스트를 바로 확인 가능합니다.\n또한, 시간마다 지속적으로 갱신되는 상점 리스트를\n자주 확인해보세요."
LOADING_TITLE_CONTENT_UNDERGROUNDDUNGEON,으스스한 지하 감옥
LOADING_TEXT_CONTENT_UNDERGROUNDDUNGEON,"지하 감옥은 요일 마다 새로운 몬스터를 상대할 수\n있는 던전입니다. 난이도 별로 강력한 몬스터들이\n영웅들을 기다리고 있으니, 만반의 준비를 갖추고\n가시길 권장합니다."
LOADING_TITLE_CONTENT_UNDERGROUNDDUNGEON_REWARD,지하 감옥의 보상
LOADING_TEXT_CONTENT_UNDERGROUNDDUNGEON_REWARD,지하 던전을 클리어하면\n보다 많은 기술책들을 수집 가능합니다.
LOADING_TEXT_HERO_INTRO_TITLE1,성검의 용사\n카셀
LOADING_TEXT_HERO_INTRO_COMMENT1,길을 비켜! 우리는 가야만 한다고!\n비키지 않겠다면... 이 검으로 베어낼 뿐이다!
LOADING_TEXT_HERO_INTRO_TITLE2,빛의 사제\n프레이
LOADING_TEXT_HERO_INTRO_COMMENT2,그건 안돼요! 살아 있다는 건 축복이에요.\n그들에게 해를 끼치려는 마왕이라니\n절대 용납할 수 없어요!
LOADING_TEXT_HERO_INTRO_TITLE3,염옥의 마법사\n클레오
LOADING_TEXT_HERO_INTRO_COMMENT3,비켜봐. 카셀. 내 불꽃으로 태워버릴거야.
LOADING_TEXT_HERO_INTRO_TITLE4,신속의 암살검\n로이
LOADING_TEXT_HERO_INTRO_COMMENT4,나는 내 할 일을 하고 있을 뿐이야.
LOADING_TEXT_HERO_INTRO_TITLE5,혹한의 바바리안 전사\n가우
LOADING_TEXT_HERO_INTRO_COMMENT5,말이 나온 김에 말인데…\n한번 실력을 테스트 해봐도 될까?
LOADING_TEXT_HERO_INTRO_TITLE6,드워프의 왕\n필롭
LOADING_TEXT_HERO_INTRO_TITLE7,핸드캐논의 사냥꾼\n라크락
LOADING_TEXT_HERO_INTRO_COMMENT7,"한번 해보자는 거로구만, 킥킥킥.\n날 보통 고블린이라고 착각하면 곤란하지...\n자자, 덤벼보라고!"
LOADING_TEXT_HERO_INTRO_TITLE8,벼락의 주술사\n카울라
LOADING_TEXT_HERO_INTRO_COMMENT8,"크으… 이런 곳에서 죽을까 보냐!\n나는 하늘바람 부족을 버리지 않는다!\n정령들이여, 내게 힘을!"
LOADING_TEXT_HERO_INTRO_TITLE9,매혹적인 악마\n에피스
LOADING_TEXT_HERO_INTRO_COMMENT9,헤에~ 맛있어 보이는 녀석인걸?\n조각조각 잘라내고 싶어지잖아.
LOADING_TEXT_HERO_INTRO_TITLE10,바람을 찢는 화살\n셀레네
LOADING_TEXT_HERO_INTRO_COMMENT10,어서 검을 꺼내십시오.\n우리 숲의 엘프들은 무방비의 사람을 쏠 만큼\n비겁하지 않습니다.
LOADING_TEXT_HERO_INTRO_TITLE11,타락한 마녀\n마리아
LOADING_TEXT_HERO_INTRO_TITLE12,저주받은 해적 여제\n미르르
LOADING_TEXT_HERO_INTRO_TITLE13,엘리도라의 대현자\n로레인
LOADING_TEXT_HERO_INTRO_TITLE14,용맹의 비스트마스터\n마야
LOADING_TEXT_HERO_INTRO_TITLE15,철벽의 수호기사\n클라우스
LOADING_TEXT_HERO_INTRO_COMMENT15,말 잘 했어. 카셀. 내가 모두를 지켜주겠어!
LOADING_TEXT_HERO_INTRO_TITLE16,영혼의 인도자\n레피
LOADING_TEXT_HERO_INTRO_TITLE17,그림자 속의 사냥꾼\n디마엘
LOADING_TEXT_HERO_INTRO_TITLE18,섬광의\n레이나
LOADING_TEXT_HERO_INTRO_TITLE19,빙룡의 마법사\n파벨
LOADING_TEXT_HERO_INTRO_TITLE20,강철의 요새\n데미아
LOADING_TEXT_HERO_INTRO_TITLE21,바람의 격투가\n네일라
LOADING_TEXT_HERO_INTRO_TITLE22,혹한의 저격수\n로지나
LOADING_TEXT_HERO_INTRO_TITLE23,악마의 불꽃\n모라
LOADING_TEXT_HERO_INTRO_TITLE24,신성한 건달\n보두앵
LOADING_TEXT_HERO_INTRO_TITLE25,순백의 시신\n제인
LOADING_TEXT_HERO_INTRO_TITLE26,보라빛의 소공녀\n아이샤
LOADING_TEXT_HERO_INTRO_TITLE27,영원의 서기관\n레오
LOADING_TEXT_HERO_INTRO_TITLE28,흩날리는 검\n플루스
LOADING_TEXT_HERO_INTRO_TITLE29,달빛의 아이\n루나
LOADING_TEXT_HERO_INTRO_TITLE30,성스러운 물의 무녀\n라이아스
LOADING_TEXT_HERO_INTRO_TITLE31,고결한 화살\n아르크
LOADING_TEXT_HERO_INTRO_TITLE3_TEMPORARILY1,염옥의 마법사
LOADING_TEXT_HERO_INTRO_TITLE3_TEMPORARILY2,클레오
LOADING_TEXT_HERO_INTRO_TITLE32,주홍빛의 고귀한 핏줄\n레위시아
LOADING_TEXT_HERO_INTRO_TITLE33,차원을 가르는 검\n닉스
LOADING_TEXT_HERO_INTRO_TITLE34,왕궁 마도공학자\n아네트
LOADING_TEXT_HERO_INTRO_TITLE35,전장의 은빛 늑대\n미트라
LOADING_TEXT_HERO_INTRO_TITLE36,루아의 심판자\n리카르도
LOADING_TEXT_HERO_INTRO_TITLE37,침묵의 칼날\n타냐
LOADING_TEXT_HERO_INTRO_TITLE38,저주받은 피\n에제키엘
LOADING_TEXT_HERO_INTRO_TITLE39,유혹을 담은 바람\n카산드라
LOADING_TEXT_HERO_INTRO_TITLE40,충의의 기사\n테오
LOADING_TEXT_HERO_INTRO_TITLE41,위험해 보이는 의료인\n메디아나
LOADING_TEXT_HERO_INTRO_TITLE42,영생의 시계술사\n오디
LOADING_TEXT_HERO_INTRO_TITLE43,악마포식자\n비스카
LOADING_TEXT_HERO_INTRO_TITLE44,강철의 시종\n프리실라
LOADING_TEXT_HERO_INTRO_TITLE45,드래곤 슬레이어\n얀느
LOADING_TEXT_HERO_INTRO_TITLE46,모래폭풍의 왕자\n자피르
LOADING_TEXT_HERO_INTRO_TITLE47,신비의 재단사\n유리아
LOADING_TEXT_HERO_INTRO_TITLE49,운명의 길잡이\n오펠리아
LOADING_TEXT_HERO_INTRO_TITLE50,독의 만물상인\n레퀴나
LOADING_TEXT_HERO_INTRO_TITLE51,태양의 수호자\n아셀리카
LOADING_TEXT_HERO_INTRO_TITLE52,징벌의 탄환\n크로우
LOADING_TEXT_HERO_INTRO_TITLE53,저주의 그릇\n샤밀라
LOADING_TEXT_HERO_INTRO_TITLE54,사랑스러운 악령\n라브릴
LOADING_TEXT_HERO_INTRO_TITLE55,심연의 그림자\n세리아
LOADING_TEXT_HERO_INTRO_TITLE56,끝없는 갈증\n에르제
LOADING_TEXT_HERO_INTRO_TITLE57,바다와 폭풍의 딸\n릴리아
LOADING_TEXT_HERO_INTRO_TITLE58,오아시스의 무희\n라우디아
LOADING_TEXT_HERO_INTRO_TITLE59,축복의 성자\n루시아스
LOADING_TEXT_HERO_INTRO_TITLE60,철혈의 감찰관\n크리샤
LOADING_TEXT_HERO_INTRO_TITLE61,칠흑의 오만\n네락시스
LOADING_TEXT_HERO_INTRO_TITLE62,백은의 신뢰\n스칼렛
LOADING_TEXT_HERO_INTRO_TITLE63,푸른빛의 폭풍\n소니아
LOADING_TEXT_HERO_INTRO_TITLE64,광휘의 여제\n아르테미아
LOADING_TEXT_HERO_INTRO_TITLE65,푸른빛을 섬기는 자\n미리안느
LOADING_TEXT_HERO_INTRO_TITLE66,환상의 선율\n시아
LOADING_TEXT_HERO_INTRO_TITLE67,고대문명의 정수\n카라
LOADING_TEXT_HERO_INTRO_TITLE68,어둠을 삼키는 눈\n니아
LOADING_TEXT_HERO_INTRO_TITLE69,환술의 도박사\n에스커
LOADING_TEXT_HERO_INTRO_TITLE70,정의의 붉은 바람\n세실리아
LOADING_TEXT_HERO_INTRO_TITLE71,적주의 정묘\n키르제
LOADING_TEXT_HERO_INTRO_TITLE73,Type. 0\n체이스
LOADING_TEXT_HERO_INTRO_TITLE75,호수의 현자\n다카리스
LOADING_TEXT_HERO_INTRO_TITLE78,파괴의 검\n베른헤임
LOADING_TEXT_HERO_INTRO_TITLE87,제국의 방패\n글렌위스
LOADING_TEXT_HERO_INTRO_TITLE90,대부호를 꿈꾸는 소녀\n메이
LOADING_TEXT_HERO_INTRO_TITLE91,아레나의 맹수\n글라디
LOADING_TEXT_HERO_INTRO_TITLE92,통찰의 눈\n베로니카
LOADING_TEXT_HERO_INTRO_TITLE93,신뢰의 수문장\n로만
LOADING_TEXT_HERO_INTRO_TITLE94,영웅의 요리사\n유노
LOADING_TEXT_HERO_INTRO_TITLE95,잔혹의 간수장\n니키
LOADING_TEXT_HERO_INTRO_TITLE96,순수의 바람\n도자르타
LOADING_TEXT_HERO_INTRO_TITLE97,포화의 교관\n하누스
LOADING_TEXT_HERO_INTRO_TITLE98,불멸의 신왕\n카인
LOADING_TEXT_TIP_1,스태미나는 일정 시간마다 계속 회복됩니다.
LOADING_TEXT_TIP_2,전투를 최초 클리어 한 지역에서는 일정량의 루비를 획득할 수 있습니다.
LOADING_TEXT_TIP_3,지하감옥의 열쇠는 매일 3개씩 충전됩니다.
LOADING_TEXT_TIP_4,"팀 레벨 경험치는 영웅 구매, 영웅 성장, 전투 등으로 획득 할 수 있습니다."
LOADING_TEXT_TIP_5,"장비는 일반, 고급, 희귀, 영웅, 전설 등급의 순서로 성능과 가치가 상승합니다."
LOADING_TEXT_TIP_6,"장비에 표시된 별이 많아 질 수록, 장비의 성능과 가치가 상승합니다."
LOADING_TEXT_TIP_7,장비를 분해하면 장비의 옵션을 강화하는데 필요한 마법가루를 획득 할 수 있습니다.
LOADING_TEXT_TIP_8,"동일한 장비가 2개 이상 있다면, 장비 각성을 이용 해 보세요."
LOADING_TEXT_TIP_9,아이템 등급에 따라 최대 강화 수치가 고정되어 있습니다.
LOADING_TEXT_TIP_10,장비 옵션을 강화하면 장비에 부여 된 옵션이 일정한 수치로 상승합니다.
LOADING_TEXT_TIP_11,전용 무기는 영웅의 현재 레벨 만큼 강화 할 수 있습니다.
LOADING_TEXT_TIP_12,시련의 방은 한번 열어두면 클리어 할 때까지 언제든지 입장 할 수 있습니다.
LOADING_TEXT_TIP_13,기술서는 지하감옥에서 가장 많이 획득 할 수 있습니다.
LOADING_TEXT_TIP_14,고대 왕실 금고의 열쇠는 매일 3개씩 충전됩니다.
LOADING_TEXT_TIP_15,고대 왕실 금고에서는 많은 양의 골드를 획득할 수 있습니다.
LOADING_TEXT_TIP_16,기타 메뉴의 게임 설정에서 전투 옵션을 변경할 수 있습니다.
LOADING_TEXT_BROADCAST_WAITING,방송 준비중 입니다.\n잠시만 기다려 주세요!
LOADING_TEXT_HERO_CONTENT_LEVELUP,"스테이지를 클리어하면, 경험치를 획득해\n레벨이 오릅니다! 스테이지 클리어에 실패 시\n아무것도 얻을 수 없으니 주의하세요!"
LOADING_TEXT_HERO_CONTENT_SKILL,스킬을 사용해 전투를 유리하게 이끌어 가세요!\n스킬 사용에 필요한 마나는 스킬마다 달라요~!
LOADING_TEXT_HERO_CONTENT_SKILL2,마나 포인트를 이용해 \n직접 사용할 수 있는 스킬입니다.
LOADING_TEXT_HERO_CONTENT_SKILL4,전투중 지속적으로 작용하는 스킬이에요!
LOADING_TEXT_HERO_AWAKENING2,코스튬이 바뀌고 스테이터스가 대폭 상승합니다!\n최대 ★5 까지 각성이 가능해요!
LOADING_TEXT_HERO_EQUIP_ENHANCE,"필요없는 장비를 재료로, 장비를 강화하세요!\n일반은 3단계, 고급은 5단계, 희귀는 10단계,\n영웅은 15단계, 전설은 20단계까지 강화할 수 있어요."
LOADING_TEXT_HERO_SKILL,"영웅의 스킬은 골드를 지불하여 상승시킬 수 있어요!\n단, 영웅의 레벨 까지만 (최대 100레벨) 상승이 가능하니\n영웅의 레벨이 오르면, 스킬의 레벨도 꼼꼼하게 업업!\n시켜주세요!"
LOADING_TEXT_DIFFICULTY,"월드맵 전투지역은 Easy, Normal, Hard, Hell 난이도로 구성되어 있습니다."
NONBATTLE_COMMON_LOADING_TIP_1,"영웅의 획득/각성, 스태미나 소모, 퀘스트/업적 완료 등으로 팀 레벨을 올릴 수 있습니다."
NONBATTLE_COMMON_LOADING_TIP_2,상급던전에서는 각성에 필요한 재료인 파편을 획득할 수 있습니다.
NONBATTLE_COMMON_LOADING_TIP_3,영웅들에게는 고유한 능력을 지닌 전용장비들이 있습니다.\n전용무기와 전용보물을 통해 영웅들을 강하게 만들어 주세요!
NONBATTLE_COMMON_LOADING_TIP_4,시나리오 퀘스트를 진행하면 다양한 보상을 획득할 수 있습니다.
NONBATTLE_COMMON_LOADING_TIP_5,"길드에 가입해 길드 레이드, 길드 토벌전, 길드전 등의 컨텐츠도 즐기고,\n길드원을 위한 다양한 혜택도 가져가세요!"
NONBATTLE_COMMON_LOADING_TIP_6,더 강해지고 싶으신가요?\n강화와 각성을 통해 장비의 능력을 끌어올릴 수 있습니다.
NONBATTLE_COMMON_LOADING_TIP_7,도전의 탑에 올라보세요!\n유물 아이템을 만들기 위한 재료를 얻을 수 있습니다.
NONBATTLE_COMMON_LOADING_TIP_8,왕성 지하 미궁에서는 기억의 조각을 얻을 수 있습니다.\n전용 보물을 획득하고 싶다면 도전해 보세요!
NONBATTLE_COMMON_LOADING_TIP_9,전설장비가 필요하다면 레이드에 도전하세요! 더 강해지기 위한 다양한 장비들이 준비되어 있습니다.
NONBATTLE_COMMON_LOADING_TIP_10,초월을 위한 정수가 부족하신가요?\n시련의 탑을 클리어해보세요!
NONBATTLE_COMMON_LOADING_TIP_11,영웅의 여관에서 새로운 영웅을 영입할 수 있습니다.\n방문한 영웅들과 우호도를 쌓아보세요!
NONBATTLE_COMMON_LOADING_TIP_12,"8인 덱을 구성하여 월드보스에 도전하고, 랭킹에 따른 보상을 획득하세요!"
NONBATTLE_COMMON_LOADING_TIP_13,슬롯이 있는 장비에는 룬을 장착할 수 있습니다.\n영웅에게 필요한 능력을 룬으로 보강해주세요!
NONBATTLE_COMMON_LOADING_TIP_14,"챕터 전투 클리어시 모든 영웅이 생존한 상태라면 별 3개를, 한 명의 영웅이 쓰러졌다면 별 2개를,\n두 명 이상의 영웅이 쓰러졌다면 별 1개를 획득합니다."
NONBATTLE_COMMON_LOADING_TIP_15,"명예의 기록실에서는 결투장, 월드보스, 길드 토벌전의 랭킹을 확인할 수 있습니다."
CHAPTER1_COMMON_LOADING_STORY_1,원정을 떠난 형을 찾아 카셀과 프레이는 길을 떠납니다.
CHAPTER2_COMMON_LOADING_STORY_1,카셀은 성검의 주인. 그 무게를 견뎌내야합니다.
CHAPTER3_COMMON_LOADING_STORY_1,"갈등과 불신은 카셀 일행의 앞을 막아섰고, 카셀 일행은 그것을 이겨내야 합니다."
CHAPTER4_COMMON_LOADING_STORY_1,카셀 일행은 자신의 내면과 마주하게됩니다. 그것은 감추고 싶었던 나의 어둠. 
CHAPTER5_COMMON_LOADING_STORY_1,너무나도 지키고 싶었던 의지가 절망이 되었을 때의 모습을 카셀 일행은 마주하게 됩니다.
CHAPTER6_COMMON_LOADING_STORY_1,신비함 가득한 이 사막에서 카셀 일행은 또 한번 성장합니다. 
CHAPTER7_COMMON_LOADING_STORY_1,"잃어버린 슬픔과, 고통. 눈앞에 나타난 상황에 카셀은 아무것도 하지 못했습니다."
CHAPTER8_COMMON_LOADING_STORY_1,성검의 주인으로써 한발자국 내딛는 다는 것은 누구보다 강인한 의지가 필요하다는 것.. 그리고.. 
CHAPTER9_COMMON_LOADING_STORY_1,아끼고 사랑하는 이 사람들의 미소를 위해.. 카셀은..
ORDEAL_COMMON_LOADING_TIP_1,내면의 어둠과 싸워 승리하세요!
ORDEAL_COMMON_LOADING_TIP_2,시련의 방 전투에 승리하면 정화의 방에서 각성을 진행할 수 있습니다.
ROYALDUNGEON_LOADING_TIP_1,왕실 금고를 이용할 때는 골드 부스터를 활용하세요!
ROYALDUNGEON_LOADING_TIP_2,왕실금고에서는 대량의 골드를 획득할 수 있습니다.\n더 높은 층에 도전해 더 많은 골드를 획득하세요!
ROYALDUNGEON_LOADING_STORY_1,로만은 홀로 이곳을 지키고 있습니다.\n그는 매일 나무조각상을 깎습니다.
ROYALDUNGEON_LOADING_STORY_2,오르벨에서 가장 정직하고 신뢰받는 자만이 이 왕실금고를 지킬 수 있습니다.
ROYALDUNGEON_LOADING_STORY_3,"왕가의 막대한 부의 원천이기도 하나,\n이것으로 인해 많은 이들이 왕가를 위협하기도 합니다."
ROYALDUNGEON_LOADING_STORY_4,그 누가 이것을 이곳에 쌓아둔 것인지는 아직도 밝혀지지 않았습니다.\n여러 추측들만 있을 뿐.
PRISON_COMMON_LOADING_TIP_1,구역 별 특성을 파악해야 클리어 할 수 있습니다.\n몬스터 특징을 꼭 확인하세요.
PRISON_COMMON_LOADING_TIP_2,영웅을 강하게 하고싶다면 스킬 특성 강화는 필수!
PRISON_COMMON_LOADING_TIP_3,지하감옥에서 획득하는 기술서를 사용하면\n영웅의 스킬을 강화할 수 있습니다.
PRISON_COMMON_LOADING_STORY_1,"지하감옥의 죄수들이 어째서 얌전한지 알고싶으면,\n니키에게 말을 걸어보도록 합시다."
PRISON_COMMON_LOADING_STORY_2,니키의 무기인 갱생의 추는 지하감옥의 평화를 가져오는데 크게 일조하였습니다.
PRISON_COMMON_LOADING_STORY_3,이 지하감옥에 들어 올 정도의 악행을 저질렀다면\n살아 나가는것은 포기하는 편이 좋습니다.
CONQUEST_COMMON_LOADING_TIP_1,토벌 전투는 각 챕터마다 매일 3회 입장 가능합니다.
CONQUEST_COMMON_LOADING_TIP_2,영웅 레벨을 빠르게 올리고 싶다면 토벌 전투를 잊지마세요!
HIDEOUT_COMMON_LOADING_TIP_1,상급 던전은 각 챕터마다 매일 3회 입장 가능합니다.
HIDEOUT_COMMON_LOADING_TIP_2,파편이 부족하다면 전리품 부스터를 활용해보세요.
HIDEOUT_COMMON_LOADING_TIP_3,파편과 정수는 영웅의 각성/초월에 사용되는 중요한 재료입니다.\n필요한 재료를 꾸준히 모아두세요!
CHALLENGETOWER_COMMON_LOADING_TIP_1,도전의 탑은 매월 1일 초기화됩니다. 잊지마세요!!
CHALLENGETOWER_COMMON_LOADING_TIP_2,도전의 큐브는 2시간마다 1개씩 충전됩니다.\n전투를 통해 유물조각을 획득하세요.
CHALLENGETOWER_COMMON_LOADING_TIP_3,유물 조각을 많이 얻고싶다면 전리품 부스터를 활용해보세요.
CHALLENGETOWER_COMMON_LOADING_TIP_4,유물 조각 1000개가 모였다면 유물 복원을 해보세요!\n좋은 유물을 얻을 수 있습니다.
CHALLENGETOWER_LOADING_TIP_66F_1,고대마력 골렘은 지속적으로 주변 적들을 감전 상태로 만들며 마법 피해에 내성이 강합니다.\n상태이상 면역 또는 원거리 딜러들을 활용하세요.
CHALLENGETOWER_LOADING_TIP_67F_1,스켈레톤 토템에서는 주기적으로 많은 스켈레톤 병사들이 소환됩니다.\n광역 공격 스킬을 가진 영웅을 활용하세요.
CHALLENGETOWER_LOADING_TIP_68F_1,만티코어는 주기적으로 근접한 적에게 큰 데미지를 주는 스킬을 사용합니다.\n데미지를 무효화하는 스킬을 활용하세요.
CHALLENGETOWER_LOADING_TIP_69F_1,용머리 석상은 주기적으로 자신 전방에 적을 즉사시키는 투사체를 발사합니다.\n데미지를 무효화하는 스킬 또는 이동 스킬을 활용하세요.
CHALLENGETOWER_LOADING_TIP_72F_1,상태이상 면역 상태에서는 혹한의 전사 가우의 공격에 피해를 입지 않습니다.
CHALLENGETOWER_LOADING_TIP_73F_1,하피 여왕은 주기적으로 근접한 적을 즉사시키는 기술을 사용합니다.\n데미지를 무효화하는 스킬을 활용하세요.
CHALLENGETOWER_LOADING_TIP_74F_1,불타는 라바골렘이 소환한 라바들이 게이지를 모으게 되면 큰 마법 피해를 입게 됩니다.\n광역 공격 스킬을 가진 영웅을 활용하여 라바들을 빠르게 처치해야 합니다.
CHALLENGETOWER_LOADING_TIP_75F_1,인피라는 일정 시간이 지나면 공중에 날아올라 지속적으로 큰 광역 피해를 입힙니다.\n상태이상 기술을 활용하여 인피라를 무력화 시키세요.
CHALLENGETOWER_LOADING_TIP_76F_1,크로우는 계속해서 강력한 스킬을 시전합니다.\n지속적인 상태이상기 활용으로 크로우의 스킬 시전을 막아야 합니다.
CHALLENGETOWER_LOADING_TIP_77F_1,지옥의 등불은 자신 주변범위에 지속적으로 큰 피해를 입힙니다.\n또한 상태이상 기술을 일정 횟수 이상 맞게 되면 잠시동안 상태이상 면역 상태가 됩니다.
CHALLENGETOWER_LOADING_TIP_78F_1,미리안느의 스킬은 마법 방어력이 가장 낮은 대상을 공격합니다.\n해당되는 영웅을 지키면서 공략해보세요.
CHALLENGETOWER_LOADING_TIP_79F_1,"제국 지상군 방패병 단장은 방어력이 매우 높으며 공격을 하지 않지만,\n치명타 공격을 연속해서 맞게 되면 분노합니다."
CHALLENGETOWER_LOADING_TIP_80F_1,루시키엘은 수정의 힘을 오래 흡수 할 수록 점점 더 강해집니다.\n강력한 상태이상기로 흡수를 빠르게 저지해야 합니다.
CHALLENGETOWER_LOADING_TIP_80F_2,루시키엘은 높은 체력 회복량을 보유하고 있습니다.\n회복력 감소 효과를 활용하세요.
CHALLENGETOWER_LOADING_STORY_1,도자르타는 늘 사람들에게 좋은 유물을 만들어 주고 싶어 연습을 게을리 하지않습니다.\n덕분에 깨어진 많은 유물조각이..
CHALLENGETOWER_LOADING_STORY_2,엘프왕가는 대대로 도전의 탑을 지켜야 하는 인물들이 있습니다. 
CHALLENGETOWER_LOADING_STORY_3,인간의 시간으로 보면 까마득히 먼 시간을 탑을 홀로 지켜야 하기에\n다음 번엔 두 세명을 파견할까 생각중입니다.
CHALLENGETOWER_LOADING_STORY_4,셀레네는 종종 도자르타를 보러 도전의 탑을 방문합니다.
CHALLENGETOWER_LOADING_STORY_5,어째서 이 탑의 이름이 도전의 탑인지는 아무도 모릅니다.\n언젠가부터 그렇게 불리고 있습니다.
ORDEALTOWER_COMMON_LOADING_TIP_1,시련의 어둠 영웅들은 매우 강력합니다. 주의하세요!
ORDEALTOWER_COMMON_LOADING_TIP_2,무한의 파편은 제작을 통해 무한의 돌로 만들 수 있습니다.
ORDEALTOWER_COMMON_LOADING_TIP_3,시련의 탑은 매 주 월요일에 초기화됩니다.
ORDEALTOWER_COMMON_LOADING_STORY_1,"사실, 모두가 힐리아의 후드 안을 궁금해 합니다."
ORDEALTOWER_COMMON_LOADING_STORY_2,자신의 내면과 싸워 이긴 자만이 진정한 힘을 얻을 수 있습니다.
ORDEALTOWER_COMMON_LOADING_STORY_3,자신의 내면은 때로는 빛의 형상으로. 때로는 어둠의 형상으로 다가옵니다.
ORDEALTOWER_COMMON_LOADING_STORY_4,"스스로와의 싸움에서 길을 찾았을 때,\n비로소 영웅들은 한층 더 강해 질 수 있습니다."
DRAGONRAID_COMMON_LOADING_TIP_1,레이드 전투에서는 전설 장비를 획득할 수 있습니다.
DRAGONRAID_COMMON_LOADING_TIP_2,전설 장비를 장착할 때는 세트효과를 잊지마세요! 
DRAGONRAID_COMMON_LOADING_TIP_3,상태이상 스킬을 활용하여 상태이상 게이지를 모두 감소시키면 드래곤을 넘어뜨릴 수 있습니다. 
DRAGONRAID_COMMON_LOADING_TIP_4,드래곤 레이드에서 획득하는 드래곤 코인은 대장간에서 사용하실 수 있습니다.\n드래곤 코인으로 전설 장비 및 다양한 아이템을 구매하세요!
DRAGONRAID_COMMON_LOADING_STORY_1,용사들이 매일 싸움을 거는 바람에 용들도 많이 피곤합니다.
REDDRAGONRAID_COMMON_LOADING_TIP_1,테메레르의 불꽃은 영웅을 불태웁니다. 지속 피해를 조심하세요.
REDDRAGONRAID_COMMON_LOADING_STORY_1,테메레르는 드라기아 화산의 내부에 둥지를 틀고 세상을 지켜보던 고대의 레드 드래곤입니다.
REDDRAGONRAID_COMMON_LOADING_STORY_2,"테메레르는 용암과 화염의 힘을 다루며,\n가끔은 인간 세계에 나가 대장장이로서 그 힘을 사용했습니다."
BLUEDRAGONRAID_COMMON_LOADING_TIP_1,스칼락시아는 마법 피해에 내성을 가지고 있습니다. 
BLUEDRAGONRAID_COMMON_LOADING_TIP_2,얼음 수정을 파괴하세요! 폭발하면 매우 큰 피해를 입습니다.
BLUEDRAGONRAID_COMMON_LOADING_STORY_1,스칼락시아는 빈트란드 산맥의 끝이자 북쪽의 영구동토인\n투란다나에서 둥지를 틀고 조용히 살던 고대의 프로스트 드래곤입니다.
BLUEDRAGONRAID_COMMON_LOADING_STORY_2,"프로스트 드래곤 일족, 냉기로 가득한 스칼락시아의 육신은,\n그 기운을 억제하지 않는 한 주변의 모든 것을 얼어 붙인다고 전해집니다."
GREENDRAGONRAID_COMMON_LOADING_TIP_1,지르키노스의 맹독은 체력이 가득차면 해제됩니다.
GREENDRAGONRAID_COMMON_LOADING_TIP_2,포이즌 웜과 포이즌 해츨링을 빠르게 처리해야 합니다.
GREENDRAGONRAID_COMMON_LOADING_STORY_1,지르키노스는 갈루아 평원의 북쪽에 위치한 죽음의 늪인\n그림바인을 지배하던 고대의 포이즌 드래곤입니다.
GREENDRAGONRAID_COMMON_LOADING_STORY_2,자연친화적인 지르키노스는 특이하게도 다른 생물들과 둥지를 공유합니다.\n특히나 슬라임을 귀엽게 여겨 애지중지 기르는 괴짜 드래곤입니다.
BLACKDRAGONRAID_COMMON_LOADING_TIP_1,아르마타는 암흑 불길을 통해 원거리의 적을 약화시킵니다.
BLACKDRAGONRAID_COMMON_LOADING_TIP_2,수시로 떨어지는 아르마타의 번개에 유의하세요! 
BLACKDRAGONRAID_COMMON_LOADING_STORY_1,아르마타는 애로뷔나 해안 남쪽의 유적지인\n애셴피크의 폭군으로 군림하는 고대의 블랙 드래곤입니다.
BLACKDRAGONRAID_COMMON_LOADING_STORY_2,"아르마타의 강력한 힘은 드래곤 중에서도 상당히 높은 편이지만,\n그와 동시에 그 오만함 역시 하늘을 찌릅니다."
DRAGONRAIDHARD_COMMON_LOADING_TIP_1,인챈트를 통해 장비를 강화하세요!\n인챈트 스크롤은 대장간에서 사용할 수 있습니다.
DRAGONRAIDHARD_COMMON_LOADING_TIP_2,인챈트 스크롤은 종류마다 부여할 수 있는 옵션이 다릅니다.
DRAGONRAIDHARD_COMMON_LOADING_TIP_3,매 주 레이드 미션을 클리어해서 전설 인챈트 스크롤을 획득하세요!
REDDRAGONRAIDHARD_COMMON_LOADING_TIP_1,하드모드의 테메레르는 물리 피해를 모두 블록합니다. 
REDDRAGONRAIDHARD_COMMON_LOADING_TIP_2,화염 브레스에 피해를 입으면\n타격을 통해 불길의 저주를 해제해야합니다.
BLUEDRAGONRAIDHARD_COMMON_LOADING_TIP_1,하드모드의 스칼락시아는 적을 빙결시키는 빈도가 크게 증가합니다.\n면역을 활용하세요!
BLUEDRAGONRAIDHARD_COMMON_LOADING_TIP_2,얼음 수정을 파괴하세요!\n얼음 수정은 20초 뒤 폭발하여 매우 큰 피해를 입힙니다.
GREENDRAGONRAIDHARD_COMMON_LOADING_TIP_1,지르키노스의 맹독은 체력이 가득차면 해제됩니다.
GREENDRAGONRAIDHARD_COMMON_LOADING_TIP_2,하드모드의 지르키노스는 강력한 치명타 저항력을 갖고 있습니다.\n치명타 확률을 더 높여야합니다!
BLACKDRAGONRAIDHARD_COMMON_LOADING_TIP_1,하드모드의 아르마타는 원거리 영웅에게 받는 피해가 매우 크게 감소합니다.\n근거리 영웅을 활용하세요!
BLACKDRAGONRAIDHARD_COMMON_LOADING_TIP_2,아르마타의 폭풍이 활성화되면 매우 강력한 디버프를 받습니다.\n이로운효과를 제거하여 폭풍이 활성화되지 못하도록 막아야합니다.
WORLDBOSS_COMMON_LOADING_TIP_1,힘의 결정체는 왕실 NPC 로만에게서 강력한 유물로 교환할 수 있습니다.
WORLDBOSS_COMMON_LOADING_TIP_2,매 주 월요일 마다 월드보스가 변경됩니다.\n새로운 보스에 도전하세요!
WORLDBOSS_COMMON_LOADING_TIP_3,월드보스는 전 세계 모든 유저와 경쟁합니다!
WORLDBOSS_MOUNTAIN_FORTRESS_LOADING_TIP_1,마운틴 포트리스는 마법 피해를 통해 공격해야 효과적입니다.
WORLDBOSS_MOUNTAIN_FORTRESS_LOADING_TIP_2,마운틴 포트리스가 쓰러지면 받는 피해가 크게 증가합니다. 공격하세요!
WORLDBOSS_MOUNTAIN_FORTRESS_LOADING_TIP_3,방어모드가 활성화되면 산사태 스킬을 주의해야 합니다.
WORLDBOSS_MOUNTAIN_FORTRESS_LOADING_STORY_1,"마운틴 포트리스 제작 당시, 돌덩이로만 이뤄진 모습은 상당히 화자 되었습니다."
WORLDBOSS_MOUNTAIN_FORTRESS_LOADING_STORY_2,"마운틴 포트리스가 깨어난 것은 마족침공 시, 그레이공국과 처음 전투를 할 때였습니다."
WORLDBOSS_MOUNTAIN_FORTRESS_LOADING_STORY_3,"테오가 가까스로 그레이 공국을 공격하던 마운틴 포트리스의 진로를 바꾸었으나,\n깨어난 마운틴 포트리스는 아직도  주변 산맥을 배회하며 과거 마도왕국의 땅을 순찰하고있습니다."
WORLDBOSS_MOUNTAIN_FORTRESS_LOADING_STORY_4,"마족을 막기 위해 그레이 공국에서 깨운 마운틴 포트리스였으나,\n결국 그 마운틴 포트리스로 인해 그레이 공국의 멸망이 앞당겨 졌습니다."
WORLDBOSS_PROTIANUS_LOADING_TIP_1,프로티아누스는 물리 피해를 통해 공격해야 효과적입니다.
WORLDBOSS_PROTIANUS_LOADING_TIP_2,물감옥을 탈출하기 위해 빠른 시간내에 많은 물리 피해를 입혀야 합니다. 
WORLDBOSS_PROTIANUS_LOADING_TIP_3,프로티아누스가 쓰러지면 받는 피해가 크게 증가합니다. 공격하세요!
WORLDBOSS_PROTIANUS_LOADING_STORY_1,목숨을 건 짜릿한 서핑을 원하신다면\n프로티아누스에게 부탁 해보시는것도 좋은 방법입니다.
WORLDBOSS_PROTIANUS_LOADING_STORY_2,"아틀란티스의 왕은 불멸에 가까운 물의 몸을 가졌으며,\n폭풍우를 몰며 자신의 왕국을 위협하는 자를 공격한다고 합니다."
WORLDBOSS_XANADUS_LOADING_TIP_1,쟈나두스는 심연의 핵과 함께 싸웁니다.
WORLDBOSS_XANADUS_LOADING_TIP_2,쟈나두스는 심연의 악몽 스킬을 사용할 때 핵이 노출되어 큰 피해를 입습니다.
WORLDBOSS_XANADUS_LOADING_TIP_3,쟈나두스의 회복력을 감소시키지 않으면 점점 강력해집니다.\n회복력 감소효과를 활용하세요
WORLDBOSS_XANADUS_LOADING_STORY_1,"사실, 자나두스도 말을 할 수 있습니다.\n다만 우리가 못알아 들을 뿐이죠."
WORLDBOSS_XANADUS_LOADING_STORY_2,"자나두스는 머나먼 과거, 역사에서 사라진 지하왕국에서 여신으로 떠받들어지던 존재입니다."
WORLDBOSS_XANADUS_LOADING_STORY_3,"그녀가 '여신'으로서 해왔던 일은 단 하나,\n시련을 통과하고 찾아온 신도의 소원을 들어주는 것이었습니다. "
TREASUREHOUSE_LOADING_TIP_1,"황금 짐꾼은 영웅의 공격력과 상관없이 매 공격마다 1의 데미지를 입습니다.\n빠르게, 자주 공격하는 영웅들을 적극적으로 활용하세요."
TREASUREHOUSE_LOADING_TIP_2,보물창고의 입장재화인 '황금 여왕의 금괴'는\n스태미너를 소모할 때마다 획득할 수 있는 '황금 여왕의 금가루'로 만들 수 있습니다.
LABYRINTH_COMMON_LOADING_TIP_1,왕성 지하 미궁은 매월 16일에 초기화됩니다. 다시 한번 도전하세요!
LABYRINTH_COMMON_LOADING_TIP_2,왕성 지하 미궁의 특수 효과는 초기화 될 때 마다 달라집니다.
LABYRINTH_KNIGHT_LOADING_TIP_1,수호의 미궁에서 기사는 체력이 증가하는 효과를 받습니다.\n기사를 적극적으로 활용하세요!
LABYRINTH_KNIGHT_LOADING_TIP_2,수호의 미궁은 최대 체력이 높을수록 유리합니다.
LABYRINTH_KNIGHT_LOADING_TIP_3,아군이 추방당했다면 스킬을 여러 번 사용하여 구출하세요!
LABYRINTH_WARRIOR_LOADING_TIP_1,돌격의 미궁에서 전사는 피해량이 증가하는 효과를 받습니다.\n전사를 적극적으로 활용하세요!
LABYRINTH_WARRIOR_LOADING_TIP_2,상태이상 게이지를 감소시켜 적의 한방을 무력화 시켜야합니다.
LABYRINTH_ASSASSIN_LOADING_TIP_1,기습의 미궁에서 암살자는 공격속도가 증가하는 효과를 받습니다.\n암살자를 적극적으로 활용하세요!
LABYRINTH_ASSASSIN_LOADING_TIP_2,폭탄을 든 고블린을 빠르게 처치해야 합니다!
LABYRINTH_ARCHER_LOADING_TIP_1,저격의 미궁에서 궁수는 방어관통력이 증가하는 효과를 받습니다.\n궁수를 적극적으로 활용하세요!
LABYRINTH_ARCHER_LOADING_TIP_2,저격의 미궁에서 받는 해로운 효과들은 누적되어 적용됩니다.\n해로운 효과가 누적되지 않도록 주의하세요!
LABYRINTH_ARCHER_LOADING_TIP_3,엘 로제드가 다크엘프를 소환하면 빠르게 처치해야 합니다.
LABYRINTH_MECHANIC_LOADING_TIP_1,관통의 미궁에서 기계공은 치명타 피해량이 증가하는 효과를 받습니다.\n기계공을 적극적으로 활용하세요!
LABYRINTH_MECHANIC_LOADING_TIP_2,여러 번 피해를 입히면 적이 피해반사 효과를 얻습니다.\n최대한 적은 수의 타격으로 적을 처치하세요!
LABYRINTH_WIZARD_LOADING_TIP_1,폭발의 미궁에서 마법사는 마나가 빠르게 회복되는 효과를 받습니다.\n마법사를 적극적으로 활용하세요!
LABYRINTH_WIZARD_LOADING_TIP_2,거미알은 많은 수의 거미를 지속적으로 소환합니다.\n광역 피해를 활용하세요!
LABYRINTH_PRIEST_LOADING_TIP_1,치유의 미궁에서 사제는 회복력이 증가하는 효과를 받습니다.\n사제를 적극적으로 활용하세요!
LABYRINTH_PRIEST_LOADING_TIP_2,플라플라가 소환한 맹독 구름은 형성되면 아군과 적군 모두에게 강한 피해를 입힙니다.
SUBSTORY_COMMON_LOADING_TIP_1,서브스토리를 클리어해야만 구매할 수 있는 전용 코스튬이 있습니다.
SUBSTORY_COMMON_LOADING_TIP_2,서브스토리 보상으로 주어지는 기억의 조각으로는 랜덤 전용보물 쿠폰을 만들 수 있습니다.
CHALLENGERAID_URKAK_LOADING_STORY_1,지하에 기거하는 고블린들의 타락한 왕 우르칵.\n그는 오우거급의 몸집을 가지고 태어난 변종입니다.
CHALLENGERAID_SATRIA_LOADING_STORY_1,"하피 여왕 바랄라이카의 언니, 사트리아는\n이전 여왕이자 하피 중 가장 처음 어둠의 힘을 받아들인 자입니다."
CHALLENGERAID_KERBEREN_LOADING_STORY_1,지크조차 감당하지 못했던 동족살해자. 케베른을 만나면 도망치십시오.
CHALLENGERAID_OBRIGARD_LOADING_STORY_1,"사람의 형태도, 몬스터의 형태도 아닌 이 흉측한 거대 스켈레톤은,\n거대 웜, 오우거, 트롤, 오크, 그리고 각종 몬스터의 뼈로 만들어진 괴상한 언데드입니다."
CHALLENGERAID_SITHRAEL_LOADING_STORY_1,"다크엘프의 왕, 티모렐의 호위무사였던 다크엘프 최고의 마검사인 시스라엘은\n대대로 왕가의 호위를 맡아오던 가문의 당주로, 달빛마법과 검술 양쪽에 능통한 천재였습니다."
CHALLENGERAID_GARROW_LOADING_STORY_1,가로우는 리자드맨의 변종으로 일반적인 리자드맨보다 훨씬 큰 덩치를 자랑합니다.\n그 야성의 민첩함을 조심하세요.
CHALLENGERAID_THORPE_LOADING_STORY_1,서리거인들의 장군이자 왕인 타르카스의 오른 팔인 토르페는\n다음 왕으로 추대받을 정도로 인망이 있는 카리스마의 소유자입니다.
CHALLENGERAID_KALLAX_LOADING_STORY_1,칼락스는 과거 마족전쟁 당시 악룡대장군의 오른팔이었던 악룡 전사입니다.\n그는 수많은 드래곤들을 살육하고 그 영혼을 집어삼키는 것을 즐기는 잔혹한 악마로 불리었습니다.
CHALLENGERAID_KALLAX_LOADING_STORY_2,칼락스는 드래곤을 집어삼켜 인격이 발현된 몇 안되는 악룡중에 하나입니다.
CHALLENGERAID_URKAK_LOADING_TIP_1,우르칵의 수하들은 징표가 새겨진 대상을 우선적으로 공격하기 때문에\n해당 아군을 보호하면서 광역 공격으로 수하들을 빠르게 처치해야 합니다.
CHALLENGERAID_SATRIA_LOADING_TIP_1,사트리아의 '하피의 신속함' 상태는 모든 데미지를 무효화 합니다.\n공격속도가 빠르고 타수가 많은 영웅들을 적극적으로 활용하세요.
CHALLENGERAID_KERBEREN_LOADING_TIP_1,케베른은 스킬을 사용할 때 마다 자신에게 '도살자의 분노'를 중첩시킵니다.\n5중첩이 되면 매우 강력해지므로 강력한 상태이상기를 가진 영웅들로 무력화 시키세요.
CHALLENGERAID_OBRIGARD_LOADING_TIP_1,오브리가드는 물리 면역 또는 마법 면역이 되는 악마의 두개골을 소환합니다.\n물리 / 마법 복합 파티를 구성하여 도전해보세요.
CHALLENGERAID_SITHRAEL_LOADING_TIP_1,시스라엘은 '달빛의 보호'로 인해 높은 피해 감소 효과를 받고 있지만\n상대가 스킬을 사용할 때 마다 짧은 시간 동안 약화됩니다.\n스킬을 자주 사용하는 영웅들을 적극적으로 활용하세요.
CHALLENGERAID_GARROW_LOADING_TIP_1,가로우의 '무자비한 급습'은 근접 범위에 큰 피해를 주며\n피해량에 비례하여 자신의 체력을 크게 회복합니다.\n회복력 감소 효과를 가진 영웅과 원거리 영웅들을 적극적으로 활용하세요.
CHALLENGERAID_THORPE_LOADING_TIP_1,토르페는 빙결 스킬을 다수 보유하고 있으며\n'섬멸의 폭설'을 사용할 때 보호막을 깨뜨리지 않으면 큰 피해를 입게 됩니다.\n해로운 효과 해제 스킬과 단시간에 큰 데미지를 입힐 수 있는 영웅들을 활용하세요.
CHALLENGERAID_KALLAX_LOADING_TIP_1,칼락스에 의해 '재앙의 불길' 상태가 되면 영구적으로 지속적인 피해를 입기 때문에\n빠르게 마나를 회복하여 해제해야 합니다.\n아군의 마나를 회복시킬 수 있는 영웅들을 적극적으로 활용하세요.
CHALLENGERAID_KALLAX_LOADING_TIP_2,칼락스는 자신 또는 적에게 무작위로 '악룡의 징표'를 생성시킵니다.\n징표를 해제하지 못하면 칼락스를 강화시키거나 적에게 치명적인 피해를 가합니다.\n적 이로운 효과 해제와 아군 해로운 효과를 해제할 수 있는 영웅들을 적극적으로 활용하세요.
GUILDCONQUEST_TYRFAS_LOADING_TIP_1,마법 피해를 여러 번 타격하여 티르파스의 눈사태를 막아야합니다!
GUILDCONQUEST_TYRFAS_LOADING_STORY_1,티르파스는 거북이여서 걸음이 느릴 것 같다고요?\n네. 그렇습니다.
GUILDCONQUEST_TYRFAS_LOADING_STORY_2,"티르파스는 태초에 처음으로 생겨난 땅, 영원한 대지의 신수입니다."
GUILDCONQUEST_TYRFAS_LOADING_STORY_3,"티르파스는 본래 생과 업을 관장하는 영물로서,\n지상에 살아가는 만물들의 삶을 이롭게 이끌었습니다. "
GUILDCONQUEST_TYRFAS_LOADING_STORY_4,티르파스의 중요한 힘 중 하나는\n영적 순수함을 유지한 채 죽음을 맞이할 수 있도록 돕는 것이었습니다.
GUILDCONQUEST_TYRFAS_LOADING_STORY_5,"티르파스는, 악인들이 내뿜는 온갖 더러운 기운을 과도하게 흡수하여 타락하고 말았습니다.\n내면의 평화를 잃어버린 그의 몸은 차갑게 얼어붙어 현재의 모습이 되었습니다."
GUILDCONQUEST_LAKREIL_LOADING_TIP_1,라크레일이 치명적인 부메랑을 던지기 시작하면 높은 회피율을 통해 방어해야 합니다.
GUILDCONQUEST_LAKREIL_LOADING_STORY_1,라크레일은 던진 부메랑이 돌아오지않으면 꽤나 시무룩해 합니다.
GUILDCONQUEST_LAKREIL_LOADING_STORY_2,라크레일은 말두크의 실험으로 인해 이성을 잃어버린 안타까운 리자드맨 전사입니다. 
GUILDCONQUEST_LAKREIL_LOADING_STORY_3,말두크에게 실험을 당한 라크레일은 분노를 키워갔고\n그 분노는 온전히 말두크를 향했습니다. 
GUILDCONQUEST_LAKREIL_LOADING_STORY_4,말두크는 라크레일을 제압하는데 꽤나 애를 먹어\n결국 그를 방치해버리기로 했습니다.
GUILDCONQUEST_VELKAZAR_LOADING_TIP_1,처형의 관을 빠르게 제거해야 지옥의 겁화를 막아낼 수 있습니다.
GUILDCONQUEST_VELKAZAR_LOADING_TIP_2,염옥지대에 빠진 아군을 빠르게 구해내야 합니다!
GUILDCONQUEST_VELKAZAR_LOADING_STORY_1,벨카자르는 용암의 온도가 딱 몸을 데우기 좋다고 생각합니다.
GUILDCONQUEST_VELKAZAR_LOADING_STORY_2,"가장 나이가 많은 고대 악마 중 하나이며,\n고위 마족들 사이에서도 이름이 널리 알려져 있는 공포의 대상입니다."
GUILDCONQUEST_VELKAZAR_LOADING_STORY_3,벨카자르는 자신을 거스른 자들의 영혼을 집어삼켜\n몸속에서 영원히 불태우며 괴롭히는 것을 즐기는 최악의 대악마입니다.
GUILDCONQUEST_VELKAZAR_LOADING_STORY_4,고대 서적에 의하자면 벨카자르는 과거 물질세계에 한 번 나타났었다고 합니다.
ECLIPSE_COMMON_LOADING_TIP_1,이클립스에서는 에테르를 획득할 수 있습니다.
ECLIPSE_COMMON_LOADING_TIP_2,이클립스는 다수의 팀을 사용하여 무한으로 생성되는 웨이브를 진행하는 던전입니다.
ECLIPSE_COMMON_LOADING_TIP_3,이클립스를 진행 중인 영웅은 웨이브가 진행될수록 회복력이 낮아집니다.
ECLIPSE_COMMON_LOADING_STORY_1,붉은 달의 결계에선 죽을 때까지 싸우다 쓰러지거나\n어둠의 핵을 찾아 부수는 길 이외에 생환법은 없습니다.
ECLIPSE_COMMON_LOADING_STORY_2,어둠의 핵보다 약한 어둠의 권속이 핵에 가까워지면 도리어 흡수될 가능성이 높습니다.
ECLIPSE_COMMON_LOADING_STORY_3,레위시아는 예전부터 어둠의 핵을 정화했었습니다
ECLIPSE_COMMON_LOADING_STORY_4,어둠은 태초부터 있었습니다
ECLIPSE_COMMON_LOADING_STORY_5,뱀파이어가 쓰는 힘과 마족이 쓰는 힘은 다릅니다
ECLIPSE_COMMON_LOADING_STORY_6,붉은 달의 결계 안에 보이는 달은 진짜 달이 아닙니다
ASCENSION_COMMON_LOADING_TIP_1,미지의 영혼 조각은 카인에게 가져가 영혼 감정을 받아보세요. 영혼석을 획득 할 수 있습니다.
ASCENSION_COMMON_LOADING_TIP_2,직업 별 영혼 선택권 조각을 모아서 해당 직업의 영혼석을 획득 할 수 있습니다.
ASCENSION_COMMON_LOADING_TIP_3,영혼석은 소울 웨폰의 해방과 승급에 필요한 재료입니다. 
ASCENSION_COMMON_LOADING_STORY_1,왕의 성소는 역대 사막의 왕들에게 기도를 드리는 신성한 장소로\n왕에게 선택받은 특별한 전사만이 왕과 함께 성소에 발을 들일 수 있었습니다. 
ASCENSION_COMMON_LOADING_STORY_2,사막의 용기 이메트는 가끔 털이 돌로 되어있다는걸 잊고 갈기를 손질합니다.
ASCENSION_COMMON_LOADING_STORY_3,태양의 눈 므사마의 깃털은 부드러워 보이지만 굉장히 날카로우니 다치지 않게 조심해야합니다.
ASCENSION_COMMON_LOADING_STORY_4,흐름의 사자 세크마하는 이따금 성소 바깥 오아시스에서 헤엄치는 모습이 목격되곤 합니다.
ASCENSION_COMMON_LOADING_STORY_5,"카인의 신전은 평소 사막의 모래 바람 아래에 잠들어 있지만\n카인 본인과, 카인이 인정한 사막의 후계자의 부름에만 답해 그 모습을 드러냅니다."
ASCENSION_IMET_LOADING_TIP_1,물리 방어력이 낮은 아군은 [즉결 처형] 스킬을 조심하세요!
ASCENSION_IMET_LOADING_TIP_2,이메트의 상태이상 게이지를 모두 깎으면 체력을 회복할 수 있습니다.
ASCENSION_MSAMA_LOADING_TIP_1,천공의 성물은 회복의 결계가 있을 때 피해와 해로운 효과를 받지 않습니다.
ASCENSION_MSAMA_LOADING_TIP_2,므사마의 [모래 폭풍] 스킬은 피해를 반사합니다. 조심하세요.
ASCENSION_SEKMAHA_LOADING_TIP_1,흐름의 상태에 따라 스킬 효과가 달라집니다.\n하지만 흐름을 제어하는 방법도 있으니 잘 활용해 보세요.
ASCENSION_SEKMAHA_LOADING_TIP_2,마나 보유량을 높게 유지하세요! 큰 도움이 됩니다.
ECLIPSE_COMMON_LOADING_TIP_4,이클립스 전투는 구간별로 다른 디버프를 가지고 있습니다.
ECLIPSE_COMMON_LOADING_TIP_5,이클립스 전투에서 각 보스에게 받은 저주 효과는 영원히 지속됩니다.
